player_id,player_name,position,n_forechecks,total,total_per_forecheck
5cfb433e-f489-5965-e0f1-6ccb5d7a2b2c,"Nikkanen, Henri",C,202,10.48442275140167,0.051903082927731
41628483-4877-7355-2278-bf4aca0a7017,"Teply, Michal",F,249,10.432842278080388,0.0418989649722103
add3d394-1378-64cf-5d00-dc6027bcf5bd,"Slavin, Josiah",LW,257,10.249439237074396,0.0398810865255813
69aa4743-6d37-4847-9c9e-f55a0d888150,"Weatherby, Jasper",F,207,10.243993402662218,0.049487890834117
2169a8c5-6ecd-6471-78be-1fd91f858e82,"Chibrikov, Nikita",LW,262,9.744784612580409,0.0371938343991618
efe32eee-dd5c-b72b-7da9-d193d8e04efc,"Klapka, Adam",RW,188,9.716072668443667,0.0516812375981046
af933b87-4f83-feaa-feff-6f90363db186,"Sabourin, Scott",F,234,9.33066409616364,0.0398746328895882
a498fb15-dea2-c999-7f8c-63aa786b7bb7,"Gambardella, Joseph",C,213,9.224338424007248,0.0433067531643532
c0cc293f-af8f-d0d6-d86a-65f9e3ad1df1,"Damiani, Riley",F,205,9.219987496440822,0.0449755487631259
2fcd5eda-6ffa-3088-c189-0b3342a16345,"Fortier, Gabriel",C,142,9.20658145090991,0.0648350806402106
f4d0b772-1f4e-66ba-7ed2-54024c2c659b,"Reichel, Kristian",F,251,9.017020587136884,0.0359243848093103
41273737-16e3-50f4-d08a-03a1fc11edf5,"Bourque, Mavrik",C,236,8.66950538850982,0.0367351923241941
aac0832e-8972-5a3d-7f15-1ac5c9e80727,"Shaw, Logan",F,206,8.614103056812855,0.041816034256373
6b15df6f-e4cb-a8f9-2f8f-1985efc31e8d,"Kubiak, Jeff",F,241,8.60981134717941,0.0357253582870514
9b65e913-a13d-a05b-9427-55f8feacc295,"Bitten, William",F,189,8.590102532273935,0.0454502779485393
eaf6e42d-fc9b-2620-d315-6f442cf5afa0,"Bardreau, Cole",F,248,8.503287645844532,0.0342874501848569
3df1ae9b-2aa4-e9cb-6921-02b059b862b6,"Caamano, Nicholas",RW,191,8.374890436050205,0.043847593906022
9123cf74-4ebf-4134-8942-ac14445c836b,"Todd, Nathan",F,290,8.284269370456057,0.0285664461050208
09acb688-56e4-f841-9840-99924478fb13,"Dowling, Justin",C,198,8.284012504016845,0.041838446989984
2e33542c-6735-7a9d-beb1-3911e384f921,"McDonough, Aidan",LW,209,8.236975945122044,0.0394113681584786
4f269c7a-99a5-bd2f-9bb8-5ffeec578d52,"Henriksson, Karl",C,186,8.117303572765913,0.0436414170578812
e75ad40d-06f3-a0e9-0b73-d4b75b83749f,"Koppanen, Joona",C,195,7.912565344865453,0.0405772581787972
5cee66d8-083a-7d7b-bf0f-b11fb30cbebb,"Tracey, Brayden",RW,198,7.840898774702968,0.0396004988621362
585986b6-3712-2c35-2fca-81686469bf23,"Allison, Wade",F,263,7.695957574635408,0.0292621961012753
b5213912-a849-6bc0-e07c-2b66d599713e,"Dean, Zachary",F,157,7.6671874070667005,0.0488355885800426
eae0f98c-c856-b1d8-3723-60b369cbf5c9,"Hardman, Mike",LW,194,7.381042636022005,0.0380466115258866
3aa7c517-7091-0133-341a-3abc7d3a674f,"McKenzie, Curtis",LW,180,7.307119501293205,0.0405951083405178
48ab1f72-0e6e-a7c9-0c5d-a978d9ace0fc,"Abramov, Mikhail",F,178,7.137871264777075,0.0401004003639161
c8faf786-d902-4a0e-cfdd-3326fa37b797,"Burke, Cal",F,180,7.11557246807397,0.0395309581559665
17494d44-9ff1-9cf3-5f99-cc754342c12f,"Bishop, Clark",C,171,7.0456658169492075,0.0412027240757263
1b82a2ec-e891-f657-0e2c-842e3a0fd79f,"Suess, C.J.",C,268,6.970838540356171,0.0260105915684931
db0333ab-7807-d7a0-6a75-e78b8401080d,"Fogarty, Steven",RW,274,6.929201975385242,0.0252890583043257
d9161211-1630-84bf-6d4d-423ce053cd83,"Abruzzese, Nicholas",LW,230,6.882175130124744,0.0299225005657597
8b9a3cb8-fe56-bdee-92ab-9dd83fa15593,"Asplund, Rasmus",C,229,6.847564655551028,0.0299020290635416
bc0c9735-bac9-f48e-c06b-01df0bfd052a,"Truchon-Viel, Jeffrey",LW,296,6.784699078999789,0.0229212806722965
62962656-a554-8ab3-7d7f-5669fa932604,"Goncalves, Gage",C,224,6.78415912644272,0.0302864246716192
594759ce-c137-f893-62f5-d6b5ee7db55c,"Merela, Waltteri",RW,138,6.77670325098621,0.0491065452970015
5bd9a56b-e7ed-0f23-4c35-63587ff2bd90,"Kaspick, Tanner",F,183,6.549377162741842,0.0357889462444909
6e6168a5-df29-f732-cbd8-5e5d3ccfc780,"Back, Oskar",C,201,6.434258408164821,0.0320112358615165
f7d87866-fb2a-6a94-5317-d30145102fef,"Meyer, Carson",RW,144,6.424474055758976,0.0446144031649928
bfcaa06a-42fc-68bf-aeb2-f26f3d6c02f7,"Ibragimov, Timur",LW,118,6.414625244178972,0.0543612308828726
2b318d4d-2e7b-6d8c-98a7-7d85c71436c5,"Walker, Sammy",F,286,6.402652534316028,0.0223868969731329
68314a41-fbd6-d896-fb13-c348f321b1e6,"Wedman, Matthew",LW,70,6.388001958925455,0.0912571708417922
1b0ec3d0-fbd0-112f-f859-6c6696f55dee,"Beckman, Adam",LW,234,6.285067260699413,0.0268592617978607
2f0d296c-e9df-b8b7-f0e0-a135b8802329,"Soderblom, Elmer",LW,230,6.038745204380073,0.0262554139320872
6488121e-ed37-2c24-34b7-84a6b947486c,"Carroll, Joe",LW,140,6.013529902623105,0.0429537850187364
5f6e7132-7315-97d1-1833-90ef2671c403,"Regenda, Pavol",LW,175,5.992591512530608,0.0342433800716034
5ad461c4-01e6-3090-18c9-0aa215276809,"Gushchin, Danil",F,241,5.988760215816175,0.0248496274515193
a55a9dc4-0d17-6c79-1200-0e6282e49b76,"True, Alexander",C,196,5.9402979858852865,0.030307642785129
86d443fb-d036-6a5f-adfe-abd2286c4a74,"Blandisi, Joseph",F,216,5.930913862061759,0.0274579345465822
67e1e8ce-d6e8-927b-8a0f-0eaf39b35fc6,"Pinho, Brian",F,223,5.919763080594201,0.0265460227829336
3c97dc1d-a952-5220-56df-de7a5c64c208,"Mcging, Hugh",F,199,5.897745555711305,0.0296369123402578
a792d2b1-ce98-c030-e583-39536e721171,"Clarke, Graeme",F,239,5.892921470422085,0.0246565751900505
e69dd394-c120-c096-00ba-2db135c0a1b1,"Dube, Pierrick",RW,201,5.798292774512514,0.0288472277338931
b460c5a3-506f-26e8-0bd1-3e354b96b1b5,"Sourdif, Justin",RW,195,5.786401084863136,0.0296738517172468
fc414242-12e8-6043-d405-65eef24051c1,"Olausson, Oskar",F,158,5.767220457926373,0.0365013953033314
8885b7bb-ab37-274e-de67-e4e0cb571d11,"Farinacci, John",C,216,5.740641606588982,0.0265770444749489
05017054-7f2a-ab0a-f2bf-9c685b7f0789,"Mastrosimone, Robert",LW,137,5.739648949095235,0.0418952478036148
4a330c37-6650-01f9-b5c3-76e54ed5a565,"Blumel, Matej",F,203,5.694831735870427,0.0280533583047804
29bef5a1-cfab-3a79-60d0-9389a42a0e4a,"Cassels, Cole",F,271,5.668852425292874,0.020918274632077
4140108e-fd7c-f6c9-17ed-54d6cb083bb4,"Clifford, Kyle",LW,150,5.648592614866461,0.0376572840991097
a6b4086e-956a-6a17-e22c-83858e92ef99,"Condotta, Lucas",LW,199,5.616644335621393,0.0282243433950823
ee133fc2-90e8-4f9f-b9da-0150fd7acd75,"Doan, Josh",RW,203,5.600232000789123,0.0275873497575818
befd7372-8a19-ca5a-c1db-88c82ad4500b,"Criscuolo, Kyle",C,236,5.456335979875745,0.0231200677113379
9bfe9ddc-4b06-ca9d-ed9a-9fbda2f10d8b,"Kero, Tanner",C,199,5.418476590942241,0.0272285255826243
e14d8b1e-280b-fcd3-8676-f0ec14a86d80,"Hirvonen, Roni",C,124,5.416907108209578,0.0436847347436256
cfe456f6-9907-e4df-333f-27b358f49ebc,"Rybinski, Henry",C,129,5.328848399647207,0.0413089023228465
57416be2-68df-99d1-ada5-d3b6d3ef77b0,"Lavoie, Raphael",F,197,5.326180094256436,0.0270364471789666
a642a014-b17e-3674-5214-a0c41b7836ba,"Mayhew, Gerald",C,226,5.274757387437009,0.0233396344576858
9ef6d4ec-63a9-9da3-2580-cc0bfca09b47,"Malone, Brad",C,169,5.240991057112373,0.0310117814030317
001f8fd1-bc74-2cc8-3e59-09a02532c938,"Nesterenko, Nikita",C,212,5.225088958975705,0.0246466460329042
79b63b9f-49dc-162b-951e-053b32088ce5,"Smallman, Spencer",C,140,5.224386421312802,0.03731704586652
3f1cb8fd-1aa5-5b5c-a0f1-d8dbb7756d87,"Durandeau, Arnaud",LW,174,5.205160507157268,0.0299147155583751
71bee4d1-8889-3ec6-e934-ef86eca81be9,"Walcott, Daniel",LW,167,5.197747211697429,0.0311242348005834
bc2abfcb-4444-082a-2f24-73a1a10338f5,"Biro, Brandon",F,174,5.1939638171133815,0.0298503667650194
c4ebf006-49c8-4653-9f36-08b55190b8b2,"Dufour, William",F,186,5.190603264529885,0.0279064691641391
650eabdc-aab3-679a-03a2-d086646b86b9,"Pare, Cedric",F,166,5.083773701498583,0.0306251427801119
2f46ba90-e46e-6371-ac00-07be713995a2,"Sasson, Max",C,247,5.079537707714618,0.0205649299907474
0197019c-0e19-f14e-cdab-ce4bb3630856,"Laferriere, Mathias",RW,205,5.025495040559248,0.0245146099539475
ef6ffa30-eb7b-716c-b66b-d0db438b2268,"Strome, Matthew",RW,189,5.002273905811377,0.0264670577027056
e8fea67a-8042-8fda-08b4-f058368fe357,"Bolduc, Zachary",RW,145,4.927792717806006,0.0339847773641793
e0cea5f8-086b-dec5-d799-9f09a23f8d52,"Gambrell, Dylan",C,216,4.925519030470552,0.022803328844771
a0c15a5d-c635-d29e-06a4-421921529350,"Dunne, Josh",C,94,4.907206974000574,0.0522043295106444
f01b2f76-df10-daf6-f8e2-f2a3968f6d64,"Dalpe, Zac",C,172,4.867267988766967,0.0282980697021335
d9cf213c-8aa3-ec29-2aa1-29c82ed7d5bb,"Raty, Aku",RW,176,4.863232746791223,0.0276320042431319
88e216a2-1386-7181-fda4-1819e8611ca5,"Wise, Jake",F,136,4.84739373056046,0.0356426009600033
ec19bc8b-8413-3a35-3a64-922eeb62d5a7,"Jankowski, Mark",LW,120,4.832810145956254,0.0402734178829687
31afd5bc-827c-9211-5784-f7a96764b140,"Rondbjerg, Jonas",F,184,4.792240561127557,0.0260447856583019
0ca4f9ef-7e7a-d691-6e1c-16d394e84bfe,"Baddock, Brandon",LW,175,4.790221970816979,0.027372696976097
a0555634-4279-dde8-209b-5fb7664923b9,"Wilson, Garrett",LW,211,4.670265248080534,0.0221339585217086
f4381702-541d-bbce-d4ad-9ada397f80ec,"Cracknell, Adam",F,229,4.624508999598603,0.020194362443662
95faf17f-eeab-555e-2e51-7af990402dc6,"Samoskevich, Mackie",RW,202,4.613026986461202,0.0228367672597089
60a256f4-156e-1e04-ed00-29e7b5fc2243,"Bourque, Gabriel",LW,163,4.6014536023159796,0.028229776701325
f3da2b72-e9b7-6d05-ee3e-834953f9f070,"Marody, Cooper",RW,190,4.587292916077879,0.0241436469267256
d7535706-ab13-a4e2-1b01-b80ac5ff0720,"Andonovski, Corey",RW,169,4.558406977448825,0.0269728223517681
178c4dba-943e-4f43-64ea-51402c33f28d,"Miroshnichenko, Ivan",LW,126,4.553937835304104,0.0361423637722547
499a866c-4e2f-75cc-4453-3765b766e0f0,"Thomas, Akil",F,193,4.551506775668207,0.0235829366614933
9a673947-843b-c6fd-0b7e-35c0d46cf23f,"Sokolov, Yegor",F,231,4.527365056770972,0.0195989829297444
e3640c9a-f167-a9fb-5b42-88d88654fe8a,"Lind, Kole",F,216,4.504250344668978,0.0208530108549489
5e597523-3951-4de6-6d47-6d3fe982366b,"Schneider, Cole",F,141,4.487791539962352,0.0318283087940592
9ba734ab-eb7b-f21a-f8f4-737e7fd707b8,"Desnoyers, Elliot",LW,180,4.468278189600057,0.0248237677200003
85ee3269-0c02-823e-7fe2-a1a0b0566cd7,"Chaffee, Mitchell",RW,111,4.459472956250349,0.0401754320382914
be80e6a7-4664-2ddb-bcd5-cd4e5085e1b5,"McGregor, Ryan",C,127,4.456856710827274,0.0350933599277738
3368d715-4eb3-12ac-5ca3-637be728e649,"Comtois, Maxime",F,194,4.418764497364431,0.0227771365843527
e11c278e-bb24-1555-240d-8556a7f63afb,"Sutter, Riley",C,199,4.377561077421622,0.0219977943589026
5a453d9b-d3e9-d3cf-af18-be043e9650b3,"Rempal, Sheldon",F,246,4.3733899313643505,0.0177780078510745
cce167f2-c8fd-27c9-a350-0a4931c5b132,"Megna, Jayson",C,219,4.285559816651343,0.0195687662860791
6845c1eb-216d-4366-cda0-d3c220357faf,"Del Bel Belluz, Luca",C,178,4.2819024040473534,0.0240556314834121
6d76255c-3247-8cd9-1e45-d4543ce11e86,"Hayden, John",F,198,4.231864825839716,0.0213730546759581
9d227775-ff40-8878-dbd2-b275f291952a,"Karlstrom, Fredrik",LW,208,4.2193728246573565,0.0202854462723911
58b0c680-a304-643d-ce76-6451b920519a,"Rau, Kyle",F,125,4.214956399265143,0.0337196511941211
b0ca309f-321f-7119-6c17-cf1437cc9bd8,"Elynuik, Hudson",F,155,4.2112556730986705,0.0271693914393462
8dd277fe-98ea-6fe2-f846-af1ff688112e,"Leonard, John",LW,202,4.199303998008915,0.0207886336535094
42e3b869-a651-df12-3291-53f0f3320501,"Gettinger, Timothy",LW,177,4.19219679714735,0.0236847276674991
4d3e2b74-879a-b997-e31f-715ee7403cb7,"Mersch, Michael",RW,180,4.184995178970205,0.0232499732165011
34c9b6d7-581c-e992-d276-c44d50fff88d,"Smith, Dalton",LW,180,4.178033910723585,0.0232112995040199
5ed92cf2-bc71-8b27-ceef-13805029dcbc,"Lapierre, Hendrix",C,44,4.142301053946195,0.0941432057715044
967d9997-756d-44cc-889a-8c024fc10a3c,"Robins, Tristen",F,113,4.104730757041814,0.0363250509472726
94c58fec-e597-77fa-ea7c-b64e8dec79d8,"Froese, Byron",F,223,4.100526182362022,0.0183880097863767
8f7dc0f4-ca8a-10e4-040e-574cba9e71b1,"Drew, Hunter",RW,102,4.098141287002971,0.040177855754931
3009ca76-0ff6-9da5-c8b6-6fd357f7a7e1,"McLaughlin, Marc",F,209,4.080129101286191,0.0195221488099817
a4939932-d13e-4c1e-b534-699402d2888a,"Laczynski, Tanner",F,174,4.0738079282570645,0.0234126892428566
e936a4e7-0304-42aa-1ad8-269904d96714,"Karlsson, Linus",C,243,4.057485243447373,0.0166974701376435
0e576680-d92a-8954-1c02-51bab3e6670c,"Kelemen, Milos",F,145,4.050796139353403,0.0279365250989889
0e547df4-db0d-2b34-7e18-2ad196cc9192,"Brown, Patrick",C,119,4.047100462658241,0.0340092475853633
c7554bfa-9d55-0c17-9b33-0f223ea3f85a,"Currie, Josh",F,219,3.9991607204039488,0.0182610078557257
e850e12b-4214-353a-3bbe-aad41042acd5,"Griffith, Seth",LW,180,3.9762965373190857,0.0220905363184393
3a3be5e0-324a-1af9-5d4c-39b304b8d17d,"Hebig, Cameron",C,195,3.933670915155659,0.0201726713597726
2edb2923-a2c9-13d1-fa88-d6659c99b38e,"Malott, Jeff",LW,260,3.900147234269646,0.0150005662856524
9b4ee081-3050-ae6e-ca41-47d034838030,"Dach, Colton",C,162,3.89698983479191,0.0240554928073574
03e51f3c-cfff-9ae9-5b2f-cb7e72a786cd,"Kindopp, Bryce",RW,101,3.896560167288145,0.0385798036365162
23976a10-6bbf-0e35-6025-abd653ad2dd6,"Raty, Aatu",C,289,3.876253309748235,0.0134126412102015
5b0ef27c-6a26-8323-1b85-bf91f79d76d2,"Stephens, Mitchell",F,144,3.873047964391759,0.0268961664193872
f487f33a-87b9-43cd-d79f-02dac52c3dfe,"Meireles, Greg",RW,150,3.866296226480776,0.0257753081765385
54a93710-8748-9bc6-3c84-913918590be7,"Snively, Joe",LW,206,3.851561343608111,0.0186968997262529
3081fce7-ed01-b163-8b6f-08e12202de8f,"Wright, Shane",C,175,3.81141546658662,0.0217795169519235
4772aa22-208f-44a0-8e47-0029da368b48,"Kasper, Marco",C,247,3.792557825212759,0.0153544851223188
4b82112b-52bb-febc-3fbb-b51f3d1a7dd1,"Brind'Amour, Skyler",C,152,3.779741951495246,0.0248667233651003
c49719c8-8490-01cc-e81b-91996b030e35,"Jenik, Jan",C,162,3.767275834792852,0.0232547891036595
2622a685-e219-c5e7-e7f1-d413e86d75cc,"Pitlick, Rem",LW,161,3.7628235640845658,0.0233715749322022
de965666-84cc-36f5-8129-ad04ec59d185,"Heineman, Emil",LW,166,3.743487125485534,0.022551127261961
eeb81509-6a0d-5320-8d5a-2c1e58d83af5,"Lycksell, Olle",RW,185,3.740178714787204,0.0202171822420929
cea95974-dc8a-a373-919e-beb7ff91d488,"Murray, Brett",LW,166,3.73968161965122,0.0225282025280193
d1070fa3-193d-812d-061f-555825538779,"Poturalski, Andrew",F,201,3.7370516707344006,0.0185922968693253
3a10f482-4800-bee5-3045-86b128ec6420,"Rempe, Matthew",C,143,3.714598292159065,0.0259762118332801
936ad397-0a05-0d42-2c84-a8d14ddf2971,"Kozak, Tyson",C,106,3.700980003608548,0.0349149056944202
f0eb7a58-4ead-3515-a883-490e844538f4,"Podkolzin, Vasily",RW,143,3.694627704015802,0.0258365573707398
6702a3ca-377e-db75-149b-2621c1febba3,"Belzile, Alex",F,205,3.656923706630725,0.0178386522274669
05d1d579-7092-686f-82ea-789112b87f0f,"Steeves, Alex",C,209,3.651173418005578,0.0174697292727539
af1d2155-8151-1411-7139-22b219311670,"Perreault, Jacob",RW,118,3.632710141553772,0.0307856791657099
b8541c9c-40ff-8902-1a40-af7c2916bfaa,"Geertsen, Mason",LW,204,3.595334275613687,0.0176241876255572
8928e094-1450-a2f0-bb6f-6fd697d469c4,"Terry, Chris",F,201,3.562876314137917,0.0177257528066563
0f052c34-6cd2-f4fd-a861-d9051a8e86e4,"Angle, Tyler",F,109,3.5446315811368247,0.032519555790246
4e110e5d-1ce8-74cf-5df3-63609c738785,"Gaudette, Adam",RW,255,3.525977314478715,0.0138273620175635
ac8def35-7690-efa6-0e76-cb51ada82cf5,"Koivula, Otto",C,132,3.4875038132739857,0.0264204834338938
8d839886-a557-ba77-cbae-bc2af117408e,"Teasdale, Joel",LW,233,3.4838216784184515,0.0149520243708946
9c74b325-0fa9-5486-dd3f-f6b577678042,"Pavel, Ondrej",F,173,3.469324719882482,0.0200539001149276
0fc2aec6-40be-303c-e3c0-f99a7402a6c5,"Barre-Boulet, Alex",C,67,3.4687996425854104,0.0517731289938121
9365e946-bed1-6103-1e8a-2e9ba06d1dc2,"Winterton, Ryan",C,151,3.456116458415426,0.0228881884663273
5ce2531f-d048-1233-61ba-2fc6398d8ec3,"Sgarbossa, Michael",C,131,3.4270456869137504,0.0261606540985782
5801ee51-cb4c-15b8-3d9d-757bd846feae,"Tufte, Riley",F,231,3.35731885042829,0.0145338478373519
f3124fb4-5a13-5eb9-b17e-591923ba6356,"Morrison, Logan",F,185,3.3233705877547757,0.017964165339215
08c60c80-c4d5-92b9-4f37-459db0d51fe9,"Caulfield, Judd",RW,196,3.3166763070593444,0.0169218178931599
fc27738e-0887-ed94-4db2-89b7229b368c,"Barron, Travis",LW,211,3.30623533914416,0.0156693617968917
9b9236f2-e096-ef85-f4a8-1e2d657d99a2,"Legare, Nathan",RW,153,3.2799607841453247,0.0214376521839563
34f46eb8-532d-889d-33f8-51b226bd083d,"Vecchione, Mike",F,174,3.251283991187575,0.0186855401792389
6082f959-421e-173b-b5e4-e1ffd5fc7d18,"Pelletier, Jakob",LW,74,3.2454520263561837,0.0438574598156241
98e46ae5-eff9-0b8e-979e-9310c0f4d553,"Jonsson-Fjallby, Axel",RW,120,3.215759387170486,0.0267979948930873
47ec1584-2245-2836-a706-e0835ffee601,"Andersson, Lias",C,135,3.21372196568225,0.0238053478939425
2dc963e5-038d-5671-aa35-9c6e6edec835,"Brisson, Brendan",F,251,3.1919303619331987,0.0127168540316063
080a4b83-a144-5887-3f0e-084a2fbeb039,"Asselin, Samuel",F,148,3.1837270941399014,0.0215116695549993
1528eac5-8aa1-8745-fd3f-52cb7c35ab0d,"Seney, Brett",F,220,3.158262342706407,0.0143557379213927
c50ee147-78c1-e97c-f042-2810c51adffc,"Shaw, Mason",LW,60,3.1575899118689295,0.0526264985311488
561c6f7f-ceeb-36da-d6e4-f2586e2e8316,"Ostapchuk, Zack",C,246,3.110978016837558,0.0126462521009656
91ecbdb7-a405-57e1-23d6-910efcb6de2a,"Butler, Cameron",RW,169,3.1069157579215005,0.0183841169107781
54c92034-9ece-4a76-ae9d-be434c2eef82,"Hain, Gavin",C,142,3.078038979971935,0.0216763308448727
e2214881-b6b0-b1c9-6e83-a6b289c4f33f,"Primeau, Mason",F,125,3.0346093224042696,0.0242768745792341
fd49836f-d5af-212e-d04d-32c44ef24a8e,"Sykora, Adam",F,183,3.0126837924897862,0.016462752964425
4447229a-e693-b7a3-6bbe-f464ae9917c4,"Pyyhtia, Mikael",LW,149,2.9996023168908996,0.0201315591737644
d1a331a3-4e1a-510a-2fe8-8f36981fd3f4,"Turcotte, Alex",C,89,2.979738461074626,0.0334802074278047
83cfcd84-1391-c9fa-11b5-d3ec86ed5781,"Erne, Adam",LW,96,2.968375002524378,0.0309205729429622
3fa9dd4a-efae-a4f4-e00c-d5885556b815,"Meyers, Ben",C,66,2.959296413651228,0.044837824449261
b2485777-a1f9-23e9-5c28-c99761cd10e2,"Grimaldi, Rocco",F,233,2.921848802821428,0.0125401236172593
a23408ce-f1c0-03b6-d7ef-60da484f7212,"Nylander, Alexander",RW,97,2.908752234236394,0.0299871364354267
40f7ce41-67aa-9b1e-4629-14ea33e8799f,"Cates, Jackson",F,197,2.903427650619355,0.0147382114244637
a7b49f9f-e2f6-f3c2-9e38-58a8cafb36e2,"Afanasyev, Egor",LW,204,2.84951666527305,0.0139682189474169
0ce6b03a-1c53-674c-856d-df3b6dbfd50d,"O'Reilly, Cal",C,266,2.8445189153255415,0.0106936801328027
a65308f1-5c3e-a5de-87e2-cead7d9f44a7,"Guenther, Dylan",RW,95,2.8444106521431465,0.0299411647594015
ae3c26e4-6536-f078-6e78-8ca2db85def8,"Conacher, Cory",RW,172,2.817514088780007,0.016380895865
321ccb94-26f9-bf52-17cf-db4a8b4d324d,"McCartney, Ben",F,108,2.783207528304916,0.0257704400768973
5c7cca9d-bfc2-3931-363d-daaebc4da409,"Willman, Maxwell",LW,158,2.764947687834149,0.0174996689103427
9692be3e-1840-be44-346f-17fd56755724,"Henman, Luke",F,82,2.739380649611203,0.0334070810928195
8cdcb61e-d733-bde6-a101-ef3140e48149,"L'Esperance, Joel",RW,219,2.718229824794433,0.0124120083323946
663df049-a045-0561-16e3-1db633a0723e,"Aston-Reese, Zachary",C,165,2.7172873141280545,0.0164684079644124
64897768-18c0-5c24-3bc4-1137682f7c4f,"Felhaber, Tye",LW,182,2.711331453984283,0.0148974255713422
7f835c52-5af6-f4e1-eff4-ebe21be0a4bb,"Denisenko, Grigori",F,216,2.7093243190593435,0.0125431681437932
ab2f8c0e-cfd3-c0ac-74f5-8164c48764b2,"Hodgson, Hayden",RW,87,2.6955233828210377,0.0309830273887475
bce6bdea-4c8a-8917-a11b-59ecf9c30b51,"Gardner, Rhett",F,150,2.695165167327826,0.0179677677821855
d1008d47-7d9a-b5ce-a5c4-11335e021805,"McKegg, Greg",F,183,2.688967688409704,0.014693812504971
23033c23-8f41-970b-8423-7c1eef91ab38,"Ratcliffe, Isaac",LW,211,2.6341590303320035,0.0124841660205308
acfdf636-4d25-0dad-fe9f-a31513941939,"Becker, Jack",F,104,2.617167119664205,0.0251650684583096
a855a24c-10d7-480c-5f02-f40cacd514f9,"Luff, Matt",RW,95,2.5820123550417344,0.0271790774214919
472ae96c-4b00-987d-520b-b7574439702c,"Carpenter, Ryan",C,33,2.5741138408928004,0.0780034497240242
16639321-8e4f-7071-4f1a-276266715f99,"Peca, Matthew",C,141,2.5652183147391816,0.0181930376931856
75fce25f-ab8f-4f02-2e5e-41faf5ad62ef,"Wouters, Chase",C,237,2.5647088754573506,0.0108215564365289
1f96dae9-d63f-c6da-686b-351c8fc8c14c,"Day, Logan",D,212,2.558955338570289,0.0120705440498598
7e9f0d8e-e3cb-c9d9-5986-30ccc588774a,"McLaughlin, Blake",F,64,2.553833007236534,0.0399036407380708
06813969-3aca-1417-ec01-0de8fb823a64,"Benson, Tyler",RW,166,2.5237795621759544,0.0152034913384093
9deea627-59bf-c37e-d041-5160edc3ac73,"Boqvist, Jesper",C,103,2.5031127578544785,0.0243020656102376
ad46103a-4d3e-9234-dee6-f970fd779e79,"Blidh, Anton",F,198,2.4965729424742067,0.0126089542549202
46121515-ed91-d0e4-56cf-d0aca14a8b5a,"Koepke, Cole",LW,121,2.4936543817267953,0.0206087138985685
cf9158fc-30e9-680c-b9e5-b65717e1e000,"Czarnik, Austin",C,95,2.4903831377641197,0.0262145593448854
912119f4-6991-e717-ea68-1137c057d277,"Vrana, Jakub",RW,104,2.48842870576094,0.0239271990938551
8287ec3b-6cc4-cfd8-ded5-d59e0b7b60de,"Pavlychev, Nikita",C,58,2.4782539820266503,0.0427285169314939
ff9b6097-e007-85c3-f8fb-f86935bcb875,"Pettersen, Mathias Emilio",LW,180,2.4482210693838073,0.0136012281632433
30a82081-452f-1e14-177e-d25c40f895a3,"Beecher, John",C,65,2.433035566577841,0.0374313164088898
a6be81da-fbf0-100c-170a-9db635d86749,"Morelli, Mason",F,242,2.4308819716905004,0.0100449668251673
6c78afc0-6490-5b83-db5f-7f87839dc862,"Hoelscher, Mitchell",C,58,2.417906934994724,0.0416880506033573
629d5563-2754-3120-3402-3b116164482f,"Bellows, Kieffer",LW,150,2.3524514848331206,0.0156830098988874
5ca139e0-c1ce-a588-4a40-483273d8754c,"Smith, Nathan",C,171,2.3362963627833846,0.0136625518291426
195db92d-b85c-e1c2-0f7e-6f1cb57dde82,"Hudon, Charles",F,176,2.3010940180935635,0.013074397830077
b1e9d040-a917-bccd-657f-2da715dce2a5,"Madden, Tyler",F,223,2.2991351299887555,0.0103100230044338
a2931977-2953-a366-84f6-402e39590fc9,"Melnick, Josh",C,178,2.2891124746520077,0.0128601824418652
969d3085-fa53-17ab-7c5f-74979791c28c,"Maltsev, Mikhail",F,84,2.271001743691049,0.027035735043941
9daae941-4f95-c94c-baf7-a520ad42785f,"Iskhakov, Ruslan",F,194,2.244898414496879,0.0115716413118395
15e46e6c-821c-e6ae-dc28-f161cd626ca5,"Brooks, Adam",C,101,2.2254240872437707,0.0220339018538987
6e63d926-1cb1-c092-8a03-de277ae4bf98,"Priskie, Chase",D,257,2.212287392710001,0.0086081221506225
9fe3605d-f4f9-9c7f-e12d-760d6cc2d387,"Jost, Tyson",C,52,2.158403047412965,0.0415077509117877
41c74b24-2875-6f45-d954-11ac6d6c410b,"Sutter, Brett",LW,136,2.1469731275548622,0.0157865671143739
6d2cb984-e1e6-a715-26d2-93a528bb379b,"Bjork, Anders",LW,124,2.1463483359834123,0.0173092607740597
34f1d587-08e6-10f2-c48d-54fb50d3b881,"Firstov, Vladislav",F,30,2.1288012911302365,0.0709600430376745
93dd4a43-8051-720f-47cc-fa4250b969ed,"Cederqvist, Filip",LW,158,2.1051059284846083,0.0133234552435734
362b2b25-ce8a-9b00-6da7-0d1b8c2fe3d9,"Angello, Anthony",C,158,2.0869878613174677,0.013208783932389
89d6fd61-dc6a-4969-d01a-a672c177757f,"Hughes, Cameron",F,191,2.068367376312556,0.0108291485670814
0ddb9eb2-2352-dab2-b22d-f0d30ee231ef,"Reedy, Scott",F,45,2.041078813582286,0.0453573069684952
1d2778e0-9709-3b32-491b-3b3f32c7bb09,"Gignac, Brandon",C,155,2.0388059025522,0.0131535864680787
5dfe0fd2-51d9-4615-89ff-9ee6a2db9028,"Houde, Samuel",C,25,2.0285726024382003,0.081142904097528
3d5bcc97-ee74-7ffb-a3c3-9bb7facf831f,"Kirkland, Justin",C,108,2.0175978647800243,0.0186814617109261
4eecd58b-a888-e165-9a1a-0d284825ae25,"Kulich, Jiri",C,160,2.0094342392905595,0.0125589639955659
829fe83b-5b79-50a7-0b5a-837f3db608d1,"Suzuki, Ryan",C,146,1.9875224067834445,0.0136131671697496
022e15e8-84c5-2103-7225-91ae7102aaa0,"Lysell, Fabian",RW,158,1.975347425165216,0.0125021988934507
7356658c-38e1-ed2f-84ec-a3abbaceff57,"MacEachern, MacKenzie",LW,115,1.9066556906975431,0.0165796147017177
5d88c997-487b-2fcb-c49f-64757c86548e,"Dries, Sheldon",C,222,1.871553610495984,0.0084304216689008
bc22e636-a3aa-30c6-baab-dbd6d5403b03,"Lindblom, Oskar",LW,121,1.8367299458863668,0.0151795863296393
8b43652c-1ab8-e931-e045-ca9cd839d10b,"McCormick, Max",F,193,1.825538145879344,0.0094587468698411
73f11278-21e8-9bd9-f271-70e5cf8d41e7,"Kessy, Kale",LW,44,1.807077849074589,0.0410699511153315
c2820307-4226-fef5-3594-74ac709a6b6c,"Tomasino, Philip",RW,82,1.7548000440564548,0.0214000005372738
db323125-e53d-b2b8-277f-f2c91384f549,"Bowlby, Henry",LW,13,1.7417889004961324,0.1339837615766255
05673e68-1d9f-8728-7874-b41679600750,"Anderson, Joey",RW,38,1.7370739797982917,0.0457124731525866
579da99e-0b65-5601-e4eb-7bf837211c3f,"Morrison, Cameron",LW,93,1.734029665142108,0.0186454802703452
e18b4827-dcbd-4cb7-b666-8529df7441bc,"Polei, Evan",LW,65,1.7234115758409398,0.0265140242437067
b18a382f-18a4-2fd8-10e5-fa3a3726fe0d,"Khaira, Jujhar",C,76,1.7136746824289597,0.0225483510845915
8e72a880-86a7-efa3-ddfd-a1127df16d89,"Bowers, Shane",RW,119,1.7062269666567,0.0143380417366109
78821ac8-2fb6-cafd-71d8-bf5d718e6703,"Matteau, Stefan",LW,62,1.6595792093550414,0.0267674066025006
ceba5090-f6e0-e944-7ceb-e629c8348684,"McLain, Mitch",F,179,1.6593244693479714,0.0092699691025026
eae1ab79-80df-8541-6b6a-a86ae9097d08,"Slaggert, Graham",C,123,1.6214655080031168,0.0131826464065294
1ec06797-c8bc-e24a-19ff-cf29896403c7,"Studnicka, Jack",F,121,1.6104867821355473,0.0133098081168227
c5c3387a-6e3e-1ae9-824c-315974f6414e,"Berard, Brett",F,248,1.6050355435424104,0.0064719175142839
00107e79-8a36-de05-69c7-86087051c558,"Lombardi, Amadeus",C,211,1.6037887829157758,0.0076008947057619
e85322f9-3cab-0b5b-4435-ed9cd9ef008c,"Dzingel, Ryan",F,31,1.5886640229969615,0.051247226548289
45a2c93b-c050-c12e-b8d2-9d002eef5804,"Zary, Connor",C,9,1.5882739979820475,0.1764748886646719
938c52ed-067f-8299-e70a-998704932bfd,"Sanford, Zach",LW,120,1.5827086987809138,0.0131892391565076
0fb7c364-441d-653d-bab6-b5081b90ce08,"Peterson, Jacob",C,83,1.5538985169468078,0.0187216688788772
c25ea63f-011d-ce60-d969-b7d83cf526b1,"Jones, Ben",C,226,1.5496840912282668,0.0068570092532224
7e3477b8-f45a-94a8-5f27-568c76857979,"Twarynski, Carsen",LW,70,1.53528679508173,0.0219326685011675
fe72eceb-4367-8d2c-8559-ccfb83481eb2,"Kannok-Leipert, Alex",D,106,1.5065280471669196,0.0142125287468577
ae1aa801-5655-af70-d031-019a9c091f86,"Puljujarvi, Jesse",RW,37,1.4739774558744676,0.0398372285371477
62266127-46c0-5420-5d10-5a6068de1b5d,"Lockwood, Will",F,125,1.4703916195788975,0.0117631329566311
1fe967f3-4573-d760-8359-eb0d9acc3756,"Wall, Kevin",RW,175,1.4625495577153969,0.0083574260440879
e816e950-29af-f11a-16dc-9be28900788e,"Maillet, Philippe",C,162,1.459327428047535,0.0090081940002934
adce8fef-8cdf-c45c-6d59-68ef391c977a,"Kisakov, Alexander",F,58,1.4459555661453574,0.0249302683818165
6110cbf6-1606-3431-643c-78b0e035f5ff,"Gawdin, Glenn",F,229,1.4289237187672827,0.0062398415666693
4a3350c4-97e1-9963-9715-c358507e8b95,"White, Colin",C,33,1.4184317044454766,0.0429827789225902
a3992b3e-5431-d578-46ae-c846ac78852b,"Hamblin, James",C,23,1.408181069812695,0.0612252639048997
ee6f66a2-297c-c175-476d-a4390ead7eb4,"Campbell, Alexander",LW,35,1.399020392731428,0.0399720112208979
b8c6b250-84bc-2be1-fefe-d5c971f905cd,"Lettieri, Vinni",C,54,1.3812585918170617,0.025578862811427
c622c5d2-2a49-f3e5-6bf7-0e23fa29032e,"Crozier, Max",D,162,1.3723116996069191,0.0084710598741167
4152b475-2bfd-8f22-09a7-f721c76d1a90,"Poulin, Samuel",C,71,1.3507018117634635,0.019023969179767
fc4b5423-4463-8a2b-f319-30916f7c8928,"Olofsson, Fredrik",C,45,1.3465728354500306,0.0299238407877784
e01e67b9-2150-d1a5-ad6e-0588b64a281c,"Lee, Andre",F,110,1.3372394429706291,0.0121567222088239
425891d3-f7cd-c14c-6c9e-25c8e218baed,"Helleson, Drew",D,229,1.3356208450858549,0.0058324054370561
705342fb-5233-cb03-d7e0-2823602d0ca7,"Jenkins, Blade",F,32,1.3269739312493505,0.0414679353515421
4e579c02-16bc-bac7-ced8-63eecf89a8b9,"Foote, Nolan",LW,18,1.3257140950652588,0.073650783059181
c41b546c-c200-fe0d-b46c-fe319e2e42e6,"Rooney, Kevin",C,4,1.3185521778539766,0.3296380444634941
dc5a9c10-c8d3-52bc-fd80-b7186f383b34,"McKown, Hunter",C,135,1.2975346814694833,0.009611368010885
f8513815-ad09-b742-fef8-9814f2313b80,"Steen, Oskar",RW,67,1.2898841247941113,0.0192520018625986
7a213ae8-292c-bc7f-83dd-7b14bdcadde1,"Berggren, Jonatan",RW,149,1.2875791860797436,0.008641471047515
e4245dd4-69d2-7fa5-6473-a4f26787eed9,"Jobst, Mason",C,190,1.2755593042838558,0.0067134700225466
c9f1b830-ca38-5bbd-4af7-d2fe66f07865,"Wagner, Chris",C,58,1.2559144868980576,0.0216536980499665
58ff86bf-e659-f9dc-3f5f-6a51741e47ab,"Zohorna, Radim",C,72,1.2515575650554904,0.017382743959104
c8d33732-42a1-d13e-323a-6457dc42307a,"Richards, Justin",C,96,1.234037583263929,0.0128545581589992
e1eda887-4254-92a8-6144-360df62f16c1,"Arseneau, Vincent",LW,114,1.2107672571466828,0.0106207654135673
01956662-5748-f2aa-a4b7-3501fc7c09f8,"Kovalenko, Nikolai",F,17,1.1828895231569432,0.0695817366562907
12845e0c-fc7d-d76a-f026-bb69d8aad07e,"De Leo, Chase",LW,167,1.1718361380281774,0.0070169828624441
a385df53-a241-ed83-c64f-34d4b4da77da,"Roy, Joshua",LW,93,1.1678211226372466,0.0125572163724435
5e07be36-1384-d298-ee92-4894ea6da4da,"Francis, Ryan",F,37,1.1328832301302223,0.0306184656791951
a32b68b4-14dd-9705-fe8a-8ceca2df263c,"Armia, Joel",RW,13,1.1076599617672862,0.0852046124436374
8f7c6f8d-3bdb-a0bb-1ec6-89d287eacff5,"Lambert, Brad",F,244,1.1029929119502373,0.0045204627538944
eea2f5b1-7f49-aeed-2bad-ceff85f41700,"Dumont, Gabriel",C,136,1.1025375613663235,0.0081068938335759
aed2833c-1982-2c81-12d6-ce42690c132f,"Anderson-Dolan, Jaret",C,21,1.0815938169391164,0.0515044674732912
ebb72d23-6b12-208b-62ee-393071bdb363,"Schwindt, Cole",RW,191,1.0703332823176386,0.0056038391744378
68d2ade0-47ab-96bb-f22e-8f98b3aeb212,"Klimovich, Danila",RW,36,1.0667905897750842,0.0296330719381967
dd036e87-28ae-a770-1287-111ca91925a2,"Hinostroza, Vinnie",C,126,1.0602878550122563,0.0084149829762877
1586746e-cebb-583e-a668-5f66df384eb2,"Bryson, Jacob",D,39,1.0474323826235516,0.026857240580091
beb04132-9c13-08d6-e1fb-01fa5272d50c,"Kiviranta, Joel",LW,23,1.0452569770065965,0.0454459555220259
cfb46079-cb96-b7c5-442e-26ea0e34e136,"Robertson, Nick",LW,17,1.036883234397688,0.0609931314351581
48d0d556-7f19-8d92-f6ff-b83120c8c32b,"Hofer, Ryan",RW,128,1.0095813915657312,0.0078873546216072
e25ac5dd-5c9f-292e-3d0d-98f423829cce,"Anisimov, Artem",C,59,0.9745907850820535,0.0165184878827466
caea29a5-fbb3-0a09-a224-442a8a2efb50,"Rees, Jamieson",LW,116,0.9592387956445404,0.0082692999624529
5f892ad5-e130-bc2e-c361-f6cfbd6bd692,"Malatesta, James",LW,132,0.9320581277090176,0.007061046422038
b9f1b352-9b5d-ada7-2fc9-1ce3ed96cfa1,"McPhee, Graham",LW,126,0.9159438199620442,0.0072693953965241
0f6b8de7-1366-c197-e438-c2cb772c1f3e,"Johnstone, Marc",RW,90,0.8865754527269761,0.009850838363633
ab173ecf-50c8-bf70-2a27-3f32cb95d28f,"Othmann, Brennan",F,188,0.8865076099899054,0.0047154660105846
71eb162b-840b-6a04-acbb-8d076fc857d1,"Warren, Brendan",LW,49,0.8844785172755718,0.0180505819852157
a89675de-e91c-1bde-8b0b-ba8780b2295c,"Brazeau, Justin",RW,136,0.8490298165549899,0.0062428662981984
fd45525b-8660-6dbf-0ae5-1589daee800f,"McMann, Bobby",C,7,0.8317113780294132,0.118815911147059
b90aa353-979c-854a-6f54-5a714d009b15,"Hall, Curtis",C,51,0.8268153043998588,0.016212064792154
2930b9a2-e32f-9bc1-bad9-327d514a020e,"Phillips, Matthew",RW,30,0.8259512559390203,0.0275317085313006
1ba1e45d-14a5-3375-cbbe-45fc4ef4fe77,"Stevens, Nolan",C,162,0.812227634130911,0.0050137508279685
c2902aae-ee02-d58c-8569-fd701d9cd9de,"Bliss, Trenton",LW,11,0.7990273532440998,0.0726388502949181
356d4cb6-7726-b23f-7070-1e5eaf602524,"Saarela, Antti",LW,76,0.7786015384295805,0.0102447570845997
6aaec354-e7a5-0c0d-7584-6746ffd4aabb,"Foudy, Liam",F,80,0.7768743969206615,0.0097109299615082
0b85f915-4c74-a01b-ed14-6943a16bae21,"Romano, Anthony",F,23,0.7628212909881324,0.0331661430864405
2b27457e-ba5c-020f-4ac8-e29e3726f8fb,"Lukosevicius, Jarid",RW,41,0.7600536557196961,0.0185378940419438
b1d28ddf-4bc2-2b56-a1c2-123e233a2f2f,"Loewen, Jermaine",LW,41,0.7365138488149637,0.017963752410121
f6797690-ed0a-2b75-0a01-496610012676,"Mutter, Navrin",LW,69,0.7297441853929169,0.0105760026868538
1e248371-8cd8-2ae1-7132-6212cfafbe89,"Holland, Peter",F,90,0.7184345214016465,0.0079826057933516
b3762305-438c-1b85-1c59-1a831d98849c,"Pekar, Matej",F,57,0.7170036338521433,0.012579011120213
ba6ccd17-6b01-8ed6-8af9-e37cd98df349,"Fagemo, Samuel",LW,127,0.7100485644683839,0.0055909335784912
fb7c222c-ebe7-4beb-3638-c0b60a15a0fd,"Chartier, Rourke",F,57,0.6754911168936912,0.0118507213490121
2e4b21f4-9426-ca70-4bb7-b7107d5d3c93,"Groshev, Maxim",D,244,0.6695722121385606,0.0027441484104039
0ac29755-f1de-15b2-904e-d17a9ed4fac8,"Fleury, Cale",D,240,0.6677200220916046,0.002782166758715
a2f8a1c4-75eb-63d8-4e1d-dbb361fdaeb0,"Foudy, Jean-Luc",RW,71,0.6345721735306732,0.0089376362469108
2766277d-aa8c-2da8-d328-62f1cbf03279,"Duehr, Walker",RW,5,0.6288325196406845,0.1257665039281369
e88acb6b-d5da-6c45-42b6-b77998c3203f,"Rousek, Lukas",RW,116,0.6279895050419371,0.0054137026296718
9698f020-7131-d04b-2552-c55a16afa91f,"Hodgson, Cody",C,52,0.5879785227561221,0.0113072792837715
979ce1d2-e256-0268-4655-770bc7ebb936,"Andrusiak, Zack",LW,12,0.5620499827549175,0.0468374985629097
eaab14dd-8505-cdf5-3f38-9f935e6969f3,"Nemec, Simon",D,49,0.5552696796006719,0.0113320342775647
5a5d0830-e103-4d21-f233-e649aa2cb119,"Kesselring, Mike",D,31,0.5479962824095507,0.0176772994325661
c2ac142e-72a6-58c2-9f0a-acc2ae622a90,"Agozzino, Andrew",C,240,0.5468775808345303,0.0022786565868105
5d3ec04f-99d1-f8e7-920a-64e25e9453a6,"Lyle, Brady",D,209,0.5443643491822877,0.00260461411092
3cfc8139-e81a-8949-e3fc-0a6728b63ab3,"Washkurak, Keean",LW,177,0.530900535806458,0.0029994380554037
25e6444a-1fbe-66b1-5e10-17b5f0f84f9e,"Brown, Christopher",RW,3,0.4894448039235598,0.1631482679745199
11147770-b835-0375-d510-285823af4af9,"Beaucage, Alex",RW,116,0.4798933929225599,0.0041370120079531
be8e81a6-ec2f-39eb-ef48-6264cf6f5d01,"Harkins, Jansen",C,34,0.4760503399065894,0.0140014805854879
87bdf491-4306-7ed7-527a-34835f166483,"Savoie, Matthew",C,10,0.475148971076568,0.0475148971076568
add71ad9-21c0-6eb3-ed18-205596e41672,"Puustinen, Valtteri",RW,73,0.4716229294928663,0.0064605880752447
ad2dce89-80cd-8d6b-b384-e114ceaafcf6,"Bystedt, Filip",F,22,0.4614283651064064,0.0209740165957457
a5b7b24c-17f7-9ece-93d4-237da071f7e2,"Alexandrov, Nikita",C,19,0.4419160994779474,0.0232587420777867
c904de64-762a-0721-4c8f-90dfc7fbf289,"Lucchini, Jake",C,152,0.4281839414290342,0.0028169996146646
da1e315e-d850-b54c-fd20-780097393ec1,"McKinnon, Ian",F,18,0.4279566513811248,0.0237753695211736
f9495ec1-9ceb-683b-3649-a79f99f3622d,"Perlini, Brendan",RW,139,0.4162544290080358,0.0029946361799139
b9289963-36ff-72f3-2e0f-5d1c271974dc,"Gruden, Jonathan",C,134,0.4141930227382985,0.0030909927070022
1ab2133d-766e-f84d-6493-58a2f096104c,"Fizer, Tarun",RW,91,0.4108557237067491,0.0045148980627115
e1386a3b-c1fb-9641-bb06-7ba06bb4d88c,"Caggiula, Drake",LW,115,0.4094101292575863,0.0035600880805007
64083c40-bb18-2a17-5457-8c34987b282d,"Roelens, Milo",C,9,0.4010568574196625,0.0445618730466291
2685e5a3-f4c9-55da-5687-4afbf692ce02,"Bell, Parker",LW,15,0.3916234620181702,0.0261082308012113
fcb7255e-3c02-bfc0-3a73-ca1b90953aca,"Anhorn, Dylan",D,12,0.3896012706651325,0.0324667725554277
c8024fec-51b4-5225-e66f-bd6ebed34b9b,"Wiebe, Jaxsen",RW,69,0.3882592324063054,0.0056269453971928
00afeab4-d457-7723-e196-9e398fbc4498,"Bailey, Justin",F,77,0.3695137854937932,0.0047988803310882
901235fc-1283-6bef-78e7-d9ba49b910c5,"Benoit, Simon",D,6,0.3500109861319792,0.0583351643553298
11fbe5d4-66ec-34ba-9657-09704f893154,"Toninato, Dominic",C,122,0.3448717748401978,0.0028268178265589
c9830dad-b858-24e2-28af-9755c724d0c9,"Seminoff, Matthew",F,189,0.3315225894014137,0.0017540877746106
fb734863-ed94-8167-1f2c-039c70f6fed7,"Heinola, Ville",D,190,0.3211159776013062,0.0016900840926384
3234f05b-aafa-95e9-07e3-c23dea148f88,"Joseph, Pierre-Olivier",D,10,0.3098772253297913,0.0309877225329791
c189c220-2085-6731-4cab-1c94102e687e,"Aman, Nils",C,39,0.3052484775557941,0.0078268840398921
7ff9ba0c-7a28-4512-c9e5-a10afc5bbd83,"Bellerive, Jordy",RW,151,0.2980867104711447,0.0019740841753055
13e8d6e9-7d96-84c1-9669-e6f47764f9e3,"Addamo, Justin",C,50,0.2976792394513917,0.0059535847890278
0ba44677-53d6-ffe2-d72d-d96bceaba661,"Kubicek, Simon",D,12,0.2928907539555403,0.0244075628296283
20e6209d-373a-ce4a-1c9c-0a40ea6ef7ff,"Katchouk, Boris",LW,9,0.2853898887138076,0.0317099876348675
f6ab9da2-4084-7236-c988-3ab4e0f7db49,"Johnson, Kent",C,25,0.2648698210585503,0.010594792842342
8323c731-fc92-99db-5509-b7c1ef5fc83d,"Nadeau, Olivier",RW,3,0.2498550890575284,0.0832850296858428
ca8cc0d1-c1a3-322e-5d98-ffa66cded990,"McIlrath, Dylan",D,189,0.2368325297822319,0.0012530821681599
42be5bc9-7952-affb-ce16-442e16f141e2,"Keeper, Brady",D,43,0.2311036091011289,0.0053745025372355
be354b10-f08f-a5cc-f750-17e7354be6d4,"Pitlick, Tyler",F,54,0.218640497627249,0.0040488981042083
b4ed4c55-1ff5-c6da-3d59-02be349c18a3,"Frasca, Jordan",LW,4,0.2181850110163259,0.0545462527540814
cb92f717-6ee3-40c7-6ac2-daeb4eb54954,"Bains, Arshdeep",LW,224,0.2097142305304493,0.0009362242434395
c7b3f922-86b9-8842-3b94-49930e85939c,"Chiasson, Jake",RW,6,0.2029844612719172,0.0338307435453195
5833dbf2-d4d6-e001-2cd5-74d2a3bac7c2,"Boucher, Matthew",LW,34,0.2006106774790514,0.0059003140435015
8dfc4cd9-4bed-d27e-f82a-aac7483571b8,"Stankoven, Logan",C,148,0.186806053204735,0.0012622030621941
3e10ec46-6aa6-2444-d4b2-c9c1fde3004e,"Hayes, Avery",RW,87,0.1781474901824673,0.0020476723009479
9e9f0d39-c731-c9ca-363a-b83c1659dcc9,"Lagesson, William",D,5,0.1773822158956947,0.0354764431791389
75af17b8-2f42-25a1-947f-299ac164603e,"Hillis, Cam",RW,5,0.165980430834387,0.0331960861668774
93be18e6-1e64-51e4-e3ee-d151608ef10b,"MacArthur, Bennett",LW,14,0.1654133652078113,0.0118152403719865
c1474ad5-07a3-1a49-8e6a-f6d82239ff1b,"Element, Shawn",F,175,0.1653790127789373,0.0009450229301653
9f82eb7d-8cd0-8a8d-3c54-a095374fe9f9,"Lucius, Chaz",C,27,0.1629338320487167,0.0060345863721746
4b99d7b8-d6b5-992f-cfee-3024717ea00e,"Polin, Jason",F,95,0.1614735904338369,0.0016997220045667
2d245fb8-c111-e6a6-8260-585cd803ac26,"Howarth, Kale",LW,18,0.1578302071072883,0.0087683448392937
d85ec4b9-edd3-0949-8aa2-d27637d19918,"Crookshank, Angus",LW,143,0.1562962783732396,0.001092980967645
f5bee3f3-4729-b54f-daac-180b56d418a0,"Stinil, Michal",LW,3,0.1553484341680676,0.0517828113893558
0db6b956-4b7f-d666-f861-49683999fe78,"Guy, Brayden",F,2,0.1551996027530579,0.0775998013765289
7336b864-27d6-7481-edab-db81bedbee4a,"Jardine, Sam",D,23,0.1521808376415067,0.0066165581583263
bba30af5-560c-b50d-0be3-319e7be45c4d,"Nash, Riley",F,149,0.1475943848990191,0.0009905663416041
a0de9f22-44da-3274-37de-11b5b6d222d6,"Luce, Griffin",D,39,0.1369123401045025,0.0035105728231923
17bf6332-f9af-d4f3-c60a-ed7cd976f2cc,"Bayreuther, Gavin",D,66,0.1210143637547832,0.0018335509659815
5051b123-581a-7b4e-d99e-a179a9cccd3b,"Kudla, Patrick",D,15,0.1183073276796807,0.0078871551786453
8db09dda-0ac0-252d-5cca-f2178f63ee43,"Thompson, Tyce",F,184,0.1020655594178757,0.000554704127271
fe50cf98-a6c5-0980-85f5-fe90182dd9b9,"Hamaliuk, Dillon",LW,6,0.0946198936225416,0.0157699822704236
de114939-737c-f391-7947-47c586643c10,"Villeneuve-Houle, Donavan",F,6,0.0930232104024758,0.0155038684004126
b5481001-4f1e-846a-ba32-45495dd123eb,"Golder, Carson",RW,52,0.0859014146741321,0.0016519502821948
eb345c6c-ab0e-fdca-aea2-9503bc579991,"McKenna, Jeremy",RW,38,0.0853014950692471,0.0022447761860328
7d668396-9a80-257b-e522-9587e8d1015a,"Friedmann, T.J.",F,23,0.085221405277472,0.0037052784903248
b5612f31-b1a0-8934-f8b5-5f980f2cb2a0,"Luneau, Tristan",D,29,0.0823006336649713,0.002837952884999
d57fe9fb-f45c-e861-62bd-a3d74d93e154,"Hillebrand, Chad",F,6,0.0819242126681951,0.0136540354446991
07c2785b-63b9-db1a-555f-b3ac81345d3f,"Pietila, Logan",RW,3,0.0796502374470302,0.02655007914901
967b2a1b-5b32-53aa-97e0-344f226f85dc,"Smejkal, Jiri",F,143,0.0790198608352261,0.0005525864394071
380906c9-b5f1-8231-a3e0-e9bae3c9b899,"Voronkov, Dmitri",LW,5,0.0779680506549156,0.0155936101309831
e51b20db-ecd3-089c-83db-53cc58eb73db,"Cataford, Mathieu",RW,23,0.0738469137215908,0.0032107353791996
b4bdcf7d-af7f-59d1-384b-4f207395ee19,"Brink, Bobby",RW,14,0.0712356670329382,0.0050882619309241
4d495b06-e706-89e3-59ae-b670e6ace70f,"Koch, Davis",F,19,0.0688677701128842,0.0036246194796254
ceb3ffdc-2d60-534b-ff06-be2066c3cf70,"Sandelin, Ryan",F,129,0.0671589223743515,0.0005206118013515
35a0035c-20e4-aa72-6d80-3910349c04b0,"Reichel, Lukas",LW,9,0.0671545411624378,0.0074616156847153
6e9ff9d1-cabb-e3bd-a1a2-2579edc26bd6,"Duke, Dylan",LW,16,0.0633728868281115,0.0039608054267569
8ecb4331-0678-906c-778b-1ab1af58bae3,"Grainger, Luke",F,11,0.0600643901810259,0.0054603991073659
05b95071-fc69-bd44-2833-e883e840dcf9,"Fasching, Hudson",RW,14,0.0578596121575117,0.0041328294398222
77a3c50b-31ff-8311-b5bd-79aa901df22c,"Farrell, Sean",F,134,0.0578265500079001,0.0004315414179694
3b937317-88d9-8fb2-ebd2-268555930325,"Tychonick, Jonny",D,7,0.0495807506317748,0.0070829643759678
d08159e8-335c-017c-ec2d-22575807193d,"Okhotyuk, Nikita",D,45,0.0431579823474441,0.0009590662743876
eb83ef82-3ad4-8464-b716-671f53e373c8,"Newkirk, Reece",F,34,0.0419164567513833,0.0012328369632759
9f84fbe2-cd0a-9663-0184-4398a58d7d29,"Quinney, Gage",F,173,0.0390563486930355,0.0002257592410002
b01afbd7-6ec9-96e1-f267-7cc7dee4dea0,"Bemstrom, Emil",RW,24,0.0352302698523908,0.0014679279105162
87bd2512-ca41-d650-0517-297bbfc26a41,"Philp, Luke",C,63,0.0332028327419926,0.0005270290911427
1f7d541e-c817-b5ca-47db-11dc426dc74f,"Fleury, Haydn",D,6,0.0331879875360918,0.0055313312560153
dcb83f8b-507d-3e09-575d-c70202edce3d,"Nyman, Jani",RW,1,0.0311271046558908,0.0311271046558908
f689ab68-ff09-c472-b41e-9fe5260553a8,"Imama, Bokondji",LW,149,0.0308255546439026,0.0002068829170731
f3f56298-88cb-fe2b-48b6-23b863499c12,"Swetlikoff, Alex",F,28,0.0285788598349528,0.001020673565534
b8906cf1-9e34-5011-6bc4-1b7f5edaf259,"Raska, Adam",F,130,0.0258639577756117,0.0001989535213508
6b0f2df7-0388-ee09-48c1-f95dbaef41b2,"Prapavessis, Michael",D,16,0.0251850897102106,0.0015740681068881
94f219b6-0ac1-9b23-69b8-1b954af026c9,"Zlodeyev, Dmitri",F,40,0.0217734627345116,0.0005443365683627
c24ef5ed-38e3-222e-35fc-4aaaaefbb56e,"Fiddler-Schultz, Riley",C,4,0.0127255071771569,0.0031813767942892
07c7205f-b4bc-d542-bbf1-6d64f9ad841b,"Coe, Brandon",F,162,0.0097658656885765,6.028312153442284e-05
f7107d0e-ef1a-26eb-a93d-bb7de5f12ca1,"Klee, Mason",D,36,0.0090063686496374,0.0002501769069343
65487019-1991-79e8-c505-981beb0636d0,"Ohgren, Liam",LW,15,0.0070509757718056,0.0004700650514537
6eb43e9b-bd2f-9c8c-d063-d60cbb31c2a4,"Gurianov, Denis",F,58,0.0012848381774636,2.2152382370062717e-05
559157e4-708e-ddcd-71ea-cc5de91a6e20,"Lambert, Jimmy",F,15,-0.0047592618771485,-0.0003172841251432
1b8bd0ac-fac4-d900-2d3e-411db1939181,"Massie, Jake",D,70,-0.0071275433970322,-0.000101822048529
ed09ce67-db31-3984-218e-3dc1a7b3d341,"Finnie, Emmitt",C,4,-0.0073164657352738,-0.0018291164338184
d163f9d0-a5ca-a57a-ab12-4e96fc510ae2,"Rathbone, Jack",D,191,-0.0079506414733595,-4.1626395148479344e-05
f4273f89-7803-88f9-bdc0-01625b90fc63,"Holmberg, Pontus",RW,29,-0.0107052136090309,-0.0003691452968631
2681206b-2285-7d67-cd87-b48f1c66bcdd,"Jordan, Zach",RW,51,-0.0112687049516288,-0.0002209549990515
2be8b8fb-13ac-21c5-6fb3-c99a1d7933e1,"Silye, David",C,7,-0.01224241548292,-0.00174891649756
bcd88228-d322-91a4-38aa-2ac368186ee3,"Holloway, Dylan",LW,77,-0.014662291964867,-0.0001904193761671
6dbd5237-3b4c-0d3d-864b-318fd0e138ea,"Arcuri, Francesco",F,5,-0.0155021350657797,-0.0031004270131559
392760f4-597a-e47c-633f-1b9d29568423,"Leschyshyn, Jake",C,176,-0.0211845622861446,-0.0001203668311712
e1cd373a-d602-eb20-f705-896399805d5c,"Cruikshank, Grant",C,37,-0.0262480480600281,-0.000709406704325
780faed0-029f-8cfb-8608-c663d88e340e,"Keating, Austen",F,2,-0.0280341785879901,-0.014017089293995
c7b3eac9-cfa1-4c43-8703-af46ffd33a88,"Kopperud, Matt",F,15,-0.0285665954279039,-0.0019044396951936
1da47f43-7819-0b12-6759-4d9cbe68416c,"Stewart, Dean",D,184,-0.0291252858322125,-0.0001582895969141
25035df3-d4b1-9ae9-d107-8dba88f1f910,"Centazzo, Orrin",F,8,-0.0331992373363269,-0.0041499046670408
25edc2cd-a4cd-7b5f-a423-9223a4e54ee6,"Martin, Max",D,1,-0.0379717991970034,-0.0379717991970034
f33adef0-1ae0-5b1e-f8ff-861bfa39cf09,"Millar, Jack",D,8,-0.0399721262122492,-0.0049965157765311
dbbdc24c-c552-313f-e267-b9973b81b798,"Hanelt, Haakon Frederik",C,5,-0.0410737254068211,-0.0082147450813642
9b6f3c1f-f63c-10d0-fd19-dc31c4ccd0c4,"Savoie, Nicolas",D,2,-0.0415758564651639,-0.0207879282325819
6089c6ca-cc4b-7dfe-6bb0-cf9bbd6ffdb7,"Nause, Evan",D,22,-0.0427447054920511,-0.0019429411587295
f238b29a-5e55-3d84-643f-638f06a70428,"Hirano, Yushiroh",RW,15,-0.0548961175572751,-0.003659741170485
2bec3022-ce25-5cb9-9996-4796faed73a3,"Harris, Brendan",C,3,-0.0570090166813682,-0.019003005560456
db741d88-69a4-6aea-4b27-9261563f0f79,"Anderson, Matt",D,11,-0.0624324330533499,-0.0056756757321227
f2811315-a63a-c5b6-95d0-80e2cb18975e,"Pospisil, Martin",C,7,-0.0631064645003418,-0.0090152092143345
0216a2f3-905b-a0cc-78d2-1ace22850834,"Richard, Anthony",LW,178,-0.0680116940761101,-0.0003820881689669
da82b24f-bc29-a65e-c9b3-ea64ddd44b84,"Lajoie, Marc",D,1,-0.0702494690826235,-0.0702494690826235
c2f73f7c-42c7-ad72-c69d-4a7691585ef9,"Ghantous, Andre",F,10,-0.0728476084408297,-0.0072847608440829
3ab76805-5e56-a960-0295-c331ce09ab46,"Duarte, Mark",RW,29,-0.0730813399556421,-0.0025200462053669
61cf0567-90c5-3e07-99d9-8b08b22c623d,"Walford, Scott",D,4,-0.0732616419719593,-0.0183154104929898
8b9b4b63-03ae-91fb-4bc5-905211a4f5af,"Johnson, Isaac",RW,27,-0.0746473506631481,-0.0027647166912277
ad4e566e-ebf0-b4b9-7af8-34f7acb86733,"Wendt, Dylan",F,3,-0.0751512370531126,-0.0250504123510375
b770efaf-d9ec-59df-5158-062712cdcc46,"Lipinski, Jaden",C,9,-0.076490772184813,-0.0084989746872014
940dbcfa-42b7-e119-0ff4-9e356a035c78,"Yaremko, Nolan",LW,28,-0.0773036362610092,-0.0027608441521789
3d51cf58-a965-64fe-156c-8c3d1783c70e,"Cosgrove, Trevor",D,23,-0.0781972021241395,-0.0033998783532234
442fd324-024d-8099-7824-c736b327f12a,"Liwiski, Mark",F,24,-0.0797946834756851,-0.0033247784781535
d29ba519-c5d9-1220-eda7-e0ec41379e99,"Nikolayev, Ilya",F,91,-0.0857858580851907,-0.0009427017371998
18889642-8c65-e4c1-15c4-02adaa622df8,"Sredl, Matthew",D,9,-0.087647015801175,-0.0097385573112416
ee5122aa-cce5-d4fe-9403-b87023179682,"Pivonka, Jacob",F,18,-0.0951431915207525,-0.005285732862264
64fdd893-333d-dc28-174f-720a4ec9e747,"Joyaux, Michael",D,29,-0.0956916921189788,-0.003299713521344
df15162d-f558-02cf-08ae-c4c04c26bdeb,"Siedem, Ryan",D,4,-0.1007897858431023,-0.0251974464607755
c9675f23-4447-723a-41d7-6a597d159135,"Vierling, Evan",LW,14,-0.1028487032199261,-0.0073463359442804
5193e419-63d9-1421-640b-06417842d3e2,"Mancini, Victor",D,24,-0.1032260427901257,-0.0043010851162552
c0f63831-ec80-7bc5-3386-a1199727d0e9,"Gabriele, Grant",D,4,-0.1055160539161065,-0.0263790134790266
a4d621c2-4b44-71de-6e05-041df13f2858,"Lucas, Andrew",D,15,-0.1072491991842494,-0.0071499466122832
aa4ca3d2-95a5-0428-48dc-5a00550fa004,"Peart, Jack",D,16,-0.1109061755436585,-0.0069316359714786
faf5e9e0-21ec-2d97-a6f5-98596729e066,"Krys, Luke",D,28,-0.1116399354898918,-0.0039871405532104
07e10855-6888-fe97-d142-f57c15ceec83,"Behrens, Sean",D,11,-0.1166891260990418,-0.0106081023726401
1a578a0e-d421-77f2-0460-a4d3b788f394,"Vitelli, Reece",RW,6,-0.1174943718122184,-0.0195823953020364
a1c96f84-a9a7-2be7-224a-660944dc9cd8,"Fairbrother, Gianni",D,3,-0.1179954070857739,-0.0393318023619246
3350ec9e-cddb-bd52-0e9e-f6d34c9ea337,"Osipov, Dmitry",D,53,-0.1223605184020115,-0.002308689026453
e9ef1506-4a97-1586-e7b4-a1dfbec02e4e,"Fix-Wolansky, Trey",RW,111,-0.1276707457409011,-0.0011501868985666
bf699764-7961-9215-2a75-a84ddf2f7803,"Morin, Etienne",D,7,-0.1288161177167416,-0.018402302530963
228bd0e6-be73-2587-815f-58604f3e4064,"Roed, Lleyton",F,2,-0.1320906539463004,-0.0660453269731502
e819a25f-f0e3-332d-746e-9ea41cecac2e,"Jefferies, Alex",F,30,-0.1355287965264516,-0.0045176265508817
e2d76c46-1d92-a105-9328-860a88d1d024,"Rowe, Luke",D,16,-0.1392504843890554,-0.0087031552743159
82b3d9a5-d885-129a-d048-8a61788abdb8,"Pastujov, Sasha",LW,121,-0.1397820226544914,-0.001155223327723
fbcf5c7b-e2f6-d4dc-e865-f537963946fc,"Melanson, Jacob",F,151,-0.1425685754783647,-0.0009441627515123
9c3292d5-92cc-3760-dada-631102753a82,"Poganski, Austin",RW,163,-0.1455583172620774,-0.0008929958114237
fb552805-85bd-8c07-47c1-c5d02c994def,"Honzek, Samuel",LW,15,-0.1459258030107375,-0.0097283868673825
9120172d-54de-9906-e916-1e5ce36bfcc8,"Hryckowian, Justin",C,15,-0.1710454959943421,-0.0114030330662894
ebe4714b-a994-8466-487a-f68dd624f182,"Halliday, Stephen",C,34,-0.1732838937756679,-0.005096585111049
3c4412a3-e599-a8ef-c9ac-445495c3da36,"Bertuzzi, Tag",F,24,-0.1811456319811788,-0.0075477346658824
afb0b0bb-bf63-52dc-2656-6bd1c99d80c8,"Quillan, Jacob",C,10,-0.1821837837136107,-0.018218378371361
f7257354-dd2d-1be6-154e-d16209af0eed,"Bjorgvik Holm, Ole Julian",D,11,-0.1908452734570916,-0.017349570314281
f0a39117-161e-e264-da18-15b3778333b8,"Kile, Alex",LW,3,-0.1960895368268439,-0.0653631789422813
8d434c78-29c6-c070-25df-62d63555ae45,"Parker-Jones, John",F,6,-0.1961214871153884,-0.0326869145192314
506ed90c-046c-1355-5f4b-198a95c3b689,"Howe, Travis",RW,61,-0.1981045536156074,-0.0032476156330427
c56cc222-6863-5331-3f3b-fdf23e0e6a8b,"Bernard, Xavier",D,7,-0.198508094815309,-0.0283582992593298
8d917b0c-c645-4b0b-0007-8d9684345c63,"Svejkovsky, Lukas",RW,49,-0.1992550210073853,-0.0040664290001507
cb8a6b8b-c5a6-4bfe-10b7-15c784b83a7d,"Bjork, Marcus",D,159,-0.2019778667810101,-0.0012703010489371
79bc71d8-67c6-ad0c-a7ff-56571d3a5536,"Dornbach, Casey",C,32,-0.2044973860187247,-0.0063905433130851
030cb72b-9d23-dd23-8b2e-6ceac608d8cf,"Barlow, Colby",LW,20,-0.2065152652652837,-0.0103257632632641
dbbae946-8f04-1674-1477-e384d02e344c,"Laaouan, Noah",D,5,-0.2068033545034254,-0.041360670900685
bc6177f1-4c3d-37fa-47dd-452cfcc446d1,"Merkulov, Georgi",LW,186,-0.2069996464610617,-0.0011129013250594
be222f66-bfbb-c80f-bc43-681942116c84,"Gaudet, Marc-Andre",D,9,-0.2109636631950081,-0.0234404070216675
e6793d76-c12a-24b3-375e-eaca9cd7dfc9,"Pinard, Simon",F,33,-0.2209294912194886,-0.0066948330672572
8435853c-7f48-63ac-af7e-286d5f753405,"Gagnier, Ryan",C,14,-0.2213298517379286,-0.0158092751241377
d89d0b83-74d0-635a-3d52-c1d5760f33f2,"Sawchuk, Riley",F,40,-0.2277746591233528,-0.0056943664780838
ed06b4df-81cc-bd14-ec2b-ef3c36cd7ba1,"MacDougall, Ross",D,11,-0.2314542062392433,-0.0210412914762948
a8710019-ad52-0061-c08f-181079c2ff0e,"Johannes, Hunter",LW,22,-0.2323464190034444,-0.0105612008637929
5c67bc38-5487-75fa-57e0-2d6811c164b6,"Galipeau, Olivier",D,200,-0.2339645201615054,-0.0011698226008075
e5ed606b-7c57-ce3e-d45b-80682aa56dbc,"Fitzgerald, Ryan",LW,20,-0.2346925185872638,-0.0117346259293631
0bd61d8a-c664-b1f0-5ec3-6ecf708679d7,"Vanroboys, Lucas",F,10,-0.2353740121312583,-0.0235374012131258
1350956a-3151-b7dd-2fc5-eb1606b1c265,"Caron, Thomas",RW,18,-0.236909772472132,-0.0131616540262295
8c885fad-a1cf-d44e-ff3c-1975721abdbc,"DeSimone, Nick",D,17,-0.2418738784641202,-0.0142278752037717
43529398-5d9b-dfbf-5964-8da03136e8e4,"Steeves, Ben",F,23,-0.2429991756600529,-0.010565181550437
b4a5f3d7-6dcc-ddb1-2e99-6d4e41755f66,"Colangelo, Sam",RW,19,-0.2470889428877739,-0.0130046812046196
d2958a70-f21e-b550-6791-91289dab5521,"Kupari, Rasmus",C,2,-0.2510872736350831,-0.1255436368175415
18c5295c-17f0-185e-9344-be3f0f3b9f01,"Berard, Ben",LW,102,-0.251593219478102,-0.0024666001909617
f6f7de10-882f-8def-cca2-93b0af174148,"Barbashev, Maxim",LW,7,-0.2571489402942616,-0.0367355628991802
8a45d469-457d-fbfb-73d4-7317b34f0969,"Ludwinski, Paul",F,16,-0.2582024482176343,-0.0161376530136021
70165726-e983-7685-d992-2fc41bce2ee1,"Empey, Tyson",LW,9,-0.258767947030614,-0.0287519941145126
bf0b96e6-a68b-21c7-b976-174d731f8537,"Jandric, Chris",D,21,-0.2608160458584919,-0.0124198117075472
7ec37cf1-8c7b-2297-4f37-342ce98affbc,"Crnkovic, Kyle",LW,16,-0.2650193861446943,-0.0165637116340433
6b122583-dd65-ac45-1516-8d861b35db24,"Bjornfot, Tobias",D,26,-0.2675049928937608,-0.0102886535728369
eb2b5a29-1de3-7a50-19d7-044c4c5234be,"O'Neil, Kevin",RW,19,-0.267958478424693,-0.0141030778118259
3b5ef339-2b52-54ae-e4df-883f892a0f9c,"Novak, Pavel",F,37,-0.2690303732047961,-0.0072710911676971
dc9f0cfa-c199-04a2-6250-6e0930eecb0d,"Kerins, Rory",C,192,-0.2728471659040269,-0.0014210789890834
27588d0d-69a7-2290-9289-ec66dce9bd74,"Miromanov, Daniil",D,27,-0.2732218924135693,-0.0101193293486507
11ba5a20-42e0-27f3-919f-cbda683b336a,"Lekkerimaki, Jonathan",RW,19,-0.2790323896756825,-0.0146859152460885
fb268d9a-085f-1487-8266-3acbb791df3c,"Supryka, Cameron",D,8,-0.2827840916422922,-0.0353480114552865
b8a3ba2c-d581-c3c6-e6ca-154f5e8ed1f3,"Frank, Ethen",C,168,-0.2833839275137735,-0.0016868090923438
2b6fc981-185e-a9b2-ba8c-149db137f2cb,"Nychuk, Chad",D,47,-0.2842734521036243,-0.0060483713213537
67b8ed43-a1e4-2118-c376-832d94f2e5ed,"Voyer, Alex-Olivier",RW,13,-0.2861875183902287,-0.022014424491556
675635e1-14fe-6bdd-0302-1323e92737eb,"Guttman, Cole",C,100,-0.2874066953572655,-0.0028740669535726
68d0b4fa-17ee-2870-f7f8-98925d440f04,"Ritchie, Ethan",D,20,-0.289737628378429,-0.0144868814189214
f13415c9-1d31-76ff-1bce-ea9575ecfc1d,"Hamara, Tomas",D,5,-0.2908652092571409,-0.0581730418514281
3dd072f0-2468-39e2-3d9e-a12975b519db,"Reilly, Will",D,10,-0.2934616143468531,-0.0293461614346853
1e181fe0-11d2-8b93-dfcb-0b3b08076a1f,"Swoyer, Colin",D,13,-0.293475246474586,-0.0225750189595835
107581db-e2c4-00ff-7acb-1e80b33f9e6f,"Walker, Nolan",C,12,-0.2943392356395101,-0.0245282696366258
4172a840-79da-c7b8-aae1-25744b0352d2,"Walker, Daniel",LW,13,-0.2960675991391354,-0.0227744307030104
0725a387-2958-6d8a-f640-b08ff23a6fdf,"Dureau, Jaydon",LW,6,-0.2968806023951918,-0.0494801003991986
44b58db2-605e-28c4-b1e3-33687e276bd1,"Ostlund, Noah",C,13,-0.3041103683872654,-0.0233931052605588
23822c5b-b1b1-7513-593a-b49f2969a0ec,"Panwar, Sahil",LW,14,-0.3063818031097339,-0.0218844145078381
2010c6f4-efe7-aef5-4f06-d4d161d98298,"MacEachern, Connor",C,11,-0.3109429498478949,-0.0282675408952631
1ec833b2-3651-589a-d9ec-d4709b0e02e8,"Fleming, Joe",F,13,-0.3135238858292957,-0.0241172219868689
1f3f339a-0636-6df3-54ca-c39983b31d52,"De Jong, Ethan",RW,31,-0.3141906901813793,-0.010135183554238
215a194a-b8e9-1d59-61df-608bca39f7fa,"Carroll, Noah",D,9,-0.3143225610935958,-0.0349247290103995
947511da-26e3-7172-699d-971b808818b7,"Vaisanen, Kalle",F,12,-0.3153503582132766,-0.026279196517773
d9b8d789-ddd9-9c7c-e52b-575b33e910f8,"Jelsma, Beau",C,14,-0.3169871819963811,-0.02264194157117
0131498e-6f12-f0f1-258e-5342af404745,"Morton, Sam",C,62,-0.3171192404769731,-0.005114826459306
6c770e87-d5d7-763f-0cca-765dbe76e8ef,"Brodzinski, Jonny",C,39,-0.3198416531036148,-0.0082010680282978
22faa189-5dea-eb18-37e3-b362e5909e09,"Hanzel, Jeremy",D,18,-0.3329553670444346,-0.0184975203913574
fcc211ea-3d12-1067-28c0-3465b4cb586d,"Hajek, Libor",D,31,-0.3380758676216558,-0.0109056731490856
b12e14c3-38a1-6474-171c-2d44328d98f7,"Brown, Matt",F,31,-0.346998128127669,-0.0111934880041183
d94c9d25-f8d3-d296-b8c1-46eef53a2f9c,"Levis, Connor",RW,20,-0.3519471413496442,-0.0175973570674822
93105492-11e3-ae78-6deb-24612004f134,"Crone, Hank",LW,13,-0.3523819862803115,-0.027106306636947
774bd9d6-51d4-5596-d6da-a8a7cbdece73,"Passolt, Josh",LW,35,-0.3609089029800843,-0.0103116829422881
73698e97-bdfb-0da0-c238-680315e73d71,"Brickey, Scooter",D,23,-0.3674444740484028,-0.0159758466977566
cb681adf-c005-f9ab-1da3-15257b4f1bdf,"Douglas, Curtis",C,146,-0.371118043938652,-0.0025419044105387
393edf9b-c8b4-b93c-4a23-c0b2ed585c9d,"Thompson, Keaton",D,60,-0.3724213171423453,-0.0062070219523724
157fdd64-36f2-ac7f-b2e3-489f22ef38ad,"Busdeker, D.J.",F,110,-0.382331602750505,-0.0034757418431864
560305e9-f7d6-b751-862e-546122ac7e55,"Bavaro, Drew",D,17,-0.3864681939253063,-0.0227334231720768
c35114ac-3137-f740-106a-393d981645d3,"Ludvig, John",D,40,-0.3867707904547389,-0.0096692697613684
2566d542-639a-ad0a-77f7-6bcb13181d43,"Massicotte, Zachary",D,54,-0.3878806807994718,-0.0071829755703605
9b73814b-a50e-958a-a5e4-15cf0373d762,"Parssinen, Juuso",C,123,-0.4021570120269884,-0.0032695692034714
667f32e1-cd4d-c151-6661-91ca6a4c1a2b,"Smith, Ryan",RW,20,-0.4032844643585839,-0.0201642232179291
d911dcc4-447c-8f68-c2b9-3d9d5be03c88,"Senden, Mark",C,15,-0.4036851414796641,-0.0269123427653109
c53b4e4b-a765-f0f4-8d71-2f91dab18d60,"Costantini, Anthony",D,30,-0.4050404839640474,-0.0135013494654682
8dad4f86-9253-e133-91e5-4d58aa04adc0,"Riedell, William",D,35,-0.4055758562942851,-0.0115878816084081
6b339084-95a1-64ba-783a-91019a97034d,"Looft, Kyle",D,18,-0.40704229920434,-0.0226134610669077
33b6e013-f055-b79a-e793-13d3cf4d77a0,"Chmelar, Jaroslav",F,19,-0.4104368494116283,-0.0216019394427172
604d9f76-2548-d1b7-d7db-bbeccf411412,"Walker, Nathan",LW,104,-0.4132489312936746,-0.0039735474162853
0753b094-9e2f-976d-85c8-d22a1d280e8d,"Jiricek, David",D,118,-0.416808970374089,-0.0035322794099499
1cdb2dba-e186-98bb-ac8c-e81b86f7628b,"Reinke, Mitch",D,30,-0.4235740907770881,-0.0141191363592362
db07a598-848d-2552-6cca-9e1ecaa9fd45,"Kent Elson, Turner",F,144,-0.4307041559187691,-0.0029910010827692
b54241e0-9df6-0411-9ef3-72a06b7f6b73,"Wylie, Wyatte",D,97,-0.4400965366149113,-0.0045370776970609
81f67e82-04fb-7536-2181-669ac1247363,"MacLean, Kyle",C,120,-0.440856865489712,-0.0036738072124142
a6f50fe5-0f96-77e5-dbe3-3ce072fdee4d,"Bolduc, Samuel",D,11,-0.4423076010979597,-0.0402097819179963
267ce9a0-5304-abb8-bc45-091992187107,"Edmonds, Lucas",RW,85,-0.4429521904642074,-0.0052112022407553
1f7fddd9-cf04-94b7-10e3-373f797b0312,"Bloom, Josh",LW,37,-0.4466588660035899,-0.0120718612433402
19c643ff-fb68-0999-d76d-840158053e4a,"Doty, Jacob",F,113,-0.4487612581208221,-0.0039713385674409
dadedaa6-e902-9a20-3ed6-79615ec3037d,"van De Leest, Jackson",D,36,-0.4513594143616771,-0.0125377615100465
f07cff63-8908-2719-267d-58273e85203a,"Spence, Jordan",D,5,-0.4515984026443709,-0.0903196805288742
73f06420-5218-b4b0-24ff-89cac49b0640,"Suthers, Keenan",F,19,-0.4527402409733808,-0.023828433735441
79afc51c-33ef-42b7-d824-12c175fedd9b,"Farrance, David",D,14,-0.4567440731617312,-0.0326245766544093
d355580c-76bd-6feb-cb4a-c789e8954d9e,"Zloty, Benjamin",D,26,-0.4574831636903987,-0.0175955062957845
b6a7a39b-58cc-cfcd-fea9-ccffe90ab4fe,"Lewandowski, Mitchell",LW,29,-0.4704202723208961,-0.0162213887007205
591a1686-4b9e-0b90-5859-447b4989253e,"Bertucci, Tristan",D,11,-0.4705859976721381,-0.0427805452429216
596db0b3-b0e7-ce8e-41f6-7008175ce45c,"Gust, David",F,223,-0.4799633877498026,-0.0021523021872188
d6cacecd-ace5-db8f-d62d-72f51f65b089,"Swaney, Nick",RW,35,-0.487796050071192,-0.013937030002034
62da8db3-43ba-54cd-41cb-1eedac95ba17,"Beaudin, Nicolas",D,43,-0.4883734219255874,-0.0113575214401299
8c0ebec8-d71e-d044-0d5d-0bbc79aa9155,"MacDonald, Jacob",D,7,-0.4985514626129428,-0.0712216375161347
ea896038-126c-6362-5259-0d35a0512227,"Harpur, Chris",D,56,-0.503534918936138,-0.0089916949810024
0582fe49-f4f6-218b-4da2-55131a99a890,"Tuch, Luke",LW,14,-0.5073186967963375,-0.0362370497711669
787a8432-19e0-0887-53f2-a9f68ba36658,"Poirier, Jeremie",D,77,-0.5116953342372547,-0.0066453939511331
8cd5c3e3-9a48-051a-d12f-0065c690b66e,"Jarventie, Roby",RW,86,-0.5130284914122256,-0.0059654475745607
cfba3301-eead-3014-a5aa-d4daa9cf5d3b,"Cajkovic, Maxim",F,23,-0.5137540508295144,-0.0223371326447614
334e9743-0236-f42f-1175-4431633384d2,"Finley, Jack",C,128,-0.5138914839371662,-0.0040147772182591
69c1e284-b220-e453-250a-66413a82618e,"Studenic, Marian",LW,154,-0.5144761150640361,-0.0033407539939223
a5d99bd5-04ad-cc18-c4b4-2e2ac07cd3e5,"Chinakhov, Yegor",RW,19,-0.5307244750493474,-0.0279328671078603
2864d29b-c2b5-a160-af4f-33bd2c5150ac,"Moberg, Cole",D,22,-0.5358707031422997,-0.0243577592337408
42d8748f-fc64-ecc4-7d4b-36f4f690f0a6,"Malinski, Sam",D,158,-0.5405318131175573,-0.0034210874247946
af6ab9b3-a019-9b82-fa37-120d97e9f0b6,"Coronato, Matthew",RW,125,-0.5431716820595427,-0.0043453734564763
f9459d9f-883c-1e56-921f-2f33d390fccc,"Lipkin, Sam",F,23,-0.5449274424329481,-0.0236924974970847
92ba8cca-e560-cb08-e2d6-15259ce631d1,"MacEwen, Zack",RW,27,-0.5500822385298716,-0.020373416241847
a340d31a-27b5-a8d5-bfb1-edfe27cf1e5d,"Gicewicz, Carson",C,35,-0.5591172932105302,-0.0159747798060151
4a0e87a5-8802-a049-3d39-4dcf34e5a10c,"Johansen, Lucas",D,85,-0.5594248214112706,-0.0065814684871914
eeab9820-8fb9-1fe7-a710-54c9e7a4e778,"Chisholm, Declan",D,36,-0.5716488349945816,-0.015879134305405
45600aff-c442-b856-6e9a-ae22ed437997,"Attard, Ronald",D,244,-0.5723986932733586,-0.0023458962839072
ee172400-aed4-5013-4ad3-4a4798d72b3e,"Tynan, TJ",F,224,-0.5748306914171476,-0.0025662084438265
ba2bb7e1-15a0-1473-7e9a-f985226ddac1,"Corcoran, Connor",D,10,-0.586389332122671,-0.0586389332122671
bc0901c4-4d45-8b85-d17f-37826e9e5b4a,"Clarke, Brandt",D,155,-0.5867127081291622,-0.0037852432782526
72f57d8b-f777-4c6e-65a8-d286a9fb5684,"Gourley, Jarrod",D,31,-0.5932601342441871,-0.0191374236852963
665699cd-274f-78a9-d163-2779fc7210a0,"Singleton, Tate",C,49,-0.5938709777046676,-0.0121198158715238
231a94b8-a063-d545-fed1-3a6b279a5467,"Barbolini, Matthew",F,25,-0.5962542462145664,-0.0238501698485826
8bd8e696-4514-a5d5-792b-80b002761f46,"Hirose, Taro",LW,163,-0.6019942034903852,-0.0036932159723336
94c36467-aa76-5130-5cff-0e324040d65d,"Isley, Jace",LW,18,-0.6094445237277395,-0.0338580290959855
b2f264ba-1fa2-c297-2cf2-a5109e7b99d9,"Reinhardt, Cole",LW,178,-0.6181851554108017,-0.0034729503112966
c10719af-87b4-f64d-abda-4dd75b197b9d,"Kniazev, Artemi",D,99,-0.623243903333574,-0.0062953929629653
21cf1d66-d9b8-9cc2-30ea-89b85f72ad81,"Ufko, Ryan",D,54,-0.6292807920980076,-0.0116533480018149
a2e5ba9a-a3d2-3c36-25f5-6b71426f884d,"Kuhlman, Karson",RW,192,-0.6324210203794193,-0.0032938594811428
2d0eb54e-169a-5f00-7761-2ca898c78da7,"Filipe, Matt",LW,113,-0.6391904282268485,-0.0056565524621844
9085fb56-a0fb-48b9-366b-f9988acec99d,"Milne, Michael",F,122,-0.6430363947190264,-0.0052707901206477
d11d3df7-7ef8-fb46-8220-3f5604bec3b8,"Robinson, Eric",LW,37,-0.6460854466290658,-0.0174617688278125
e53cf55d-c979-8258-a096-359968afcde6,"McCarthy, Case",D,9,-0.6556767213625898,-0.0728529690402877
d5f6e05a-f9e9-1794-4cc2-bfa4c2094f8c,"Joshua, Jagger",LW,146,-0.6565318577506319,-0.0044967935462372
8914c0ab-0284-2834-0482-78314b2008bd,"Duran, Riley",F,30,-0.6595531931223633,-0.0219851064374121
5d869c26-9a71-e900-832f-2f3b45e7471c,"Lohrei, Mason",D,49,-0.6597756428527495,-0.0134648090378112
e7ecd0e7-37ac-d982-a6e8-d5c883e4869f,"Nelson, Jaxon",F,32,-0.662320327207482,-0.0206975102252338
f6385516-0e06-82f5-5e29-9d38bdbb771a,"Blankenburg, Nick",D,81,-0.6641503807826201,-0.0081993874170693
1c9700dd-60dd-69e8-fde4-ed7e872fe2e1,"Walker, Cooper",C,23,-0.6644600588616957,-0.0288895677765954
90b75279-df8c-5e58-aeff-561d3ddb7df4,"Quercia, Matthew",LW,15,-0.6733387271435252,-0.044889248476235
9bb10472-226c-b81a-f090-f474f37bf428,"LaDue, Paul",D,148,-0.6737603876548536,-0.0045524350517219
de69fd7b-5c3f-76c2-b9c9-7e39a9e9b91d,"Fritz, Tanner",C,45,-0.6746853604980677,-0.0149930080110681
b7459409-30b2-bc6e-e869-0a99b09589c8,"Jones, Caleb",D,25,-0.679116401410161,-0.0271646560564064
4784e648-7a45-84cb-e5d5-3e5a6ba04f7c,"Aube-Kubel, Nicolas",RW,16,-0.6816323642534854,-0.0426020227658428
e9563f4f-7930-e1a6-b216-d97b3048803b,"Trivigno, Bobby",LW,117,-0.6863575954723422,-0.0058663042348063
646aee21-0866-adfb-0044-2b0e9797eef6,"De St. Phalle, Mathieu",RW,20,-0.6920417243648063,-0.0346020862182403
4f647688-70c4-b171-a10d-a802496205b3,"Bucheler, Jeremie",D,61,-0.6977577302517863,-0.011438651315603
1478b5df-3f0a-5c6c-2819-58f814f92e05,"McClennon, Connor",F,36,-0.7019193208168387,-0.0194977589115788
8200c442-154b-1e44-603c-432165892a57,"Shore, Devin",F,41,-0.7088005468158904,-0.0172878182150217
45ee61a0-3386-8b93-6df5-89b02e23b13b,"Nijhoff, Logan",LW,77,-0.7088384815998703,-0.009205694566232
234b7ce2-888e-e9aa-4752-601f5b79ea81,"Walsh, Reilly",D,188,-0.729620291203565,-0.0038809589957636
bd19400c-e2c9-2485-9923-3d621df406c2,"Boucher, Tyler",RW,117,-0.7362786223771094,-0.0062929796784368
4a958778-ad3e-a99e-3fd3-f9d53cc6e145,"Megna, Jaycob",D,13,-0.7368231715547142,-0.0566787055042087
fc12d491-2177-2be0-644e-ae4fd48e9c1b,"Bitten, Sam",F,47,-0.7409253320418634,-0.0157643687668481
03a7a59b-61cb-6381-2862-5428ea14fc32,"Xhekaj, Florian",C,19,-0.7410501436292583,-0.039002639138382
ec1ce0f1-da94-b52d-8de7-fe60510f16bc,"Sjalin, Calle",D,118,-0.7438047914948201,-0.0063034304363967
676fc7af-7d2a-e37a-3a5d-91082b375e1b,"Oligny, Jimmy",D,33,-0.749909424673235,-0.022724528020401
f01abcfa-44e5-5d4c-df7c-876f3b8011d1,"Bordeleau, Thomas",F,106,-0.7513399768510801,-0.0070881129891611
9fe70024-cd66-80eb-aa49-5618b43fa865,"Knyzhov, Nikolai",D,152,-0.7534212589149364,-0.0049567188086508
e8c62b25-fc94-0d6b-6339-037c18054011,"Smith, Konnor",D,22,-0.7610107899791336,-0.034591399544506
ebf31f99-7cf9-b77d-1a16-1da7f96aed4c,"Halonen, Brian",F,144,-0.7642138553262103,-0.0053070406619875
94b11c0d-68ce-3d88-12a6-a179af248e03,"Wahlberg, Anton",C,39,-0.7673498172097764,-0.0196756363387122
dab54890-f20a-0b2f-181d-e88083848dd4,"Malone, Jack",F,11,-0.7731353964645274,-0.0702850360422297
38c336f8-97da-9f14-d503-e14a767e995e,"Forbort, Derek",D,15,-0.774246727380974,-0.0516164484920649
5f3ba977-2b47-50ed-9f99-9fcc71574006,"Jones, Jett",F,66,-0.7760256038105628,-0.0117579636940994
ce8efa65-92ac-016a-bc78-8cb03af0c2f4,"Struble, Jayden",D,18,-0.781816370772053,-0.0434342428206696
481557d2-206d-33a3-ff24-624dd21c0ac5,"Karashik, Adam",D,45,-0.7838577727158997,-0.0174190616159088
e918450e-ded3-d0b7-60e9-6090d9b2c120,"Stienburg, Matt",F,141,-0.8078774758172651,-0.0057296274880657
72ca1126-3d98-e9b2-12ea-6b65e429a53b,"White, Gavin",D,172,-0.8141846156172816,-0.0047336314861469
015f554a-21c0-99bc-0a31-a176810b40c6,"Shine, Dominik",RW,216,-0.8143046771016826,-0.0037699290606559
18661cc1-b9d0-2e30-154e-9ae1b75e54e8,"Healey, Josh",D,155,-0.8305618830511412,-0.0053584637616202
0e48d7ab-436f-db69-ff28-bffca486cb7c,"Laroque, Gannon",D,39,-0.8316418080859801,-0.0213241489252815
93287ee7-f6cd-636b-e83c-9a63094f9c0d,"Vincent, Anthony",F,55,-0.8377618717943877,-0.0152320340326252
eeb9d4d1-0d23-550d-2796-42a09d440711,"Pouliot, Derrick",D,268,-0.8416864055231176,-0.003140620916131
9c5a0e11-4272-5962-2621-08678ba1b301,"Kolyachonok, Vladislav",D,136,-0.852661142558792,-0.006269567224697
36aa7c8a-2625-8217-ba6f-dc50c4f05976,"Peterson, Dylan",F,31,-0.8557066044441746,-0.0276034388530378
4dc06afa-7695-c51d-14c4-d3ab25606dd9,"Zmolek, Will",D,23,-0.856533524093843,-0.0372405880040801
16966ad3-18c0-6ab1-74af-20bb514ab15a,"Okabe, Zach",C,52,-0.866168378060213,-0.0166570841934656
09f381c0-6a47-8eff-31ea-e1c938853285,"Mcallister, Ryan",F,67,-0.8689821612428108,-0.012969883003624
d151950a-074c-744d-f04a-0487129cf9e0,"Berglund, Carl",F,39,-0.8725726292108137,-0.0223736571592516
38337d0c-d847-3281-c6cd-ee7361785511,"Hicketts, Joe",D,54,-0.8755282217159317,-0.016213485587332
335244ec-3806-b028-c666-93782915701e,"Allard, Tristan",C,197,-0.8829170765076606,-0.0044818125711048
8479de8f-eb8d-f74d-9071-11aeb7cb3721,"Brady, Darren",D,14,-0.8833126871902675,-0.0630937633707333
dd91f3fc-eed6-9558-5fcc-f84206b9651f,"Marcel, Marcel",F,83,-0.8965269533726101,-0.0108015295587061
7d94bd1c-7703-09e0-71ad-e2955531637d,"Pettersson, Oskar",RW,85,-0.9068005654211768,-0.0106682419461314
86e84326-bbdc-0d98-1c14-c40027327ec3,"Ellis, Max",F,75,-0.9150726914945936,-0.0122009692199279
5baf9274-110b-c144-384d-72f5733f935d,"Rassell, Mark",LW,93,-0.9173973556767612,-0.009864487695449
0f019453-f052-7bc8-02ed-1016fda53512,"Harpur, Ben",D,21,-0.9359098899197976,-0.0445671376152284
3e888030-0357-1ee0-55fe-24b435d565ea,"Giles, Patrick",F,179,-0.943704748790536,-0.0052720935686622
0f1cb51b-ffed-b0a3-4bb4-5521cdddbf60,"Xhekaj, Arber",D,72,-0.9506465348793232,-0.0132034240955461
36cdd1d1-54e8-c461-9d2b-7684df1843de,"Wiesblatt, Ozzy",RW,145,-0.9534279520533766,-0.006575365186575
7c6b27d0-8b1b-dd6d-cfed-b6769b895e8d,"Maggio, Matthew",F,162,-0.9574872939896718,-0.0059104153949979
3bf23b92-9a1d-7c1c-38fc-d173028e1fca,"Fedun, Taylor",D,99,-0.9584026822481106,-0.0096808351742233
8bf524f6-7499-1f04-dd8e-e7e80934fb0f,"Kuntar, Trevor",LW,187,-0.958406630871218,-0.0051251691490439
0ae96538-0067-681c-06a1-290633a469a2,"Vande Sompel, Mitchell",D,133,-0.9662109135590604,-0.0072647437109703
db9c8af3-01e3-2f51-4cfd-cabf439c3c0f,"Skoog, Wilmer",F,142,-0.9749623187931844,-0.0068659318224872
df6a8e05-e355-a99c-b003-7560a4ba6b75,"MacKinnon, Ryan",D,70,-0.9770249157563726,-0.0139574987965196
4d078dae-3c80-5494-dfe0-cc6cb4da38e7,"McKay, Riley",F,108,-0.977604350244242,-0.0090518921318911
d02b010f-8cb4-7c7b-9319-50dd7c95cab2,"Kuefler, Daylan",F,80,-0.9867066132110556,-0.0123338326651381
3d5d0fd7-9f6f-134b-217b-a762b833d6ad,"Wesley, Josh",D,36,-0.9871518100017898,-0.0274208836111608
c3208728-7827-6c33-5a6a-1a08e435a09e,"Kuzmin, Dmitri",D,60,-0.9881769533775916,-0.0164696158896265
47d857f2-7d2a-edfc-e1c5-73767c716a2f,"Sweezey, Billy",D,206,-0.9920096297322611,-0.0048155807268556
f9a7d1ed-389b-12c2-9eaf-5265b329406b,"Young, Colton",F,32,-1.012121488410441,-0.0316287965128262
d7e15544-a382-b7ae-d2ed-7fcff5f65212,"Digiacinto, Cristiano",F,26,-1.0188533395495638,-0.0391866669057524
fed895a2-f838-f5cc-d4a6-a4306ab324de,"Mast, Ryan",D,36,-1.021877677588514,-0.0283854910441253
116b08bc-a980-abc6-eb2d-8f3aebbd6f7d,"Limoges, Alex",F,182,-1.0241243565521163,-0.0056270569041325
dd4fbde3-ce22-48e4-f9c3-294a3853c62e,"Ovchinnikov, Dmitry",F,67,-1.0302548126505149,-0.0153769375022464
facc5b54-f018-45c4-6044-abe2eba5d33a,"Ponomarev, Vasiliy",C,114,-1.0352862679758936,-0.0090814584910166
5e3aff3e-8291-6d82-73bc-fe525c00af0b,"Mastrodonato, Keaton",F,41,-1.04331210144067,-0.0254466366205041
b8455924-5254-86eb-23ef-ff5636bcaa43,"Perrott, Andrew",D,72,-1.0471062338057215,-0.0145431421361905
8e5056cf-83a8-a237-0caf-4ed9b12d5aa1,"Kemp, Brett",F,74,-1.048516987733386,-0.0141691484828835
d8a9e690-8ec0-b640-ae0c-ca057bcd8952,"Prokop, Luke",D,40,-1.051152658884397,-0.0262788164721099
6b02137d-510a-65ed-24a8-c60dffebc9f3,"Giroux, Damien",C,70,-1.0570763750794414,-0.0151010910725634
df12ad2d-04ed-754c-05a4-f9c7cfef7a32,"Gaucher, Jacob",F,125,-1.06510861655754,-0.0085208689324603
5d6f0db2-b383-c7d8-7c92-f7065bebe70a,"Marek, Bradley",F,55,-1.0712047159917946,-0.0194764493816689
0ab603b4-dfe0-01a2-90a2-e98048b67f73,"Guay, Patrick",LW,57,-1.0719677516039328,-0.0188064517825251
67d7dce3-3de0-3021-706f-3f85c3ac4b11,"Abbandonato, Peter",LW,117,-1.0832249880271547,-0.0092583332310013
647a31e3-83fc-035d-c92c-bedd256d0c59,"Brisebois, Guillaume",D,36,-1.0862536157243787,-0.0301737115478994
6216d68a-d22f-ad77-1830-61fb2ceef304,"Rueschhoff, Austin",RW,155,-1.1039363462031095,-0.0071221699755039
cb28bb02-f73f-42c5-9e45-d1b51de84254,"Lopina, Josh",C,152,-1.105998542401875,-0.0072763062000123
28fee7d1-3bbb-19df-abd4-2e0febaadcea,"McIsaac, Jared",D,51,-1.106810397181217,-0.0217021646506121
1cd5766e-7d47-c25c-1803-8237c6d850a4,"Roe, Garrett",C,158,-1.1107889210540765,-0.0070303096269245
14cbd768-52a0-a790-01c1-f5b32c569bca,"Maniscalco, Josh",D,90,-1.1266192508995485,-0.0125179916766616
3728a22e-e32e-cf71-be16-1a6317838f86,"Doucet, Alexandre",LW,30,-1.13879961976459,-0.0379599873254863
e8c906a5-ad53-39cf-455e-9abd2e047646,"Yoon, Bryan",D,46,-1.1439313067340118,-0.0248680718855219
1feafb05-4f4a-c6c6-b5e0-371af3fc21ff,"Myatovic, Nico",LW,35,-1.1523874026344627,-0.0329253543609846
59579462-cf0b-8270-0094-5113af13d750,"Cardwell, Ethan",F,253,-1.1574432743195016,-0.0045748746020533
c6548f66-32fe-d071-8807-3d92f9c63357,"Clurman, Nathan",D,147,-1.1700813741006306,-0.0079597372387798
fea18a05-3370-0f25-8fbb-927342eeefcb,"Boudon, Louis",C,42,-1.1719658746514685,-0.0279039493964635
5e97725c-294e-9f96-1be5-1960f6b93d17,"Gallant, Alex",LW,115,-1.1748715156735627,-0.0102162740493353
4668053a-dbbc-9e0b-5510-71a303a7902d,"Mazur, Carter",RW,195,-1.175266788528796,-0.0060270091719425
428c5d34-f5d8-7b61-923b-e61d6221eec1,"Matier, Jack",D,63,-1.1805316995065172,-0.0187385984048653
e8fcf932-3019-3ccc-543b-67b8c8e584bb,"Petrovic, Alexander",D,319,-1.1867922988739303,-0.0037203520340875
b3585f9c-6b5b-057f-4b5f-0931b9714c57,"Brabenec, Jakub",F,150,-1.1874607220585205,-0.0079164048137234
f24ab0d7-cf57-4fc4-8378-bf8bfab5dd15,"Budgell, Brett",F,31,-1.194162164363539,-0.0385213601407593
0601a4ed-1515-44af-ec9e-749318820437,"Wheatcroft, Chase",F,126,-1.1986515942003235,-0.0095131078904787
9175a5a9-9fbd-0d4b-8db1-799ddc3b65e7,"Osmanski, Austin",D,52,-1.198762530783179,-0.0230531255919842
bcfc449f-d442-64d4-e387-32dabfcda765,"DiLiberatore, Peter",D,88,-1.2017217062105674,-0.0136559284796655
1a8b325b-f423-4cca-aafc-bd79e3ab00b6,"Schmiemann, Quinn",D,91,-1.2110449229339584,-0.0133081859663072
4f0a5304-b10d-cc26-c5ba-05b618309cc4,"Trineyev, Bogdan",RW,166,-1.2129139778495972,-0.0073067107099373
7777eacd-caee-687f-c0ce-d586b80cdb31,"Pinelli, Francesco",F,136,-1.2157343780069494,-0.0089392233676981
c680ffcc-b3f4-241e-b204-4427348d5e37,"Berzolla, Zach",D,56,-1.2287572455743496,-0.0219420936709705
650d3032-1d13-5ad8-b295-80e86c324b0f,"Stillman, Chase",RW,177,-1.2521206137613756,-0.0070741277613637
acbdcc82-71fc-3c33-ba21-35cb831c9cbd,"Cesana, Dennis",D,92,-1.2522347546035917,-0.0136112473326477
8127c1a5-26ad-e502-64ef-c7ff9b63667f,"Foote, Cal",D,108,-1.2583787175066197,-0.0116516547917279
cd489321-0cb6-1202-edc1-5fdf801b7738,"McDonald, Kyle",RW,164,-1.2585138111865142,-0.0076738647023567
0cdec058-c5f4-0045-d7bc-01b73ecdfb07,"Theisen, Colin",F,98,-1.2695280156508442,-0.0129543675066412
9e3f822a-0667-55ca-0e17-9a2d6e21bfe3,"Moore, Lleyton",D,45,-1.274991300215917,-0.0283331400047981
be9b1963-d3f6-e521-244e-9c4efcb1c08e,"Dickinson, Tanner",C,60,-1.2797140299327627,-0.021328567165546
40a1ae61-e5e0-fe0d-be00-47040f3be4d1,"Mitchell, Travis",D,110,-1.285200220862787,-0.0116836383714798
1626a981-83e3-5292-c345-a374053dc548,"Profaca, Luka",D,86,-1.2887349444786524,-0.0149852900520773
ad4b002b-5fc6-4cdc-1d16-192ced8c9b16,"Gaudet, Jake",C,147,-1.304210392546202,-0.0088721795411306
35f3a7f5-9cc0-b826-da68-5809c32a4aae,"Robert, Felix",RW,154,-1.3086329965815902,-0.0084976168609194
c8f5ce37-256b-6dba-d068-eccc978959b9,"White, Colton",D,184,-1.3194883196797602,-0.0071711321721726
e577030c-2678-b003-ed0e-fc2d1c78433c,"Malmstrom, Anton",D,69,-1.329406644158429,-0.0192667629588178
963e7b7e-ada7-34b2-b447-eebe01c946c0,"Mitchell, Ian",D,144,-1.3299393879591337,-0.0092356901941606
ca8bc734-74c0-cc3e-db09-72ea657f75e2,"Clague, Kale",D,112,-1.3318563030627872,-0.0118915741344891
d5cbd975-fd60-baee-98cf-7ef20bd4859f,"Gauthier, Julien",RW,62,-1.3411166088035544,-0.0216309130452186
3f6ad3c6-b702-04a6-5fc9-ffe9845026b1,"Simoneau, Xavier",C,96,-1.3471145113862109,-0.0140324428269396
0fa13fd5-ec65-dc47-fa79-66e4a160144f,"Stromgren, William",LW,177,-1.3494899579016986,-0.007624237050292
7cb3042e-45eb-45ed-256b-52f95468e17e,"Stranges, Antonio",F,190,-1.350792592437441,-0.0071094346970391
87376fde-0929-ba1c-b649-11a86bd72d17,"Glover, Ty",LW,112,-1.360257159214561,-0.0121451532072728
f2bc8771-8044-2f22-b289-2e910a46dfce,"Heatherington, Dillon",D,206,-1.363705339735977,-0.0066199288336697
a4fe9cde-2b89-7e99-5181-d8855c55e821,"Crevier, Louis",D,205,-1.3798934779337002,-0.0067311876972375
e2e9d274-2a93-02e4-c3ce-b61e1a6e6599,"Kyrou, Christian",D,181,-1.3930374020119154,-0.0076963392376348
88947b55-b654-777f-1975-626f9ea28095,"Bezeau, Riley",F,103,-1.3994379453093206,-0.0135867761680516
332983fd-d9b9-3b78-fe67-9b985bf20d66,"Olofsson, Gustav",D,160,-1.4024541567488886,-0.0087653384796805
2cd11afe-06d7-f761-66be-35ca4a2ccc0e,"Sebrango, Donovan",D,124,-1.4052848744411257,-0.0113329425358155
7140c5e3-c7b4-5dbc-61bf-89b315e97277,"Petman, Ville",F,169,-1.41262290358896,-0.0083587154058518
1c1f6b61-7245-c44d-eda9-90793130dfa5,"Spezia, Tyler",RW,104,-1.414418557933613,-0.0136001784416693
65c9be45-0771-6bcb-0263-5b74fc8423af,"Carrick, Trevor",D,281,-1.4262503727673244,-0.0050756241023748
98965e88-1cad-c56a-4b3e-ee71b2b79b90,"Harrison, Brett",RW,102,-1.4283597322160235,-0.0140035267864316
0660c78a-40aa-215c-b039-bbc205fae8a7,"Kinal, Roman",D,65,-1.4291250064956251,-0.0219865385614711
87b124cb-b80e-9285-0449-4b9a169daf1e,"Wright, Cameron",RW,137,-1.4307218805738298,-0.0104432254056483
27281544-ba73-12b1-7101-bca8c999f508,"Viro, Eemil",D,95,-1.4319018688584246,-0.0150726512511413
c9060c85-0600-ed69-de2d-6aa7611fc7bc,"Gaunce, Brendan",C,112,-1.4331264649102733,-0.0127957720081274
21555bc9-a08d-032e-ef88-be32e61cd8a0,"D'Amato, Daniel",LW,164,-1.4355723227756765,-0.0087534897730224
cdc94907-804c-5cef-ce85-830a04ee6718,"Hickey, Brandon",D,145,-1.4382532050773384,-0.009918987621223
6815a801-6584-a22a-0db0-2dc6e23d8928,"Capobianco, Kyle",D,375,-1.4383337239811569,-0.003835556597283
27be5d93-9bc0-8a87-41dd-e96fea901efc,"Ceulemans, Corson",D,162,-1.4498904421865368,-0.0089499410011514
f2566bc6-bfea-c074-e304-be4d0e8006e2,"Kambeitz, Dino",RW,141,-1.4610214203579177,-0.0103618540450916
968696dc-b172-bf02-b39b-747e1d1433c0,"Ahcan, Roman",LW,169,-1.4677416559709098,-0.0086848618696503
c51c4508-f268-b8c5-0cb1-26b9859a9083,"Tverberg, Ryan",F,123,-1.4688091316868703,-0.0119415376559908
a57e1296-4e60-4fa6-4a9d-784b27327f24,"Usau, Ilya",F,118,-1.4833954158590446,-0.0125711475920258
61b3f3d2-10b6-46fd-9416-8976a893ef23,"Highmore, Matthew",C,173,-1.498587269995932,-0.0086623541618261
65195a5e-8639-a163-d566-03adc8582060,"Tuomisto, Antti",D,199,-1.5013112549285406,-0.0075442776629574
d15b7347-90d7-1d06-a06e-c323170ae988,"Saulnier, Brennan",LW,90,-1.501537254713608,-0.0166837472745956
2498c93f-f70d-0583-16e2-611688ad59b1,"Demek, Jakub",F,228,-1.5133803760817472,-0.0066376332284287
1f87233d-cd1d-1ebf-d866-e777d5b45092,"Edstrom, Adam",C,135,-1.5145299171693538,-0.0112187401271803
dcfd5d40-4240-1426-b224-8da9ede17716,"Khodorenko, Patrick",C,194,-1.5302578168492784,-0.0078879268909756
5dce00f3-ba59-bbe3-62ad-cbb2a438bbb6,"Ansons, Raivis",C,88,-1.5398352026180009,-0.0174981273024772
5a19d98a-9812-e36d-7c3e-df3822110857,"Furry, Brendan",LW,110,-1.5416388906642489,-0.0140148990060386
10dc6160-92cb-46e1-6a03-5ad027bace99,"Guryev, Artem",D,97,-1.5641822577684044,-0.0161255902862722
4547b0f8-61ed-35aa-c402-92122503bf23,"O'Leary, Mike",C,116,-1.5682170020729491,-0.0135191120868357
d8b45f27-27ab-1ac3-7858-ddf31bbf62b0,"Ivan, Ivan",F,250,-1.579237100249234,-0.0063169484009969
67c9940a-3733-2962-f9b4-f523a2d1df8f,"Ciona, Lucas",LW,141,-1.5830001422254547,-0.011226951363301
618e3d3d-1bfe-2f62-3982-e1dae44b9c4b,"Headrick, Owen",D,77,-1.5921316974429511,-0.0206770350317266
c05db9ee-e2c8-5bba-3a20-cee81b8b04c1,"Butcher, Will",D,130,-1.6051559496764234,-0.0123473534590494
5bd62585-fe76-88d0-45d7-8841bb9908ce,"McKeown, Roland",D,293,-1.616583728357579,-0.0055173506087289
ce2b247b-205a-e275-79bc-893e80beb087,"Lilleberg, Emil",D,142,-1.6187493793833312,-0.011399643516784
cf47f181-03bc-cec7-23d8-23f407701653,"Weissbach, Linus",LW,138,-1.6250477383744515,-0.0117757082490902
066364b9-b235-6207-1061-3d0155cb2b66,"Smith, Ty",D,210,-1.6512755817645337,-0.0078632170560215
4cbd21fa-5265-f7d5-ac2f-2fd78d7480aa,"Hirose, Akito",D,131,-1.6605259692436696,-0.0126757707575852
695f117e-849a-d6fb-56be-a783203f4822,"Pettersson, Elias",D,44,-1.666251409823318,-0.0378693502232572
923dd5d7-8c14-5d5d-ea10-b3d01db29281,"Murray, Jacob",D,76,-1.670259452449788,-0.0219770980585498
7cbfd18a-87fc-1935-d240-d08c0ca78a00,"Savoie, Carter",LW,133,-1.6864591937630895,-0.0126801443140081
3bc06bbe-5d1f-aa0b-c51e-f0c83f70803a,"Petan, Nic",F,271,-1.689623383653919,-0.0062347726334092
f5fcdc05-b825-c3c6-187d-b79bb81ea956,"Rosen, Isak",RW,163,-1.7122053461293238,-0.010504327276867
d49cdcaf-2064-d35c-0aff-7d8aa8e3be32,"Spacek, David",D,217,-1.725216431432833,-0.0079503061356351
c401dc01-1fae-5a0b-da00-3083e81a9fc4,"Abate, Joey",F,120,-1.7451356293089475,-0.0145427969109078
c5258da6-5caf-3b59-ba84-ef3308239868,"Chromiak, Martin",F,191,-1.748511298193338,-0.0091545094146248
73819ce9-d8cf-b983-9994-bf279611d66f,"Hutton, Grant",D,167,-1.755064034326063,-0.0105093654750063
546e5d35-2029-44d0-117a-403784a2cc7b,"Middendorf, Erik",F,88,-1.7584232890248526,-0.0199820828298278
1acdc235-915d-5342-3376-071fbe4ebfb0,"Seppala, Peetro",D,151,-1.7657526096029237,-0.01169372589141
987b6366-d0e8-ced6-e37d-95f8ca177630,"Carlsson, Lucas",D,215,-1.774866807350584,-0.0082551944527934
0bfc03fb-71ed-510a-01d1-3e6e6a1ff531,"Torgersson, Daniel",LW,223,-1.7938885007640208,-0.0080443430527534
e5676b25-a8f8-2cb6-6c4b-c0a127f7d5a6,"Niemelainen, Markus",D,95,-1.7998770177568408,-0.0189460738711246
f11bb2e0-f643-8289-6250-1ecd4af5be1b,"Bongiovanni, Wyatt",LW,152,-1.818518735298704,-0.0119639390480177
a434fff2-8e1b-5bc6-1759-b545496778b5,"Edvinsson, Simon",D,193,-1.82593605970084,-0.0094608085994862
e83be427-c991-506c-5133-ca5f4a743e97,"Day, Sean",D,163,-1.8278002518023304,-0.0112134984773149
7654aef7-b9f3-a41c-bd8c-5746babb1db9,"Neuchev, Viktor",RW,141,-1.8314480247972371,-0.0129889930836683
6d2da62b-0ab1-541a-7398-f2997a37927c,"Kidney, Riley",F,183,-1.836191665365494,-0.0100338342369699
90e5f527-993f-a1ac-44b5-9fb226fa6128,"Whelan, Alex",RW,152,-1.8667269799652624,-0.012281098552403
9d5f9778-e77b-d632-be6a-b05e1df07de4,"Inamoto, Tyler",D,25,-1.902504212386404,-0.0761001684954561
ee8879eb-2f2a-d7c5-6173-cb7eb3ffa0c5,"Betts, Kyle",C,119,-1.904976752225429,-0.0160082080018943
ea7c79f4-a992-0dfc-7f0c-913a5c701c2f,"Korczak, Kaedan",D,86,-1.9119316917675977,-0.0222317638577627
15f4d004-953c-10f0-c9f3-d5e55866559b,"Pederson, Lane",C,211,-1.9175429436511269,-0.0090878812495314
e687b686-2fb1-2fe6-dce2-df6b6c938539,"Ahcan, Jack",D,318,-1.922100404790011,-0.006044340895566
b233d426-2432-2abd-cb57-c1f6ca4aab46,"Wotherspoon, Parker",D,111,-1.9231796920612352,-0.0173259431717228
06aa1b16-e3ee-cce4-0a42-b0f70600c477,"Laberge, Samuel",LW,161,-1.9239400651133665,-0.0119499382926296
08561f93-bc89-bd96-1bab-6905b3f7e9c7,"Villeneuve, William",D,206,-1.9311929580742384,-0.0093747230974477
647565e5-1012-bd7f-f56f-3fc756a2ad52,"Millman, Mason",D,65,-1.9384448243500536,-0.0298222280669239
7f87b4e4-74a0-39b3-ec2d-526b02fbdfe0,"Wolanin, Christian",D,207,-1.9384500464474583,-0.009364492978007
8425379d-202f-4478-138b-b9d256fa9648,"Pietroniro, Matteo",D,150,-1.946030159821231,-0.0129735343988082
dd368f54-e501-b3b4-cfb1-0168ac8455c4,"Tuomaala, Samu",F,192,-1.978711119397668,-0.0103057870801961
c8435e7f-7ff0-6f11-6888-b412a9c7f67f,"Miller, Tommy",D,167,-1.9793534739281904,-0.011852416011546
92a1bf87-e138-f25a-ebab-c92e182b701e,"Pilon, Garrett",C,218,-1.9963932411165504,-0.009157767161085
728870e3-f628-bce2-5544-711d35c037ca,"Gagner, Sam",RW,45,-2.0083067777747057,-0.0446290395061045
4289fb89-c2f9-7f84-266f-fef249c727fc,"Metsa, Zach",D,125,-2.026492455675446,-0.0162119396454035
4ef5382c-6459-519f-de86-96aa6ab54c2e,"Welinski, Andy",D,130,-2.0296966109295136,-0.0156130508533039
8c8bb5e3-c1bf-5fe7-5c06-9c2edca91261,"Onyebuchi, Montana",D,175,-2.041188067670652,-0.0116639318152608
9e0e0f1c-bcac-2b93-5f18-622924dfb131,"Gawanke, Leon",D,180,-2.048695203216805,-0.0113816400178711
6578b042-673a-e73c-1592-4683af466291,"Davidson, Jared",F,85,-2.0493513628629993,-0.0241100160336823
5d03b81f-67cb-341f-bd17-e8a0a6527423,"Hunt, Brad",D,304,-2.0524144239926607,-0.0067513632368179
d5be06ce-db59-67c3-a447-ae68e71e7471,"Feist, Tyson",D,111,-2.056402352634226,-0.018526147321029
70440719-b72e-82a5-613d-20867495af20,"Marino, Kyle",RW,178,-2.057349981445856,-0.0115581459631789
0fec22fb-1012-3b71-e15a-fa49606b54ed,"Hunt, Dryden",LW,61,-2.0722677605224566,-0.0339716026315156
7a3d5183-f0ac-85b6-bc44-69b7a3dd6d6d,"Bourgault, Xavier",RW,127,-2.074379958243641,-0.0163337004586113
09ebb57b-5c02-284e-ddc1-6b5bb2245be0,"Stevens, John",C,274,-2.089296807751667,-0.0076251708312104
62290f70-c057-68ae-6d76-548e7fc1a2c2,"Petrov, Matvei",LW,116,-2.09180890962388,-0.018032835427792
d028de61-a5f1-fc1b-87ce-7160b5ebbe16,"Chayka, Daniil",D,280,-2.095360092974687,-0.007483428903481
bb2c81a7-ec5a-c3c3-28e2-077918bc20a3,"Jones, Nick",F,204,-2.1081988409606485,-0.0103343080439247
7fac9254-996b-8a15-fa1d-a7ed1a23dcc4,"Solow, Zach",RW,203,-2.1279765230194068,-0.0104826429705389
49d42dd2-3278-16e3-d4fd-22c863adfade,"Svechkov, Fyodor",C,156,-2.1308707920155983,-0.0136594281539461
a8ddd322-1d59-e6d5-6eae-09dde5c61284,"Luypen, Jalen",LW,195,-2.147728553030917,-0.0110139925796457
0e54465c-5689-124b-2815-81c899f63dc0,"Ward, Taylor",F,161,-2.151939527188561,-0.0133660840198047
ff452b22-0fff-8ee8-7593-be9565ee6205,"Robertson, Tucker",F,115,-2.152718079882243,-0.0187192876511499
9108f109-2f27-6e12-5e0a-b692517acf4c,"Carrick, Connor",D,239,-2.163959323322338,-0.0090542231101353
81b31cdc-d76d-a42f-88d9-2ade366ffb25,"Engaras, Filip",C,144,-2.1806219671627054,-0.0151432081052965
6478e1ee-af93-5c31-b87a-97218a8236b2,"Wolff, Nick",D,128,-2.18750365185598,-0.0170898722801248
ac67f786-2de5-43b4-d0af-ae6afd5f161e,"Pysyk, Mark",D,148,-2.1883851659356264,-0.0147863862563218
fc2945e6-a58c-9d0f-68f1-2fdcd3a205c4,"Avon, J.R.",F,148,-2.21075061760472,-0.0149375041730048
8df2c45c-6f81-8208-c618-60164a40834f,"Felix, Colin",D,91,-2.212310897215452,-0.0243111087606093
0b8f58a5-5832-8a88-35d3-83d96f258329,"Haiskanen, Cody",D,104,-2.2255922801064005,-0.0213999257702538
272de64a-7d31-21fc-c289-c314245517bf,"Gendron, Alexis",F,84,-2.2289017257560326,-0.0265345443542384
cbabf9a6-fbd2-f2f6-6f08-ba10e8ea843f,"Mermis, Dakota",D,73,-2.2342340858872074,-0.0306059463820165
f9c21b86-8a2b-b378-5127-75e172925146,"Reinbacher, David",D,77,-2.239714957892328,-0.0290872072453549
5053122c-425b-eb9a-fd96-63387bb70366,"Rolston, Ryder",F,187,-2.240941772667343,-0.0119836458431408
f2672d3d-1839-4bbf-958e-0af6458a7c50,"Broberg, Philip",D,176,-2.2529603191252017,-0.0128009109041204
66cb9389-fb62-0a30-a1e9-2be938f5ed7c,"Solovyov, Ilya",D,228,-2.2736605389601428,-0.0099721953463164
2dbd1b27-fe28-9015-7542-92463860eb84,"Hinds, Tyson",D,248,-2.3368090630866627,-0.0094226171898655
6762871d-0826-62ea-33f7-af39ac92c913,"Gatcomb, Marc",C,197,-2.354610365165081,-0.0119523368790105
af4b1383-6455-2988-0dab-f2fd733e167b,"Zhilkin, Danny",C,176,-2.368453588759928,-0.0134571226634086
951d13b9-5872-4030-e350-fde01da2db5a,"Korczak, Ryder",F,192,-2.394077892627014,-0.0124691556907656
f6d8202b-236b-bc18-e141-f14240c3c246,"Schaefer, Reid",LW,203,-2.402337959059708,-0.0118341771382251
58783cc8-82b3-f9f3-fcf1-fec74713086f,"Soderstrom, Victor",D,262,-2.4121790707367072,-0.0092067903463233
b2928a2f-57af-15cf-fb3f-b3917e2f5b6a,"Masters, Kyle",D,83,-2.4210231984651145,-0.0291689541983748
60c20331-7db0-a69c-c669-703d1c502f16,"Pulli, Valtteri",D,207,-2.4272063219944866,-0.0117256344057704
57c6f70d-40e1-30b6-e92f-b01c49faf541,"Wagner, Ryan",LW,193,-2.43486583537057,-0.0126158851573604
2bac8c42-d730-5703-9583-b7cebb96c736,"Thrun, Henry",D,83,-2.4349992722505234,-0.0293373406295243
faf301b4-fa0d-303d-9cc5-6e5633143bc1,"Knazko, Samuel",D,145,-2.435351857897645,-0.0167955300544665
1c7fb1ea-cf20-6a27-04f5-4b782c22a62d,"Toporowski, Luke",LW,190,-2.4749421994613265,-0.0130260115761122
4166d06f-c778-e270-abf2-d125f7494262,"Helenius, Samuel",C,183,-2.502379266021339,-0.0136742036394608
44ad96dc-c0b6-9c77-310a-42c86826d41a,"Cormier, Lukas",D,246,-2.510926415789735,-0.0102070179503647
f3bbce09-c265-0be1-5e2e-71431ffa9edc,"Gaucher, Nathan",C,220,-2.540127826472708,-0.0115460355748759
6dbb81a4-b033-f2eb-d097-8a60da618a8e,"Bankier, Caedan",C,210,-2.565467325907479,-0.0122165110757499
55083278-5797-8647-ed4f-5deab1f4fb43,"Barron, Justin",D,144,-2.6180044347457088,-0.0181805863524007
61a43f85-2e5c-ef36-a82e-322e6e622997,"Guenette, Maxence",D,236,-2.6505724860011397,-0.0112312393474624
b26348d5-86ba-a414-caa0-1aea4d766bc3,"Stillman, Riley",D,121,-2.657770916967585,-0.0219650489005585
6c8d8731-c18f-5a5e-aa78-2fc912cba75e,"Kaiser, Wyatt",D,142,-2.661245549191631,-0.0187411658393776
3c4adeaf-5301-5206-c1cb-16db210f2864,"Sillinger, Owen",LW,234,-2.68822020141438,-0.0114881205188648
daa52256-1dc6-fde2-afc0-7599fd3359eb,"Hanas, Cross",F,182,-2.689625089454402,-0.014778159832167
57b5f123-fd08-99e1-9222-cfd4ae909c19,"Loof, Leo",D,159,-2.722321872548087,-0.0171215212109942
b515a4d8-b6ba-5e9c-808c-3ab9484fcd14,"Zellweger, Olen",D,161,-2.72236894852463,-0.0169091239038796
1d33070c-e556-fb1e-bc44-0073a18d3693,"Miller, Brenden",D,188,-2.7288607129561413,-0.0145152165582773
b7040b98-e0ad-fc0e-361b-5bbecc555942,"Evans, Ryker",D,186,-2.739623278169676,-0.0147291574095143
d72a16dc-181f-faa5-1565-271868e3c332,"Brunet, Frederic",D,133,-2.7411061157138192,-0.0206098204189008
82f8e07e-9409-552d-12b2-76d726c5f6fd,"Tullio, Tyler",RW,148,-2.743011784930489,-0.0185338634116924
a0ee2ae4-f345-5203-c3b7-60b728f5f7fb,"Bichsel, Lian",D,55,-2.7511622830823392,-0.0500211324196788
e189f09c-ba3d-6a94-95bf-30aaa84cf98d,"Svozil, Stanislav",D,188,-2.7536184972763293,-0.014646906900406
1651abe9-2976-0545-0d54-345324506c9f,"Johnson, Ryan",D,119,-2.777541170937434,-0.0233406821087179
d7d794dc-6f3b-8c9c-7614-23859008aea2,"Gross, Jordan",D,141,-2.7878202955131144,-0.019771775145483
d54b6c97-2380-f382-7937-732841fca283,"Pearson, Justin",LW,225,-2.819038826792446,-0.0125290614524108
0e6b8ebb-9a77-586f-1784-a1fbbdac5c71,"Wisdom, Zayde",C,154,-2.819083476437626,-0.0183057368599845
f6efd579-5ea6-2224-2dac-5197e2f9090c,"Myers, Philippe",D,282,-2.8406939713229615,-0.0100733828770317
9e078fa3-39e8-f4e1-f5f6-285848105a57,"Franco, Dominic",C,151,-2.8782597320516268,-0.0190613227288187
9cec254b-d246-db81-a2da-1c0fde0bdb87,"King, Ben",C,181,-2.8793516384836946,-0.0159080201021198
47e6d280-b60f-6e84-96d8-a374b5a662a6,"Norlinder, Mattias",D,171,-2.8821773784423943,-0.0168548384704233
e087872f-4407-fbe7-103f-4ade27e4d75a,"Sucese, Nate",F,192,-2.9326065480730823,-0.0152739924378806
4ef5c53e-1983-c344-befb-1a03b450bc7c,"Kemell, Joakim",F,195,-2.956708209036194,-0.0151626062001856
e8165ae5-3c31-795b-1801-ef1618fd451f,"Hollowell, Mac",D,289,-2.972897951737251,-0.0102868441236583
8ed4aa46-2cf1-b0ff-3fcf-35953357f70f,"Liukas, Eetu",F,136,-2.9867699919677007,-0.021961544058586
e64fc75f-ab07-a14e-a0ae-46ea4a5afc54,"Duszak, Joseph",D,233,-3.0274191382581748,-0.0129932151856574
8e21faad-e800-5bc9-c0ab-dd31c702e09f,"Mackey, Connor",D,206,-3.029053804788828,-0.0147041446834409
e0dac365-8533-2a57-86d0-8b89b436e72b,"Stastney, Spencer",D,116,-3.0443754592438395,-0.0262446160279641
49ac45b2-bab8-bd73-861d-5c244da1ec2c,"Aamodt, Wyatt",D,229,-3.0657141838380046,-0.0133873981826987
da5bdc30-ff02-7a26-4d8b-79c87b128ab4,"Ford, Parker",RW,265,-3.0718900383931973,-0.011592037880729
872a2e24-f29e-382f-318f-5516c7bf0e75,"Grans, Helge",D,157,-3.071999284022762,-0.0195668744205271
de15bfab-6926-999d-bbe8-641620573a47,"Mysak, Jan",C,138,-3.1487300989132327,-0.0228168847747335
161faf4c-eaf1-dc63-a4ce-ea46a1363512,"Frisch, Ethan",D,182,-3.165917862821588,-0.0173951530924263
987469e8-a8b0-b09d-8171-9c3094253328,"Samorukov, Dmitri",D,224,-3.1730533889986927,-0.0141654169151727
aa62c9e1-6b63-f21c-d006-de303c37b321,"Grubbe, Jayden",C,174,-3.181735097291336,-0.0182858338924789
e778beec-dfe7-a6c8-352f-d42ec0b01ced,"Parent, Xavier",F,238,-3.213206739537752,-0.0135008686535199
cb889642-eedd-496a-9c02-563f569c6359,"Roos, Filip",D,229,-3.244082886042018,-0.0141663008124105
404acd2e-e1d1-ca7b-0a92-cd6563e260db,"Moverare, Jacob",D,157,-3.249912937770634,-0.0207000824061823
081c0e30-374b-0c01-3b7d-9b9718f56970,"Huntington, Jimmy",F,226,-3.263107338390868,-0.0144385280459772
9b6a5161-1158-73e7-5466-3b7777ed3fdd,"Niemela, Topi",D,259,-3.307880835807195,-0.0127717406787922
24aca8e8-c87f-6a40-46fc-afb2373d9531,"Shea, Ryan",D,75,-3.308579872466318,-0.0441143982995509
bd0d10e2-c21a-5941-9276-9b68263f8ae8,"Sevigny, Vincent",D,156,-3.3282787537476315,-0.0213351202163309
3370b39f-9497-a447-d667-be719f33b140,"Newpower, Wyatt",D,165,-3.369968394450473,-0.0204240508754574
6a7002cd-5825-1e0b-1847-6f2197cc2190,"Karow, Michael",D,280,-3.405470500744816,-0.0121623946455172
e2268782-d1cd-c267-e7ab-c1fd76d2e34f,"Connauton, Kevin",D,252,-3.4134202609428694,-0.013545318495805
a7b63685-8457-dc4d-e569-f210f20260c4,"Poolman, Colton",D,232,-3.462698336541731,-0.014925423864404
7198f83d-2f1a-fa7f-fa4c-a2119e877247,"St. Ivany, Jack",D,124,-3.5040070826215683,-0.0282581216340449
5371f79b-fb56-50aa-237a-c28b6dbbd831,"Mendel, Griffin",D,127,-3.5829760482284363,-0.0282124098285703
7ded16cf-d2c8-7e4b-a0b6-edfdcf61afd0,"Friedman, Mark",D,46,-3.586090605160805,-0.0779584914165392
07b9d16f-b1ac-d33d-ef04-aef2855f5bf7,"Conley, Kevin",F,216,-3.588474177173108,-0.0166133063758014
e32c54a9-ee8c-8682-2ead-a00fcc67c40f,"Mete, Victor",D,226,-3.588727471526571,-0.0158793250952503
bb5dc6ab-b554-7e5e-317b-fa615a4a94e5,"Fulp, Aidan",D,200,-3.5977952661129815,-0.0179889763305649
b8a27cdb-ea33-924d-f963-724d7c48d713,"Mayo, Dysin",D,301,-3.60357834705808,-0.0119720210865716
20cda872-4fef-e379-12bd-73a003826844,"Ottavainen, Ville",D,226,-3.6319963510045814,-0.0160707803141795
b4c49715-ce5c-cd2a-f4a2-c1bfe64fe7c7,"Novikov, Nikita",D,181,-3.6940005069342825,-0.0204088425797474
d7316683-35a0-0b3d-fcba-5391daa9bf86,"Prow, Ethan",D,180,-3.703443724167341,-0.0205746873564852
12687ef0-6348-9e50-7885-e5292a10eda7,"Callin, Drew",F,193,-3.725211663821179,-0.0193016148384517
00b3ed6a-d8bb-6e88-4eb7-2d088ef5cf51,"MacKinnon, Will",D,157,-3.736289708018896,-0.0237980236179547
d5313105-925e-e8bd-e752-74e47b2ca328,"Robertson, Matthew",D,258,-3.7566373814895626,-0.0145606100057734
018b6c78-d796-f123-d662-5ca0a63393f1,"Aspirot, Jonathan",D,214,-3.7640464336810937,-0.0175890020265471
97bce0c4-5f30-32b1-ab97-83c174303222,"Misyul, Daniil",D,158,-3.770654314284746,-0.0238649007233211
c5bb348a-a28c-3c1a-4f75-6eda7f448443,"Simek, Radim",D,200,-3.780746777086521,-0.0189037338854326
f1937835-c76d-d8c7-30ed-20c1c5ef0297,"Stephens, Devante",D,196,-3.8089240055188855,-0.0194332857424432
11ae7263-a7e4-4c1e-e2c2-45387d3e3070,"Nousiainen, Kim",D,177,-3.8111844696486585,-0.0215321156477325
8b6563d6-4321-a561-d6be-2532b12ba7fa,"Sedoff, Christoffer",D,241,-3.811386227767223,-0.015814880613142
7f38f375-6f8b-a621-c862-3ae701f326c6,"Schueneman, Corey",D,263,-3.832595258744597,-0.0145726055465574
8a45aeeb-45e5-0a8f-5837-39bccade3f72,"Phillips, Isaak",D,133,-3.8578887043934063,-0.0290066819879203
432d0e7c-2d69-f44f-69c9-227f410e8f8b,"Balinskis, Uvis",D,162,-3.8634265885898462,-0.0238483122752459
5d57a0cd-df56-aefd-3d80-d4fb6925e3fe,"Grushnikov, Artyom",D,230,-3.870722738200064,-0.016829229296522
0d3d8f91-b7fc-3d13-09dd-0e51c390ed6f,"Crotty, Cameron",D,222,-3.8944402533806386,-0.0175425236638767
9e79de97-35f6-4db9-5b4d-bdb166ba4de0,"Oesterle, Jordan",D,150,-3.902956005264531,-0.0260197067017635
8eeee104-b93e-904a-fca1-953e9b5ecef8,"Krygier, Cole",D,149,-3.9106132903111392,-0.0262457267806116
623d5826-500c-1a77-1262-248a6f10c0f5,"Hoefenmayer, Noel",D,175,-3.9476945520670825,-0.0225582545832404
8682f8c1-304a-51d9-6663-158ca58fa6c9,"Didier, Josiah",D,198,-3.952226784319631,-0.0199607413349476
9f51a34c-54a1-ed9f-ac4a-2983803bd170,"Benning, Michael",D,261,-4.039289493875499,-0.0154762049573773
6619f4e6-237f-7851-e50f-2f41769d8604,"Belpedio, Louie",D,109,-4.0532014530279055,-0.0371853344314486
aa7242ad-c419-33d4-6be1-f8132fc80b23,"Skinner, Hunter",D,182,-4.059949944490871,-0.0223074172774223
0af3f2e3-7646-a092-4313-a467ee77fcdd,"Hunt, Daemon",D,224,-4.082875208708457,-0.0182271214674484
ecbd0ea2-3043-731c-3cbf-94053cd3f09b,"Callahan, Michael",D,262,-4.096604353067659,-0.0156358944773574
98eea6fc-1c6b-1d5e-b49a-1805806aa62d,"Seeley, Ronan",D,196,-4.102896229718661,-0.0209331440291768
14568715-544f-38ee-cb86-8c20590b8d5c,"L'Heureux, Zachary",LW,193,-4.147955194162676,-0.021491995824677
3c2ab360-a121-0ed0-f646-981b7b371eda,"Gleason, Benjamin",D,238,-4.162109582842755,-0.0174878553900956
68279cec-5e6b-21a0-ab19-e021e0f21161,"Kampfer, Steven",D,172,-4.196964690079576,-0.0244009575004626
89496936-17db-d59b-7685-79638c1412b6,"Samson, Ethan",D,225,-4.2148564368995824,-0.0187326952751092
62d8d552-b95a-dea2-1bdd-bb508f1d8a81,"Fitzgerald, Cavan",D,204,-4.257908944366664,-0.020872102668464
672ffc35-8e85-ea3b-657e-edb622ab1ab6,"Kemp, Phil",D,200,-4.268285353762951,-0.0213414267688147
55cc8f3f-7a32-8ad1-8610-b07c2a765fd7,"Rafferty, Brogan",D,249,-4.286686483196936,-0.0172156083662527
7779d05b-bf33-9acd-a1a5-bb2e852f4a3f,"Fensore, Domenick",D,115,-4.2908249261481,-0.03731152109694
3ed6a15c-aa34-a886-9041-868c9e52bc0e,"Bauer, Tyrel",D,226,-4.397664000172525,-0.0194586902662501
78f83485-b2fd-78da-b419-b007bedcb832,"Lambos, Carson",D,301,-4.400383718407648,-0.014619215011321
37dd6e8a-790f-cc3c-96d4-f482131faebf,"Wilsby, Adam",D,209,-4.410501698888231,-0.0211028789420489
f2e05df5-d44c-ae54-40b6-64ec7d896201,"Haman Aktell, Hardy",D,208,-4.440367836799602,-0.0213479222923057
e65ca9b5-c8df-ffbc-89b2-817c38cf0efc,"Nielsen, Tristen",LW,272,-4.470119583171715,-0.0164342631734254
74b34051-a8e4-0c93-c92e-e234ad2695de,"Schmelzer, Ryan",C,253,-4.472996559808598,-0.0176798282996387
933793a1-349e-90c0-babf-a1dd14e6511f,"Hatakka, Santeri",D,212,-4.481042381492487,-0.0211369923655306
9e7656e6-afdd-5100-adf6-0e1485917da6,"Thompson, Jack",D,270,-4.504459859699358,-0.0166831846655531
800573f9-983d-f26c-6768-3c97219f0f85,"Allan, Nolan",D,230,-4.504534038475821,-0.0195849306020687
805e3414-06c4-31b9-75fc-b1ca4a97ae2c,"Peters, Alexander",D,157,-4.542953537100683,-0.0289360097904502
3a14b096-ab58-d9b4-31a1-4431e06e9893,"Del Gaizo, Marc",D,250,-4.571909122395063,-0.0182876364895802
24e877cf-3574-a5f2-8b07-8dbb117f561d,"Gravel, Kevin",D,251,-4.672326309767799,-0.0186148458556486
c1432ccc-4036-14a9-50ed-a495c7b5aaba,"McWard, Cole",D,203,-4.728511065893377,-0.0232931579600658
e70f8783-350d-ffc7-9c50-bb5f21a9c1e9,"Mailloux, Logan",D,244,-4.75441771581051,-0.0194853185074201
8442a8c0-dd62-152e-c0ce-60870675dd26,"Wanner, Maximus",D,258,-4.772483438769485,-0.0184979978246879
1dfcd1ff-c0ed-4748-a27d-0b8099d066e3,"Dello, Tory",D,232,-4.822775823166798,-0.0207878268239948
8976400f-0b82-983e-4666-56338945a0fd,"Bisson, Tobie",D,237,-4.840386285890379,-0.0204235708265416
955da2f1-7e1c-2664-a321-5bb6d9f549bd,"Mukhamadullin, Shakir",D,241,-4.8607294368634095,-0.0201690018127112
a811daaa-9356-2318-9e10-11e1e2dea90f,"Gaunce, Cameron",D,148,-4.9327392110948844,-0.0333293189938843
cd5a8c34-6586-e86b-765b-2dff9f65c51d,"Andrae, Emil",D,218,-4.943761829743994,-0.0226778065584586
def7057c-c63b-ba5b-6622-d71d6a64838f,"Strand, Austin",D,215,-4.968130760769415,-0.0231075849338112
a22368c1-7f43-4c9e-20c1-482af6c7ce36,"Trudeau, William",D,237,-4.968477217641025,-0.0209640388930001
8750d372-0576-0fce-74d6-1a871d154ade,"Renouf, Dan",D,249,-4.989936212119437,-0.0200399044663431
6379a6a3-1514-33bc-effa-81a9344f2d13,"Barteaux, Dawson",D,263,-5.0063172311739885,-0.0190354267345018
718d4ab2-3efc-3646-2586-f9bf06d844e8,"Hagg, Robert",D,165,-5.091542876391535,-0.0308578356144941
2f0f6eea-d3b1-2226-ceaa-3779abcbff69,"Szuber, Maksymilian",D,259,-5.122666822394916,-0.0197786363799031
40b0831f-a686-8996-c0d1-ffbaf8b68616,"Carlile, Declan",D,231,-5.131353692280385,-0.0222136523475341
d8fed174-fcfd-8e02-be75-ae2b239ab2cd,"Green, Alex",D,157,-5.18250400741255,-0.033009579665048
d06b76a3-3d86-0789-4ece-8c2bbb8dac2a,"Bischoff, Jake",D,303,-5.226777688736638,-0.0172500913819691
815dbceb-8111-3b17-f4aa-3b5c7a6c0c43,"Coghlan, Dylan",D,261,-5.319254968721326,-0.0203802872364801
ceb902b0-32d0-36e3-14ef-891ac5662cce,"Vilen, Topias",D,268,-5.352622387511241,-0.0199724715951911
3b45ddb8-fde0-99cf-6165-f66bd4462ddb,"Salo, Robin",D,259,-5.376158648524759,-0.0207573692993233
533724e1-ab7f-8b95-8049-65aba9809721,"Ness, Aaron",D,306,-5.3812540677613265,-0.0175857976070631
5bb494aa-a79b-c741-618c-a11e145668e0,"Cecconi, Joseph",D,191,-5.442477112452968,-0.0284946445678165
a8b58f4d-a821-d7b0-b74e-f537ad471336,"Sautner, Ashton",D,265,-5.568471505668999,-0.0210131000213924
6c3c93f5-8e6b-ecc2-be4b-8d7a1788438f,"Kalynuk, Wyatt",D,284,-5.606287957081247,-0.0197404505531029
cbbf55f5-9496-ac26-5465-bc1dd9bc474f,"Kleven, Tyler",D,226,-5.613506276986669,-0.0248385233494985
4b1c4f85-f533-4ddb-1d2e-b0f38afa4cf4,"Matinpalo, Nikolas",D,282,-5.627652304941539,-0.0199562138473104
397ed1a1-984e-b4e0-ef52-0edc268d59bc,"Kessel, Matt",D,167,-5.644804634060063,-0.033801225353653
efbd8365-7b4a-13f4-6a00-d77d11d64910,"Christiansen, Jake",D,241,-5.791940185007229,-0.0240329468257561
2cb7c2e9-6da3-f835-9636-f6c67c6c362e,"Lajoie, Maxime",D,203,-5.796371839653694,-0.028553555860363
fc2fdeb8-f765-d874-c079-e534fe36e8a2,"Hillman, Blake",D,233,-5.81695685271225,-0.024965480054559
9cdb062f-6fc7-e205-1858-d4f6f32237a4,"Johansson, Albert",D,278,-5.825521216067526,-0.0209551122880126
fd505638-2f70-f361-176c-a6c89bd97850,"Iorio, Vincent",D,265,-5.834920504295346,-0.0220185679407371
e4f4914a-cdb7-1be0-bfb6-d756aa6b7b8d,"Johansson, Simon",D,290,-5.871341037231555,-0.0202460035766605
a5a0b510-df00-f72a-f892-86dc36da148c,"Clayton, Cole",D,278,-5.877857082567388,-0.0211433708006021
7b2af16f-2fcd-866c-38c3-e85484494645,"Del Mastro, Ethan",D,302,-5.889544144421671,-0.0195018018027207
ad355380-2d07-14ba-406d-9239a635419e,"Kokkonen, Mikko",D,233,-5.945296044966587,-0.0255162920384832
630a1773-ff25-478d-a32d-4109d5924b0c,"Kiersted, Matt",D,216,-5.96652805689603,-0.0276228150782223
262628d6-d96f-8dea-72e2-0aece98b7fff,"Brouillard, Nikolas",D,293,-5.992377075242208,-0.0204517988916116
54ad8812-393e-5ec6-9bf7-c683bb59ab88,"Vukojevic, Michael",D,165,-6.077790666640112,-0.036835094949334
41e53b2c-3ed6-f9b5-29a4-68ffe996db5f,"Dineen, Cam",D,226,-6.107795890991923,-0.0270256455353624
ce6e3edf-e901-06ab-00b5-185583eeb8ae,"Ouellet, Xavier",D,189,-6.122211311077317,-0.0323926524395625
83210d48-c6d5-b414-a3fb-fb523e0d9a31,"Cholowski, Dennis",D,288,-6.142846429779378,-0.0213293278811783
f045664f-80a6-44de-69e1-20d9f0ae7af4,"O'Rourke, Ryan",D,296,-6.284526378418865,-0.0212315080351988
531dd357-139b-1c75-674c-f969c000c7ae,"Zboril, Jakub",D,179,-6.365602696612092,-0.0355620262380563
a4295efe-fc21-2338-bbe4-dced606dadca,"Wallinder, William",D,256,-6.399472928892492,-0.0249979411284862
0f5d506b-581b-3d01-5aaf-a5b5d36bdfab,"Rosen, Calle",D,304,-6.515070930283353,-0.021431154375932
b12fdd9e-316f-4faf-3cac-069ae626093c,"Kinnunen, Santtu",D,247,-6.528036672233039,-0.0264292982681499
3558373a-9473-802d-31f9-667a44e97b57,"Scanlin, Brandon",D,269,-6.576470687593105,-0.0244478464222792
251a2f59-76d1-290c-b7a1-729a090a8aaf,"Donovan, Matt",D,273,-6.7156901892721965,-0.0245995977629018
dd485778-5783-6b9b-187c-020bf03f4531,"Rifai, Marshall",D,235,-6.84812925152296,-0.0291409755383955
47e607eb-374a-751f-1987-8f08b7f86fbe,"Ahac, Layton",D,307,-6.935525279480269,-0.0225912875553103
f19f09de-127d-97a1-6265-d5a27b837129,"Thomson, Lassi",D,275,-7.127462326028963,-0.0259180448219235
0a1c9c34-5a23-e5ef-85e7-5ea4c9f85af2,"Kuznetsov, Yan",D,226,-7.217804362717543,-0.0319371874456528
a4d2e13f-2638-0209-d549-144462a538a9,"Russo, Robbie",D,312,-7.350450536559573,-0.0235591363351268
b275b038-e474-6565-4b4b-a2265fec696a,"Irwin, Matt",D,283,-7.428330369742224,-0.0262485172075696
8d804f94-929c-61f0-d793-406c27b0f3f5,"Johansson, Filip",D,264,-7.498074303339177,-0.0284017966035574
00f266b8-6b50-005b-cde2-3aa1f6d30db3,"Helgeson, Seth",D,260,-7.5207783201948,-0.0289260704622876
8b41332b-b440-ce88-6f7c-1d51e70c4c6a,"Davies, Jeremy",D,261,-7.5970113120194815,-0.0291073230345574
65327d7e-6886-5ff4-3e14-b0a655b531a4,"Santini, Steven",D,262,-7.726813340894278,-0.0294916539728789
df3c2b16-0554-1f80-bea5-3560b9b6a998,"Woo, Jett",D,276,-7.860201154791327,-0.0284789896912729
355acc16-c566-85e1-999f-aebfac4b68eb,"Wotherspoon, Tyler",D,263,-8.09901701735611,-0.0307947415108597
7a8b62e2-0b6b-1e9b-788c-0338df40543e,"Regula, Alec",D,267,-8.281567974529866,-0.0310171085188384
62d071bf-6133-a7ae-90ad-66b34dc7b39c,"Lundmark, Simon",D,313,-8.632438559961313,-0.0275796759104195
bf2ac865-06ab-adb3-95eb-a4d80117aee8,"Schuldt, Jimmy",D,248,-8.724197732581143,-0.0351782166636336
f7bf7586-8882-91c7-304d-4b970c52c9d5,"Larsson, Jacob",D,305,-8.946878318985053,-0.0293340272753608
b1af8af7-bec4-8140-315c-a328ad668097,"Livingstone, Jake",D,240,-9.032952804830488,-0.0376373033534603
ed669304-9d26-cfe7-8e5c-4bb862411534,"Ginning, Adam",D,259,-9.036560407667816,-0.0348901946242
003a207c-5852-cbf5-bae2-cbd94421b4db,"Fitzgerald, Casey",D,286,-9.09060929854747,-0.0317853471977184
7e254e63-e8be-d9ca-6ad5-d6c350f4b59b,"Koch, Patrik",D,266,-9.717021031639783,-0.0365301542542849
672c5ab2-c18e-1dff-3366-1739eadb7e5b,"Middleton, Keaton",D,281,-9.86585691470286,-0.0351098110843518
7bb84983-aea1-e050-01cb-3b9caba8dea9,"Cicek, Nick",D,337,-13.500257174555855,-0.0400601103102547
