model,log_loss,mean_success_hazard,mean_failure_hazard
xgboost,0.11551950189097268,0.06773781031370163,0.12388816475868225
gbm_hist,0.12246890650718088,0.06895277145141908,0.12562732962587272
multinomial_logit,0.4216203934750504,0.17340838279759413,0.1878149063820953
