model,log_loss,mean_success_hazard,mean_failure_hazard
xgboost,0.11619783829250252,0.06766704469919205,0.12385182827711105
gbm_hist,0.12541170961287654,0.06952400053810037,0.12600251402455495
multinomial_logit,0.42681120413974394,0.17658509737719547,0.18738714306900417
