model,log_loss,mean_success_hazard,mean_failure_hazard
xgboost,0.11618209603382128,0.0677986592054367,0.12387493252754211
gbm_hist,0.12271181687007791,0.06887754391932682,0.12601926399697763
multinomial_logit,0.42528981422500284,0.17588483189179016,0.18754669398168156
