model,log_loss,mean_success_hazard,mean_failure_hazard
xgboost,0.1681213793406724,0.06761510670185089,0.11672904342412949
