model,log_loss,mean_success_hazard,mean_failure_hazard
xgboost,0.11316561898236997,0.0679529681801796,0.12379558384418488
gbm_hist,0.12178894122053924,0.06911269132215211,0.12581406649586188
multinomial_logit,0.42422389793087767,0.17504884732718745,0.18796603684027066
