model,log_loss,mean_success_hazard,mean_failure_hazard
xgboost,0.11618209603382128,0.0677986592054367,0.12387493252754211
