model,log_loss,mean_success_hazard,mean_failure_hazard
gbm_hist,0.12541170961287654,0.06952400053810037,0.12600251402455495
neural_net_mlp,0.17198996805518882,0.08177727867233074,0.1217958336429028
multinomial_logit,0.42681120413974394,0.17658509737719547,0.18738714306900417
