player_id,player_name,position,n_forechecks,total,total_per_forecheck
9b65e913-a13d-a05b-9427-55f8feacc295,"Bitten, William",F,186,5.188258897418005,0.0278938650398817
e687b686-2fb1-2fe6-dce2-df6b6c938539,"Ahcan, Jack",D,328,4.515348918353107,0.0137663076779058
6815a801-6584-a22a-0db0-2dc6e23d8928,"Capobianco, Kyle",D,377,4.14773435682717,0.0110019478960932
3aa7c517-7091-0133-341a-3abc7d3a674f,"McKenzie, Curtis",LW,187,4.003775296580601,0.0214105630833187
e8fea67a-8042-8fda-08b4-f058368fe357,"Bolduc, Zachary",RW,144,3.622284252151664,0.0251547517510532
b8a27cdb-ea33-924d-f963-724d7c48d713,"Mayo, Dysin",D,322,3.541678297278438,0.0109990009232249
41628483-4877-7355-2278-bf4aca0a7017,"Teply, Michal",F,257,3.400653640381485,0.0132321153322236
4668053a-dbbc-9e0b-5510-71a303a7902d,"Mazur, Carter",RW,206,3.294546406140964,0.0159929437191308
09acb688-56e4-f841-9840-99924478fb13,"Dowling, Justin",C,203,3.2601651546871375,0.0160599268703799
d8b45f27-27ab-1ac3-7858-ddf31bbf62b0,"Ivan, Ivan",F,259,3.2100604791812057,0.0123940559041745
4a330c37-6650-01f9-b5c3-76e54ed5a565,"Blumel, Matej",F,207,3.2052570365201216,0.015484333509759
6e63d926-1cb1-c092-8a03-de277ae4bf98,"Priskie, Chase",D,260,3.1933426378227505,0.012282087068549
2e4b21f4-9426-ca70-4bb7-b7107d5d3c93,"Groshev, Maxim",D,263,3.1777238892765767,0.0120826003394546
1f96dae9-d63f-c6da-686b-351c8fc8c14c,"Day, Logan",D,213,3.135931612002792,0.0147226836244262
c9830dad-b858-24e2-28af-9755c724d0c9,"Seminoff, Matthew",F,196,3.11637706443359,0.015899882981804
59579462-cf0b-8270-0094-5113af13d750,"Cardwell, Ethan",F,266,3.1061491044428946,0.0116772522723417
48ab1f72-0e6e-a7c9-0c5d-a978d9ace0fc,"Abramov, Mikhail",F,183,3.0562805303558975,0.016700986504677
07c7205f-b4bc-d542-bbf1-6d64f9ad841b,"Coe, Brandon",F,174,2.963796231681787,0.0170333116763321
b5213912-a849-6bc0-e07c-2b66d599713e,"Dean, Zachary",F,161,2.946491044428938,0.0183011866113598
ee133fc2-90e8-4f9f-b9da-0150fd7acd75,"Doan, Josh",RW,205,2.9457478483368233,0.014369501699204
d028de61-a5f1-fc1b-87ce-7160b5ebbe16,"Chayka, Daniil",D,297,2.9082693649685987,0.009792152744002
d49cdcaf-2064-d35c-0aff-7d8aa8e3be32,"Spacek, David",D,222,2.89858455454757,0.0130566871826467
af933b87-4f83-feaa-feff-6f90363db186,"Sabourin, Scott",F,244,2.8940590835077935,0.0118608978832286
d163f9d0-a5ca-a57a-ab12-4e96fc510ae2,"Rathbone, Jack",D,244,2.8702349383577586,0.0117632579440891
eeb9d4d1-0d23-550d-2796-42a09d440711,"Pouliot, Derrick",D,276,2.866501511979531,0.010385875043404
be80e6a7-4664-2ddb-bcd5-cd4e5085e1b5,"McGregor, Ryan",C,130,2.8513747383112356,0.0219336518331633
9fe70024-cd66-80eb-aa49-5618b43fa865,"Knyzhov, Nikolai",D,157,2.738285647825076,0.0174413098587584
5ad461c4-01e6-3090-18c9-0aa215276809,"Gushchin, Danil",F,255,2.6983531053733434,0.010581776883817
d9cf213c-8aa3-ec29-2aa1-29c82ed7d5bb,"Raty, Aku",RW,175,2.6923237962316824,0.0153847074070381
f6efd579-5ea6-2224-2dac-5197e2f9090c,"Myers, Philippe",D,287,2.649271923703188,0.0092309126261435
0e576680-d92a-8954-1c02-51bab3e6670c,"Kelemen, Milos",F,147,2.647053966038614,0.0180071698369973
dc9f0cfa-c199-04a2-6250-6e0930eecb0d,"Kerins, Rory",C,200,2.6317399395208194,0.013158699697604
72ca1126-3d98-e9b2-12ea-6b65e429a53b,"White, Gavin",D,180,2.6099360316352644,0.0144996446201959
41273737-16e3-50f4-d08a-03a1fc11edf5,"Bourque, Mavrik",C,242,2.5465643172830896,0.0105229930466243
f01b2f76-df10-daf6-f8e2-f2a3968f6d64,"Dalpe, Zac",C,171,2.5139497557571535,0.0147014605599833
234b7ce2-888e-e9aa-4752-601f5b79ea81,"Walsh, Reilly",D,210,2.4693161200279143,0.0117586481906091
0ae96538-0067-681c-06a1-290633a469a2,"Vande Sompel, Mitchell",D,133,2.447719237031869,0.0184039040378336
585986b6-3712-2c35-2fca-81686469bf23,"Allison, Wade",F,273,2.4451826006047925,0.0089567128227281
69aa4743-6d37-4847-9c9e-f55a0d888150,"Weatherby, Jasper",F,220,2.43677483135613,0.0110762492334369
58783cc8-82b3-f9f3-fcf1-fec74713086f,"Soderstrom, Victor",D,264,2.4061491044428944,0.0091142011531927
3df1ae9b-2aa4-e9cb-6921-02b059b862b6,"Caamano, Nicholas",RW,200,2.3948022795999075,0.0119740113979995
1b82a2ec-e891-f657-0e2c-842e3a0fd79f,"Suess, C.J.",C,269,2.394185857176089,0.0089003191716583
82b3d9a5-d885-129a-d048-8a61788abdb8,"Pastujov, Sasha",LW,146,2.365024424284718,0.0161987974266076
987b6366-d0e8-ced6-e37d-95f8ca177630,"Carlsson, Lucas",D,226,2.361442195859503,0.0104488592737146
3c97dc1d-a952-5220-56df-de7a5c64c208,"Mcging, Hugh",F,192,2.3522668062340086,0.0122513896158021
c622c5d2-2a49-f3e5-6bf7-0e23fa29032e,"Crozier, Max",D,180,2.327752965806002,0.0129319609211444
45600aff-c442-b856-6e9a-ae22ed437997,"Attard, Ronald",D,250,2.2638695045359394,0.0090554780181437
4f0a5304-b10d-cc26-c5ba-05b618309cc4,"Trineyev, Bogdan",RW,173,2.211444521981857,0.0127829163120338
6216d68a-d22f-ad77-1830-61fb2ceef304,"Rueschhoff, Austin",RW,207,2.210011630611771,0.0106763846889457
af1d2155-8151-1411-7139-22b219311670,"Perreault, Jacob",RW,122,2.198230983949756,0.0180182867536865
65c9be45-0771-6bcb-0263-5b74fc8423af,"Carrick, Trevor",D,314,2.1813770644335904,0.0069470607147566
dcfd5d40-4240-1426-b224-8da9ede17716,"Khodorenko, Patrick",C,201,2.1316375901372417,0.0106051621399862
65195a5e-8639-a163-d566-03adc8582060,"Tuomisto, Antti",D,208,2.112312165619912,0.0101553469500957
2498c93f-f70d-0583-16e2-611688ad59b1,"Demek, Jakub",F,242,2.1119783670621084,0.0087271833349673
5d03b81f-67cb-341f-bd17-e8a0a6527423,"Hunt, Brad",D,311,2.094746452663411,0.0067355191403968
8b9a3cb8-fe56-bdee-92ab-9dd83fa15593,"Asplund, Rasmus",C,235,2.049171900441964,0.0087198804274126
4772aa22-208f-44a0-8e47-0029da368b48,"Kasper, Marco",C,260,2.0469469644103286,0.0078728729400397
7356658c-38e1-ed2f-84ec-a3abbaceff57,"MacEachern, MacKenzie",LW,114,2.0449848802046993,0.0179384638614447
a0555634-4279-dde8-209b-5fb7664923b9,"Wilson, Garrett",LW,221,2.040225633868342,0.0092317901984992
0ac29755-f1de-15b2-904e-d17a9ed4fac8,"Fleury, Cale",D,252,2.023378692719238,0.0080292805266636
5d3ec04f-99d1-f8e7-920a-64e25e9453a6,"Lyle, Brady",D,215,2.019162595952548,0.009391453934663
03e51f3c-cfff-9ae9-5b2f-cb7e72a786cd,"Kindopp, Bryce",RW,101,1.995547801814376,0.0197578990278651
ec19bc8b-8413-3a35-3a64-922eeb62d5a7,"Jankowski, Mark",LW,131,1.9835066294487096,0.0151412719805245
a498fb15-dea2-c999-7f8c-63aa786b7bb7,"Gambardella, Joseph",C,221,1.9474342870434993,0.0088119198508755
27be5d93-9bc0-8a87-41dd-e96fea901efc,"Ceulemans, Corson",D,171,1.942477320307049,0.0113595164930236
17bf6332-f9af-d4f3-c60a-ed7cd976f2cc,"Bayreuther, Gavin",D,65,1.9257129565015123,0.0296263531769463
5c7cca9d-bfc2-3931-363d-daaebc4da409,"Willman, Maxwell",LW,158,1.9228715980460576,0.0121700734053547
ad46103a-4d3e-9234-dee6-f970fd779e79,"Blidh, Anton",F,208,1.9205687369155624,0.0092335035428632
933793a1-349e-90c0-babf-a1dd14e6511f,"Hatakka, Santeri",D,216,1.91670853686904,0.0088736506336529
e3640c9a-f167-a9fb-5b42-88d88654fe8a,"Lind, Kole",F,214,1.8977925098860209,0.0088681892985328
5a453d9b-d3e9-d3cf-af18-be043e9650b3,"Rempal, Sheldon",F,261,1.8957455222144692,0.0072633928054194
9d227775-ff40-8878-dbd2-b275f291952a,"Karlstrom, Fredrik",LW,214,1.890532682019075,0.008834264869248
05017054-7f2a-ab0a-f2bf-9c685b7f0789,"Mastrosimone, Robert",LW,142,1.8830460572226104,0.0132608877269197
2fcd5eda-6ffa-3088-c189-0b3342a16345,"Fortier, Gabriel",C,147,1.8685264014887188,0.0127110639557055
6d2cb984-e1e6-a715-26d2-93a528bb379b,"Bjork, Anders",LW,127,1.840868806699233,0.0144950299740097
67d7dce3-3de0-3021-706f-3f85c3ac4b11,"Abbandonato, Peter",LW,148,1.8399476622470348,0.0124320787989664
b8a3ba2c-d581-c3c6-e6ca-154f5e8ed1f3,"Frank, Ethen",C,173,1.8376715515236104,0.0106223789105411
e8fcf932-3019-3ccc-543b-67b8c8e584bb,"Petrovic, Alexander",D,326,1.8356199116073515,0.0056307359251759
1b0ec3d0-fbd0-112f-f859-6c6696f55dee,"Beckman, Adam",LW,235,1.8290032565712964,0.0077829925811544
eeb81509-6a0d-5320-8d5a-2c1e58d83af5,"Lycksell, Olle",RW,192,1.8130286113049552,0.0094428573505466
c05db9ee-e2c8-5bba-3a20-cee81b8b04c1,"Butcher, Will",D,154,1.8075087229588285,0.0117370696296027
e70f8783-350d-ffc7-9c50-bb5f21a9c1e9,"Mailloux, Logan",D,262,1.7956943475226803,0.0068537952195522
955da2f1-7e1c-2664-a321-5bb6d9f549bd,"Mukhamadullin, Shakir",D,258,1.7921923703186795,0.0069464820554987
4f269c7a-99a5-bd2f-9bb8-5ffeec578d52,"Henriksson, Karl",C,196,1.7544649918585724,0.0089513519992784
b460c5a3-506f-26e8-0bd1-3e354b96b1b5,"Sourdif, Justin",RW,194,1.7474098627587815,0.0090072673338081
08561f93-bc89-bd96-1bab-6905b3f7e9c7,"Villeneuve, William",D,217,1.7273168178646203,0.0079599853357816
aac0832e-8972-5a3d-7f15-1ac5c9e80727,"Shaw, Logan",F,209,1.7182170272156323,0.0082211341015102
7c6b27d0-8b1b-dd6d-cfed-b6769b895e8d,"Maggio, Matthew",F,163,1.7071505001163063,0.0104733159516337
967d9997-756d-44cc-889a-8c024fc10a3c,"Robins, Tristen",F,124,1.7016817864619684,0.0137232402134029
d9161211-1630-84bf-6d4d-423ce053cd83,"Abruzzese, Nicholas",LW,234,1.6921679460339625,0.007231486948863
58b0c680-a304-643d-ce76-6451b920519a,"Rau, Kyle",F,135,1.6714922074901144,0.012381423759186
60c20331-7db0-a69c-c669-703d1c502f16,"Pulli, Valtteri",D,228,1.6685484996510824,0.0073181951739082
e936a4e7-0304-42aa-1ad8-269904d96714,"Karlsson, Linus",C,260,1.664815073272855,0.0064031348972032
1cd5766e-7d47-c25c-1803-8237c6d850a4,"Roe, Garrett",C,164,1.6606524773203075,0.0101259297397579
9c5a0e11-4272-5962-2621-08678ba1b301,"Kolyachonok, Vladislav",D,133,1.6584298674110265,0.012469397499331
116b08bc-a980-abc6-eb2d-8f3aebbd6f7d,"Limoges, Alex",F,187,1.631101418934637,0.0087224674809338
5f6e7132-7315-97d1-1833-90ef2671c403,"Regenda, Pavol",LW,193,1.630794370783904,0.0084497117657197
e11c278e-bb24-1555-240d-8556a7f63afb,"Sutter, Riley",C,200,1.6185752500581536,0.0080928762502907
c1474ad5-07a3-1a49-8e6a-f6d82239ff1b,"Element, Shawn",F,201,1.6089637124912777,0.0080047945895088
c8024fec-51b4-5225-e66f-bd6ebed34b9b,"Wiebe, Jaxsen",RW,84,1.5963154221912077,0.0190037550260858
e69dd394-c120-c096-00ba-2db135c0a1b1,"Dube, Pierrick",RW,204,1.5886927192370326,0.0077877094080246
663df049-a045-0561-16e3-1db633a0723e,"Aston-Reese, Zachary",C,179,1.5671446848104216,0.0087549982391643
28fee7d1-3bbb-19df-abd4-2e0febaadcea,"McIsaac, Jared",D,59,1.5652581995812982,0.0265297999929033
df12ad2d-04ed-754c-05a4-f9c7cfef7a32,"Gaucher, Jacob",F,140,1.5473098394975582,0.0110522131392682
42d8748f-fc64-ecc4-7d4b-36f4f690f0a6,"Malinski, Sam",D,159,1.5466445685043038,0.0097273243302157
f4381702-541d-bbce-d4ad-9ada397f80ec,"Cracknell, Adam",F,238,1.5359560362875095,0.0064535967911239
9085fb56-a0fb-48b9-366b-f9988acec99d,"Milne, Michael",F,124,1.5302605257036523,0.0123408106911584
ceb3ffdc-2d60-534b-ff06-be2066c3cf70,"Sandelin, Ryan",F,135,1.5083786927192375,0.0111731755016239
8b43652c-1ab8-e931-e045-ca9cd839d10b,"McCormick, Max",F,197,1.479439404512678,0.0075098446929577
5ce2531f-d048-1233-61ba-2fc6398d8ec3,"Sgarbossa, Michael",C,130,1.4752500581530592,0.0113480773704081
815dbceb-8111-3b17-f4aa-3b5c7a6c0c43,"Coghlan, Dylan",D,268,1.4751163061177026,0.0055041653213347
68279cec-5e6b-21a0-ab19-e021e0f21161,"Kampfer, Steven",D,175,1.4672470341939992,0.0083842687668228
a8b58f4d-a821-d7b0-b74e-f537ad471336,"Sautner, Ashton",D,269,1.4667062107466862,0.0054524394451549
e2e9d274-2a93-02e4-c3ce-b61e1a6e6599,"Kyrou, Christian",D,189,1.4631309606885328,0.0077414336544366
42e3b869-a651-df12-3291-53f0f3320501,"Gettinger, Timothy",LW,189,1.4619295184926733,0.0077350768174215
86d443fb-d036-6a5f-adfe-abd2286c4a74,"Blandisi, Joseph",F,228,1.451830658292627,0.0063676783258448
eaf6e42d-fc9b-2620-d315-6f442cf5afa0,"Bardreau, Cole",F,247,1.443905559432427,0.0058457714956778
c8435e7f-7ff0-6f11-6888-b412a9c7f67f,"Miller, Tommy",D,171,1.442477320307049,0.0084355398848365
8885b7bb-ab37-274e-de67-e4e0cb571d11,"Farinacci, John",C,233,1.4397138869504544,0.0061790295577272
eae0f98c-c856-b1d8-3723-60b369cbf5c9,"Hardman, Mike",LW,196,1.434245173296116,0.0073175774147761
17494d44-9ff1-9cf3-5f99-cc754342c12f,"Bishop, Clark",C,176,1.4244045126773677,0.0080932074583941
31afd5bc-827c-9211-5784-f7a96764b140,"Rondbjerg, Jonas",F,193,1.4081716678297285,0.0072962262581851
f4d0b772-1f4e-66ba-7ed2-54024c2c659b,"Reichel, Kristian",F,253,1.4007559897650623,0.0055365849397828
4447229a-e693-b7a3-6bbe-f464ae9917c4,"Pyyhtia, Mikael",LW,154,1.380080251221215,0.008961560072865
fc4b5423-4463-8a2b-f319-30916f7c8928,"Olofsson, Fredrik",C,48,1.3693230983949758,0.0285275645498953
d7535706-ab13-a4e2-1b01-b80ac5ff0720,"Andonovski, Corey",RW,205,1.3647150500116312,0.0066571465854225
2e33542c-6735-7a9d-beb1-3911e384f921,"McDonough, Aidan",LW,236,1.362285415212841,0.005772395827173
cd5a8c34-6586-e86b-765b-2dff9f65c51d,"Andrae, Emil",D,235,1.3503221679460349,0.0057460517784937
6e6168a5-df29-f732-cbd8-5e5d3ccfc780,"Back, Oskar",C,207,1.3480483833449646,0.006512311030652
e32c54a9-ee8c-8682-2ead-a00fcc67c40f,"Mete, Victor",D,236,1.3466154919748787,0.0057059978473511
7cb3042e-45eb-45ed-256b-52f95468e17e,"Stranges, Antonio",F,198,1.3413514770876955,0.0067745024095338
34f46eb8-532d-889d-33f8-51b226bd083d,"Vecchione, Mike",F,177,1.3398697371481745,0.0075698855206111
e64fc75f-ab07-a14e-a0ae-46ea4a5afc54,"Duszak, Joseph",D,232,1.3327099325424523,0.0057444393644071
b9289963-36ff-72f3-2e0f-5d1c271974dc,"Gruden, Jonathan",C,155,1.3181681786461974,0.0085043108299754
62962656-a554-8ab3-7d7f-5669fa932604,"Goncalves, Gage",C,240,1.3156850430332645,0.0054820210126386
68314a41-fbd6-d896-fb13-c348f321b1e6,"Wedman, Matthew",LW,74,1.3110397766922544,0.0177167537390845
f2672d3d-1839-4bbf-958e-0af6458a7c50,"Broberg, Philip",D,185,1.3084787159804612,0.0070728579242187
9123cf74-4ebf-4134-8942-ac14445c836b,"Todd, Nathan",F,306,1.306812049313795,0.0042706276121365
8dfc4cd9-4bed-d27e-f82a-aac7483571b8,"Stankoven, Logan",C,152,1.2981018841591072,0.0085401439747309
5a5d0830-e103-4d21-f233-e649aa2cb119,"Kesselring, Mike",D,32,1.2914608048383347,0.0403581501511979
9e0e0f1c-bcac-2b93-5f18-622924dfb131,"Gawanke, Leon",D,187,1.290610607117935,0.0069016610006306
87b124cb-b80e-9285-0449-4b9a169daf1e,"Wright, Cameron",RW,144,1.2651267736682954,0.0087856025949187
0d3d8f91-b7fc-3d13-09dd-0e51c390ed6f,"Crotty, Cameron",D,224,1.2614933705512916,0.0056316668328182
3bf23b92-9a1d-7c1c-38fc-d173028e1fca,"Fedun, Taylor",D,133,1.254825540823448,0.0094347785024319
e14d8b1e-280b-fcd3-8676-f0ec14a86d80,"Hirvonen, Roni",C,128,1.251528262386602,0.0097775645498953
45ee61a0-3386-8b93-6df5-89b02e23b13b,"Nijhoff, Logan",LW,83,1.249919748778786,0.0150592740816721
c0cc293f-af8f-d0d6-d86a-65f9e3ad1df1,"Damiani, Riley",F,209,1.2443928820655974,0.0059540329285435
eaab14dd-8505-cdf5-3f38-9f935e6969f3,"Nemec, Simon",D,53,1.2440928122819264,0.0234734492883382
95faf17f-eeab-555e-2e51-7af990402dc6,"Samoskevich, Mackie",RW,201,1.2435496627122593,0.0061868142423495
0fa13fd5-ec65-dc47-fa79-66e4a160144f,"Stromgren, William",LW,190,1.2130797859967442,0.0063846304526144
a855a24c-10d7-480c-5f02-f40cacd514f9,"Luff, Matt",RW,98,1.2100162828564789,0.0123471049271069
40b0831f-a686-8996-c0d1-ffbaf8b68616,"Carlile, Declan",D,263,1.2027494766224711,0.0045731919263211
efe32eee-dd5c-b72b-7da9-d193d8e04efc,"Klapka, Adam",RW,193,1.201065364038149,0.0062231366012339
787a8432-19e0-0887-53f2-a9f68ba36658,"Poirier, Jeremie",D,78,1.1882635496627123,0.0152341480725988
d08159e8-335c-017c-ec2d-22575807193d,"Okhotyuk, Nikita",D,45,1.1837404047452895,0.0263053423276731
6488121e-ed37-2c24-34b7-84a6b947486c,"Carroll, Joe",LW,148,1.1827901837636663,0.0079918255659707
3fa9dd4a-efae-a4f4-e00c-d5885556b815,"Meyers, Ben",C,68,1.1720062805303562,0.0172353864783875
01956662-5748-f2aa-a4b7-3501fc7c09f8,"Kovalenko, Nikolai",F,20,1.1705512909979066,0.0585275645498953
e85322f9-3cab-0b5b-4435-ed9cd9ef008c,"Dzingel, Ryan",F,34,1.1699371946964412,0.0344099174910718
9e7656e6-afdd-5100-adf6-0e1485917da6,"Thompson, Jack",D,285,1.149374273086765,0.0040328921862693
533724e1-ab7f-8b95-8049-65aba9809721,"Ness, Aaron",D,312,1.1481460804838344,0.0036799553861661
979ce1d2-e256-0268-4655-770bc7ebb936,"Andrusiak, Zack",LW,12,1.142330774598744,0.095194231216562
beb04132-9c13-08d6-e1fb-01fa5272d50c,"Kiviranta, Joel",LW,26,1.1417166782972783,0.0439121799345107
a3992b3e-5431-d578-46ae-c846ac78852b,"Hamblin, James",C,23,1.1382658757850663,0.0494898206863072
fc27738e-0887-ed94-4db2-89b7229b368c,"Barron, Travis",LW,216,1.1368771807397076,0.0052633202812023
fbcf5c7b-e2f6-d4dc-e865-f537963946fc,"Melanson, Jacob",F,166,1.1355757152826245,0.0068408175619435
066364b9-b235-6207-1061-3d0155cb2b66,"Smith, Ty",D,275,1.1343696208420573,0.0041249804394256
9b6a5161-1158-73e7-5466-3b7777ed3fdd,"Niemela, Topi",D,266,1.1300244242847182,0.0042482121213711
1da47f43-7819-0b12-6759-4d9cbe68416c,"Stewart, Dean",D,185,1.129951151430566,0.0061078440617868
506ed90c-046c-1355-5f4b-198a95c3b689,"Howe, Travis",RW,71,1.1254570830425683,0.0158515082118671
d5f6e05a-f9e9-1794-4cc2-bfa4c2094f8c,"Joshua, Jagger",LW,189,1.1238415910676909,0.0059462518045909
321ccb94-26f9-bf52-17cf-db4a8b4d324d,"McCartney, Ben",F,109,1.1106548034426615,0.0101894936095657
9f82eb7d-8cd0-8a8d-3c54-a095374fe9f9,"Lucius, Chaz",C,29,1.1094312630844383,0.0382562504511875
2169a8c5-6ecd-6471-78be-1fd91f858e82,"Chibrikov, Nikita",LW,263,1.0980460572226107,0.0041750800654852
be8e81a6-ec2f-39eb-ef48-6264cf6f5d01,"Harkins, Jansen",C,54,1.097645964177716,0.0203267771144021
e25ac5dd-5c9f-292e-3d0d-98f423829cce,"Anisimov, Artem",C,63,1.0972365666434056,0.0174164534387842
08c60c80-c4d5-92b9-4f37-459db0d51fe9,"Caulfield, Judd",RW,222,1.083068155384974,0.0048786853846169
e9563f4f-7930-e1a6-b216-d97b3048803b,"Trivigno, Bobby",LW,122,1.08036287508723,0.0088554334023543
b3585f9c-6b5b-057f-4b5f-0931b9714c57,"Brabenec, Jakub",F,163,1.0772679692951854,0.0066090059465962
ea896038-126c-6362-5259-0d35a0512227,"Harpur, Chris",D,60,1.0723133286810889,0.0178718888113514
06813969-3aca-1417-ec01-0de8fb823a64,"Benson, Tyler",RW,175,1.0684996510816474,0.0061057122918951
e75ad40d-06f3-a0e9-0b73-d4b75b83749f,"Koppanen, Joona",C,252,1.044851128169343,0.0041462346355926
1d2778e0-9709-3b32-491b-3b3f32c7bb09,"Gignac, Brandon",C,160,1.044139334729007,0.0065258708420562
6110cbf6-1606-3431-643c-78b0e035f5ff,"Gawdin, Glenn",F,260,1.0397383112351717,0.0039989935047506
18661cc1-b9d0-2e30-154e-9ae1b75e54e8,"Healey, Josh",D,156,1.032431960921145,0.0066181535956483
0e547df4-db0d-2b34-7e18-2ad196cc9192,"Brown, Patrick",C,128,1.031206094440568,0.0080562976128169
8d917b0c-c645-4b0b-0007-8d9684345c63,"Svejkovsky, Lukas",RW,64,1.025764131193301,0.0160275645498953
5ed92cf2-bc71-8b27-ceef-13805029dcbc,"Lapierre, Hendrix",C,46,1.0217771574784835,0.0222125469017061
f3da2b72-e9b7-6d05-ee3e-834953f9f070,"Marody, Cooper",RW,202,1.0196743428704356,0.0050478927864873
c50ee147-78c1-e97c-f042-2810c51adffc,"Shaw, Mason",LW,61,1.0128041404977903,0.0166033465655375
94f219b6-0ac1-9b23-69b8-1b954af026c9,"Zlodeyev, Dmitri",F,53,1.0119609211444525,0.0190936022857443
a4939932-d13e-4c1e-b534-699402d2888a,"Laczynski, Tanner",F,180,1.0099360316352646,0.005610755731307
67c9940a-3733-2962-f9b4-f523a2d1df8f,"Ciona, Lucas",LW,148,1.0042114445219823,0.0067852124629863
bfcaa06a-42fc-68bf-aeb2-f26f3d6c02f7,"Ibragimov, Timur",LW,123,0.999381251453827,0.0081250508248278
432d0e7c-2d69-f44f-69c9-227f410e8f8b,"Balinskis, Uvis",D,165,0.9974877878576418,0.0060453805324705
5801ee51-cb4c-15b8-3d9d-757bd846feae,"Tufte, Riley",F,232,0.983911374738312,0.0042409973049065
5053122c-425b-eb9a-fd96-63387bb70366,"Rolston, Ryder",F,190,0.9809478948592704,0.005162883657154
11fbe5d4-66ec-34ba-9657-09704f893154,"Toninato, Dominic",C,120,0.9804140497790188,0.0081701170814918
c8d33732-42a1-d13e-323a-6457dc42307a,"Richards, Justin",C,98,0.977833217027216,0.0099778899696654
98e46ae5-eff9-0b8e-979e-9310c0f4d553,"Jonsson-Fjallby, Axel",RW,117,0.9722086531751576,0.0083094756681637
1b8bd0ac-fac4-d900-2d3e-411db1939181,"Massie, Jake",D,75,0.9704466154919752,0.0129392882065596
36cdd1d1-54e8-c461-9d2b-7684df1843de,"Wiesblatt, Ozzy",RW,168,0.9652535473365904,0.0057455568293844
47d857f2-7d2a-edfc-e1c5-73767c716a2f,"Sweezey, Billy",D,221,0.9652512212142366,0.0043676525846798
ce2b247b-205a-e275-79bc-893e80beb087,"Lilleberg, Emil",D,169,0.9639497557571534,0.0057038447086222
5cfb433e-f489-5965-e0f1-6ccb5d7a2b2c,"Nikkanen, Henri",C,205,0.9588101884159111,0.0046771228703215
a8ddd322-1d59-e6d5-6eae-09dde5c61284,"Luypen, Jalen",LW,197,0.9543626424749948,0.0048444804186547
78821ac8-2fb6-cafd-71d8-bf5d718e6703,"Matteau, Stefan",LW,62,0.9508408932309842,0.0153361434392094
7654aef7-b9f3-a41c-bd8c-5746babb1db9,"Neuchev, Viktor",RW,149,0.9506071179344038,0.0063799135431839
7a213ae8-292c-bc7f-83dd-7b14bdcadde1,"Berggren, Jonatan",RW,166,0.9498906722493607,0.0057222329653575
2f0d296c-e9df-b8b7-f0e0-a135b8802329,"Soderblom, Elmer",LW,239,0.9419120725750182,0.0039410546969666
2681206b-2285-7d67-cd87-b48f1c66bcdd,"Jordan, Zach",RW,54,0.9404884856943476,0.0174164534387842
8127c1a5-26ad-e502-64ef-c7ff9b63667f,"Foote, Cal",D,115,0.9366259595254716,0.008144573561091
8a45aeeb-45e5-0a8f-5837-39bccade3f72,"Phillips, Isaak",D,132,0.9262979762735524,0.0070174089111632
4140108e-fd7c-f6c9-17ed-54d6cb083bb4,"Clifford, Kyle",LW,155,0.9217725052337756,0.005946919388605
3c4adeaf-5301-5206-c1cb-16db210f2864,"Sillinger, Owen",LW,246,0.9046161898115848,0.0036773015845999
6dbb81a4-b033-f2eb-d097-8a60da618a8e,"Bankier, Caedan",C,210,0.897946033961387,0.0042759334950542
f7d87866-fb2a-6a94-5317-d30145102fef,"Meyer, Carson",RW,147,0.8947534310304727,0.0060867580342209
eea2f5b1-7f49-aeed-2bad-ceff85f41700,"Dumont, Gabriel",C,148,0.8935008141428245,0.0060371676631271
bc2abfcb-4444-082a-2f24-73a1a10338f5,"Biro, Brandon",F,188,0.8845522214468486,0.004705065007696
c8faf786-d902-4a0e-cfdd-3326fa37b797,"Burke, Cal",F,185,0.8835554780181444,0.0047759755568548
c49719c8-8490-01cc-e81b-91996b030e35,"Jenik, Jan",C,164,0.8832751802744829,0.0053858242699663
fc414242-12e8-6043-d405-65eef24051c1,"Olausson, Oskar",F,167,0.8760153524075371,0.0052456009126199
9c74b325-0fa9-5486-dd3f-f6b577678042,"Pavel, Ondrej",F,177,0.8743021632937898,0.0049395602445976
1586746e-cebb-583e-a668-5f66df384eb2,"Bryson, Jacob",D,41,0.8696301465457085,0.0212104913791636
83210d48-c6d5-b414-a3fb-fb523e0d9a31,"Cholowski, Dennis",D,292,0.8669865084903474,0.0029691318783916
ad2dce89-80cd-8d6b-b384-e114ceaafcf6,"Bystedt, Filip",F,22,0.8597383112351711,0.0390790141470532
c4ebf006-49c8-4653-9f36-08b55190b8b2,"Dufour, William",F,189,0.8441125843219359,0.0044662041498515
da1e315e-d850-b54c-fd20-780097393ec1,"McKinnon, Ian",F,19,0.8420237264480113,0.0443170382341058
64897768-18c0-5c24-3bc4-1137682f7c4f,"Felhaber, Tye",LW,187,0.8346545708304263,0.0044633934269006
936ad397-0a05-0d42-2c84-a8d14ddf2971,"Kozak, Tyson",C,111,0.8272702954175394,0.0074528855443021
f7107d0e-ef1a-26eb-a93d-bb7de5f12ca1,"Klee, Mason",D,36,0.8269923237962318,0.0229720089943397
e189f09c-ba3d-6a94-95bf-30aaa84cf98d,"Svozil, Stanislav",D,200,0.8269341707373814,0.0041346708536869
0fb7c364-441d-653d-bab6-b5081b90ce08,"Peterson, Jacob",C,95,0.8220307048150736,0.008652954787527
1626a981-83e3-5292-c345-a374053dc548,"Profaca, Luka",D,117,0.8198569434752272,0.007007324303207
30a82081-452f-1e14-177e-d25c40f895a3,"Beecher, John",C,65,0.818555478018144,0.0125931612002791
d1a331a3-4e1a-510a-2fe8-8f36981fd3f4,"Turcotte, Alex",C,97,0.8183752035357064,0.0084368577684093
e51b20db-ecd3-089c-83db-53cc58eb73db,"Cataford, Mathieu",RW,25,0.8131891137473832,0.0325275645498953
85ee3269-0c02-823e-7fe2-a1a0b0566cd7,"Chaffee, Mitchell",RW,125,0.811139799953478,0.0064891183996278
df6a8e05-e355-a99c-b003-7560a4ba6b75,"MacKinnon, Ryan",D,81,0.8107327285415216,0.0100090460313768
472ae96c-4b00-987d-520b-b7574439702c,"Carpenter, Ryan",C,33,0.8056734124214935,0.0244143458309543
334e9743-0236-f42f-1175-4431633384d2,"Finley, Jack",C,137,0.8046720167480814,0.0058735183704239
425891d3-f7cd-c14c-6c9e-25c8e218baed,"Helleson, Drew",D,249,0.8032612235403591,0.0032259486889171
335244ec-3806-b028-c666-93782915701e,"Allard, Tristan",C,207,0.8016015352407544,0.0038724711847379
cfe456f6-9907-e4df-333f-27b358f49ebc,"Rybinski, Henry",C,131,0.7954187020237269,0.0060718984887307
9deea627-59bf-c37e-d041-5160edc3ac73,"Boqvist, Jesper",C,109,0.7916364270760645,0.0072627195144593
69c1e284-b220-e453-250a-66413a82618e,"Studenic, Marian",LW,159,0.77632240055827,0.0048825308211211
1528eac5-8aa1-8745-fd3f-52cb7c35ab0d,"Seney, Brett",F,225,0.7723063503140272,0.0034324726680623
8425379d-202f-4478-138b-b9d256fa9648,"Pietroniro, Matteo",D,162,0.7642568039078861,0.0047176345920239
ec1ce0f1-da94-b52d-8de7-fe60510f16bc,"Sjalin, Calle",D,126,0.7551325889741805,0.0059931157855093
cb889642-eedd-496a-9c02-563f569c6359,"Roos, Filip",D,234,0.7550767620376839,0.0032268237693918
178c4dba-943e-4f43-64ea-51402c33f28d,"Miroshnichenko, Ivan",LW,126,0.7516306117701795,0.0059653223156363
b8455924-5254-86eb-23ef-ff5636bcaa43,"Perrott, Andrew",D,76,0.7502267969295188,0.0098714052227568
9108f109-2f27-6e12-5e0a-b692517acf4c,"Carrick, Connor",D,252,0.7496057222609918,0.002974625881988
5b0ef27c-6a26-8323-1b85-bf91f79d76d2,"Stephens, Mitchell",F,143,0.7425552454059088,0.0051926940238175
b5481001-4f1e-846a-ba32-45495dd123eb,"Golder, Carson",RW,54,0.7404884856943477,0.0137127497350805
40a1ae61-e5e0-fe0d-be00-47040f3be4d1,"Mitchell, Travis",D,110,0.738032100488486,0.0067093827317135
2d0eb54e-169a-5f00-7761-2ca898c78da7,"Filipe, Matt",LW,152,0.7325854849965113,0.0048196413486612
0f1cb51b-ffed-b0a3-4bb4-5521cdddbf60,"Xhekaj, Arber",D,76,0.7288055361712029,0.0095895465285684
cb28bb02-f73f-42c5-9e45-d1b51de84254,"Lopina, Josh",C,180,0.727752965806002,0.0040430720322555
fb734863-ed94-8167-1f2c-039c70f6fed7,"Heinola, Ville",D,190,0.723790416375902,0.0038094232440836
dd036e87-28ae-a770-1287-111ca91925a2,"Hinostroza, Vinnie",C,141,0.7152802977436618,0.0050729099130756
b3762305-438c-1b85-1c59-1a831d98849c,"Pekar, Matej",F,60,0.7116538729937196,0.0118608978832286
6a7002cd-5825-1e0b-1847-6f2197cc2190,"Karow, Michael",D,291,0.7050232612235413,0.0024227603478472
f8513815-ad09-b742-fef8-9814f2313b80,"Steen, Oskar",RW,68,0.70413817166783,0.0103549731127622
aed2833c-1982-2c81-12d6-ce42690c132f,"Anderson-Dolan, Jaret",C,21,0.6990788555478019,0.0332894693118
10dc6160-92cb-46e1-6a03-5ad027bace99,"Guryev, Artem",D,105,0.6953942777390094,0.0066228026451334
6c78afc0-6490-5b83-db5f-7f87839dc862,"Hoelscher, Mitchell",C,57,0.6951407304024193,0.0121954514105687
7e9f0d8e-e3cb-c9d9-5986-30ccc588774a,"McLaughlin, Blake",F,74,0.6931716678297282,0.0093671847004017
4cbd21fa-5265-f7d5-ac2f-2fd78d7480aa,"Hirose, Akito",D,133,0.6905617585485001,0.0051921936732969
3d51cf58-a965-64fe-156c-8c3d1783c70e,"Cosgrove, Trevor",D,24,0.6846615491974879,0.0285275645498953
c5bb348a-a28c-3c1a-4f75-6eda7f448443,"Simek, Radim",D,218,0.6844231216561998,0.0031395556039275
b0ca309f-321f-7119-6c17-cf1437cc9bd8,"Elynuik, Hudson",F,160,0.6834798790416381,0.0042717492440102
cb8a6b8b-c5a6-4bfe-10b7-15c784b83a7d,"Bjork, Marcus",D,175,0.6827634333565952,0.0039015053334662
650eabdc-aab3-679a-03a2-d086646b86b9,"Pare, Cedric",F,165,0.6761177017911147,0.0040976830411582
0131498e-6f12-f0f1-258e-5342af404745,"Morton, Sam",C,63,0.6758153058850898,0.0107272270775411
9b4ee081-3050-ae6e-ca41-47d034838030,"Dach, Colton",C,163,0.6738171667829733,0.0041338476489752
6b15df6f-e4cb-a8f9-2f8f-1985efc31e8d,"Kubiak, Jeff",F,244,0.6713852058618291,0.0027515787125484
db323125-e53d-b2b8-277f-f2c91384f549,"Bowlby, Henry",LW,13,0.6708583391486393,0.0516044876268184
f2e05df5-d44c-ae54-40b6-64ec7d896201,"Haman Aktell, Hardy",D,197,0.6663258897418011,0.0033823649225472
018b6c78-d796-f123-d662-5ca0a63393f1,"Aspirot, Jonathan",D,227,0.6613398464759254,0.002913391394167
71bee4d1-8889-3ec6-e934-ef86eca81be9,"Walcott, Daniel",LW,187,0.6595778087927431,0.0035271540577152
2685e5a3-f4c9-55da-5687-4afbf692ce02,"Bell, Parker",LW,16,0.6564410327983252,0.0410275645498953
34f1d587-08e6-10f2-c48d-54fb50d3b881,"Firstov, Vladislav",F,30,0.6558269364968599,0.0218608978832286
f487f33a-87b9-43cd-d79f-02dac52c3dfe,"Meireles, Greg",RW,148,0.6542114445219823,0.0044203475981215
ca8cc0d1-c1a3-322e-5d98-ffa66cded990,"McIlrath, Dylan",D,188,0.652420330309375,0.0034703209059009
3a10f482-4800-bee5-3045-86b128ec6420,"Rempe, Matthew",C,142,0.6509141660851365,0.0045839025780643
2d245fb8-c111-e6a6-8260-585cd803ac26,"Howarth, Kale",LW,19,0.6420237264480113,0.0337907224446321
5bd62585-fe76-88d0-45d7-8841bb9908ce,"McKeown, Roland",D,316,0.6407839032333111,0.0020277971621307
47ec1584-2245-2836-a706-e0835ffee601,"Andersson, Lias",C,142,0.6390532682019079,0.0045003751281824
987469e8-a8b0-b09d-8171-9c3094253328,"Samorukov, Dmitri",D,281,0.6375133752035366,0.0022687308726104
f3124fb4-5a13-5eb9-b17e-591923ba6356,"Morrison, Logan",F,187,0.6346545708304263,0.0033938747103231
de114939-737c-f391-7947-47c586643c10,"Villeneuve-Houle, Donavan",F,8,0.6282205163991627,0.0785275645498953
a434fff2-8e1b-5bc6-1759-b545496778b5,"Edvinsson, Simon",D,199,0.6269853454291702,0.0031506801277847
594759ce-c137-f893-62f5-d6b5ee7db55c,"Merela, Waltteri",RW,148,0.6268341474761577,0.0042353658613253
35f3a7f5-9cc0-b826-da68-5809c32a4aae,"Robert, Felix",RW,176,0.6256571295650156,0.0035548700543466
55083278-5797-8647-ed4f-5deab1f4fb43,"Barron, Justin",D,148,0.6256327052802982,0.0042272480086506
7198f83d-2f1a-fa7f-fa4c-a2119e877247,"St. Ivany, Jack",D,181,0.620544312630845,0.0034284216167449
79b63b9f-49dc-162b-951e-053b32088ce5,"Smallman, Spencer",C,145,0.6114712723889282,0.0042170432578546
f3f56298-88cb-fe2b-48b6-23b863499c12,"Swetlikoff, Alex",F,28,0.5987718073970691,0.0213847074070381
f0eb7a58-4ead-3515-a883-490e844538f4,"Podkolzin, Vasily",RW,173,0.5972319143986979,0.0034522075976803
90e5f527-993f-a1ac-44b5-9fb226fa6128,"Whelan, Alex",RW,168,0.5926308443824151,0.0035275645498953
c8f5ce37-256b-6dba-d068-eccc978959b9,"White, Colton",D,216,0.585675738543848,0.0027114617525178
a32b68b4-14dd-9705-fe8a-8ceca2df263c,"Armia, Joel",RW,14,0.5815177948360084,0.0415369853454291
267ce9a0-5304-abb8-bc45-091992187107,"Edmonds, Lucas",RW,98,0.5742800651314262,0.0058600006646063
4f647688-70c4-b171-a10d-a802496205b3,"Bucheler, Jeremie",D,68,0.5720062805303561,0.0084118570666228
8b41332b-b440-ce88-6f7c-1d51e70c4c6a,"Davies, Jeremy",D,276,0.5711025819958139,0.002069212253608
e918450e-ded3-d0b7-60e9-6090d9b2c120,"Stienburg, Matt",F,151,0.5683217027215637,0.0037637198855732
3e888030-0357-1ee0-55fe-24b435d565ea,"Giles, Patrick",F,182,0.5633868341474768,0.0030955320557553
9bfe9ddc-4b06-ca9d-ed9a-9fbda2f10d8b,"Kero, Tanner",C,211,0.5598069318446157,0.0026531134210645
64083c40-bb18-2a17-5457-8c34987b282d,"Roelens, Milo",C,9,0.5567480809490579,0.0618608978832286
e1cd373a-d602-eb20-f705-896399805d5c,"Cruikshank, Grant",C,37,0.5555198883461272,0.0150140510363818
5bd9a56b-e7ed-0f23-4c35-63587ff2bd90,"Kaspick, Tanner",F,200,0.5530588508955577,0.0027652942544777
1f7d541e-c817-b5ca-47db-11dc426dc74f,"Fleury, Haydn",D,18,0.5456280530355897,0.0303126696130883
9ba734ab-eb7b-f21a-f8f4-737e7fd707b8,"Desnoyers, Elliot",LW,190,0.5451605024424291,0.0028692658023285
fcb7255e-3c02-bfc0-3a73-ca1b90953aca,"Anhorn, Dylan",D,12,0.542330774598744,0.045194231216562
0fc2aec6-40be-303c-e3c0-f99a7402a6c5,"Barre-Boulet, Alex",C,68,0.5398743893928823,0.0079393292557776
969d3085-fa53-17ab-7c5f-74979791c28c,"Maltsev, Mikhail",F,84,0.5356047918120496,0.006376247521572
7b2af16f-2fcd-866c-38c3-e85484494645,"Del Mastro, Ethan",D,303,0.523581065364039,0.0017279903147328
9175a5a9-9fbd-0d4b-8db1-799ddc3b65e7,"Osmanski, Austin",D,54,0.5226203768318216,0.0096781551265152
6c3c93f5-8e6b-ecc2-be4b-8d7a1788438f,"Kalynuk, Wyatt",D,285,0.5195429169574329,0.0018229576033594
3234f05b-aafa-95e9-07e3-c23dea148f88,"Joseph, Pierre-Olivier",D,18,0.513496161898116,0.0285275645498953
2dbd1b27-fe28-9015-7542-92463860eb84,"Hinds, Tyson",D,283,0.5124877878576422,0.0018109109111577
9692be3e-1840-be44-346f-17fd56755724,"Henman, Luke",F,88,0.5104256803907888,0.0058002918226226
05673e68-1d9f-8728-7874-b41679600750,"Anderson, Joey",RW,38,0.5078715980460573,0.0133650420538436
f2811315-a63a-c5b6-95d0-80e2cb18975e,"Pospisil, Martin",C,7,0.4996929518492673,0.0713847074070381
6eb43e9b-bd2f-9c8c-d063-d60cbb31c2a4,"Gurianov, Denis",F,63,0.4972365666434056,0.0078926439149746
8dd277fe-98ea-6fe2-f846-af1ff688112e,"Leonard, John",LW,201,0.4959013724121895,0.0024671710070258
41c74b24-2875-6f45-d954-11ac6d6c410b,"Sutter, Brett",LW,144,0.4937055129099795,0.0034285105063193
dd91f3fc-eed6-9558-5fcc-f84206b9651f,"Marcel, Marcel",F,88,0.4890044196324729,0.0055568684049144
45a2c93b-c050-c12e-b8d2-9d002eef5804,"Zary, Connor",C,10,0.4852756454989533,0.0485275645498953
da5bdc30-ff02-7a26-4d8b-79c87b128ab4,"Ford, Parker",RW,272,0.4785159339381259,0.0017592497571254
1c7fb1ea-cf20-6a27-04f5-4b782c22a62d,"Toporowski, Luke",LW,206,0.4766782972784374,0.0023139723168856
938c52ed-067f-8299-e70a-998704932bfd,"Sanford, Zach",LW,122,0.4744068387997212,0.0038885806458993
07e10855-6888-fe97-d142-f57c15ceec83,"Behrens, Sean",D,13,0.4708583391486393,0.036219872242203
442fd324-024d-8099-7824-c736b327f12a,"Liwiski, Mark",F,27,0.4702442428471738,0.0174164534387842
db9c8af3-01e3-2f51-4cfd-cabf439c3c0f,"Skoog, Wilmer",F,144,0.4651267736682953,0.0032300470393631
001f8fd1-bc74-2cc8-3e59-09a02532c938,"Nesterenko, Nikita",C,234,0.4599848802046994,0.0019657473513021
b4bdcf7d-af7f-59d1-384b-4f207395ee19,"Brink, Bobby",RW,16,0.4564410327983252,0.0285275645498953
940dbcfa-42b7-e119-0ff4-9e356a035c78,"Yaremko, Nolan",LW,30,0.4558269364968598,0.0151942312165619
b26348d5-86ba-a414-caa0-1aea4d766bc3,"Stillman, Riley",D,123,0.4552861130495468,0.0037015131142239
cf47f181-03bc-cec7-23d8-23f407701653,"Weissbach, Linus",LW,145,0.4531123517097004,0.0031249127704117
78f83485-b2fd-78da-b419-b007bedcb832,"Lambos, Carson",D,305,0.4437497092347066,0.001454917079458
9e9f0d39-c731-c9ca-363a-b83c1659dcc9,"Lagesson, William",D,5,0.4426378227494766,0.0885275645498953
6e9ff9d1-cabb-e3bd-a1a2-2579edc26bd6,"Duke, Dylan",LW,19,0.4420237264480112,0.0232644066551584
f6ab9da2-4084-7236-c988-3ab4e0f7db49,"Johnson, Kent",C,24,0.4418190276808561,0.018409126153369
ef6ffa30-eb7b-716c-b66b-d0db438b2268,"Strome, Matthew",RW,191,0.4415561758548506,0.0023118124390306
e819a25f-f0e3-332d-746e-9ea41cecac2e,"Jefferies, Alex",F,30,0.4344056757385439,0.0144801891912847
57b5f123-fd08-99e1-9222-cfd4ae909c19,"Loof, Leo",D,164,0.4249162595952552,0.00259095280241
0ca4f9ef-7e7a-d691-6e1c-16d394e84bfe,"Baddock, Brandon",LW,173,0.4138474063735757,0.0023921815397316
623d5826-500c-1a77-1262-248a6f10c0f5,"Hoefenmayer, Noel",D,184,0.4133356594556879,0.0022463894535635
3350ec9e-cddb-bd52-0e9e-f6d34c9ea337,"Osipov, Dmitry",D,53,0.4119609211444524,0.0077728475687632
befd7372-8a19-ca5a-c1db-88c82ad4500b,"Criscuolo, Kyle",C,240,0.4061758548499658,0.0016923993952081
7fac9254-996b-8a15-fa1d-a7ed1a23dcc4,"Solow, Zach",RW,221,0.4045917655268674,0.0018307319707098
d7d794dc-6f3b-8c9c-7614-23859008aea2,"Gross, Jordan",D,148,0.4042114445219823,0.0027311584089323
eb345c6c-ab0e-fdca-aea2-9503bc579991,"McKenna, Jeremy",RW,42,0.3981577110956038,0.0094799455022762
75fce25f-ab8f-4f02-2e5e-41faf5ad62ef,"Wouters, Chase",C,266,0.385929285880438,0.0014508619769941
a0de9f22-44da-3274-37de-11b5b6d222d6,"Luce, Griffin",D,45,0.3837404047452897,0.0085275645498953
62da8db3-43ba-54cd-41cb-1eedac95ba17,"Beaudin, Nicolas",D,42,0.3802896022330776,0.0090545143388828
912119f4-6991-e717-ea68-1137c057d277,"Vrana, Jakub",RW,103,0.3740753663642711,0.0036317996734395
ac8def35-7690-efa6-0e76-cb51ada82cf5,"Koivula, Otto",C,129,0.3729495231449178,0.0028910815747668
1f3f339a-0636-6df3-54ca-c39983b31d52,"De Jong, Ethan",RW,34,0.3699371946964411,0.0108805057263659
e850e12b-4214-353a-3bbe-aad41042acd5,"Griffith, Seth",LW,180,0.3658920679227733,0.002032733710682
64fdd893-333d-dc28-174f-720a4ec9e747,"Joyaux, Michael",D,31,0.3629332402884392,0.0117075238802722
0bfc03fb-71ed-510a-01d1-3e6e6a1ff531,"Torgersson, Daniel",LW,230,0.3613398464759253,0.0015710428107648
8c885fad-a1cf-d44e-ff3c-1975721abdbc,"DeSimone, Nick",D,23,0.3561339846475925,0.0154840862890257
901235fc-1283-6bef-78e7-d9ba49b910c5,"Benoit, Simon",D,6,0.3532972784368458,0.0588828797394743
0ba44677-53d6-ffe2-d72d-d96bceaba661,"Kubicek, Simon",D,12,0.3423307745987439,0.0285275645498953
86e84326-bbdc-0d98-1c14-c40027327ec3,"Ellis, Max",F,82,0.3392602930914168,0.0041373206474563
b770efaf-d9ec-59df-5158-062712cdcc46,"Lipinski, Jaden",C,9,0.3388799720865318,0.0376533302318368
9a673947-843b-c6fd-0b7e-35c0d46cf23f,"Sokolov, Yegor",F,243,0.3357513375203542,0.0013816927469973
a23408ce-f1c0-03b6-d7ef-60da484f7212,"Nylander, Alexander",RW,140,0.3331484066061879,0.0023796314757584
6b0f2df7-0388-ee09-48c1-f95dbaef41b2,"Prapavessis, Michael",D,15,0.3279134682484299,0.0218608978832286
c7b3eac9-cfa1-4c43-8703-af46ffd33a88,"Kopperud, Matt",F,15,0.3279134682484299,0.0218608978832286
3ab76805-5e56-a960-0295-c331ce09ab46,"Duarte, Mark",RW,32,0.3271458478715981,0.0102233077459874
8f7dc0f4-ca8a-10e4-040e-574cba9e71b1,"Drew, Hunter",RW,99,0.3242288904396374,0.00327503929737
9daae941-4f95-c94c-baf7-a520ad42785f,"Iskhakov, Ruslan",F,196,0.3235857176087467,0.0016509475388201
fd49836f-d5af-212e-d04d-32c44ef24a8e,"Sykora, Adam",F,188,0.3143324028843923,0.0016719808664063
b4ed4c55-1ff5-c6da-3d59-02be349c18a3,"Frasca, Jordan",LW,4,0.3141102581995813,0.0785275645498953
c41b546c-c200-fe0d-b46c-fe319e2e42e6,"Rooney, Kevin",C,4,0.3141102581995813,0.0785275645498953
e8165ae5-3c31-795b-1801-ef1618fd451f,"Hollowell, Mac",D,304,0.3129216096766699,0.0010293474002522
0197019c-0e19-f14e-cdab-ce4bb3630856,"Laferriere, Mathias",RW,207,0.309960455919982,0.0014973935068598
080a4b83-a144-5887-3f0e-084a2fbeb039,"Asselin, Samuel",F,146,0.3078669458013496,0.0021086777109681
c35114ac-3137-f740-106a-393d981645d3,"Ludvig, John",D,40,0.3053663642707608,0.007634159106769
fd45525b-8660-6dbf-0ae5-1589daee800f,"McMann, Bobby",C,7,0.2996929518492673,0.0428132788356096
e6793d76-c12a-24b3-375e-eaca9cd7dfc9,"Pinard, Simon",F,35,0.2984647592463365,0.0085275645498953
eb83ef82-3ad4-8464-b716-671f53e373c8,"Newkirk, Reece",F,35,0.2984647592463365,0.0085275645498953
ebb72d23-6b12-208b-62ee-393071bdb363,"Schwindt, Cole",RW,203,0.2982019074203309,0.0014689749134006
18c5295c-17f0-185e-9344-be3f0f3b9f01,"Berard, Ben",LW,108,0.295240753663643,0.0027337106820707
6082f959-421e-173b-b5e4-e1ffd5fc7d18,"Pelletier, Jakob",LW,74,0.2919702256338686,0.0039455435896468
43529398-5d9b-dfbf-5964-8da03136e8e4,"Steeves, Ben",F,24,0.2846615491974879,0.0118608978832286
5193e419-63d9-1421-640b-06417842d3e2,"Mancini, Victor",D,24,0.2846615491974879,0.0118608978832286
9fe3605d-f4f9-9c7f-e12d-760d6cc2d387,"Jost, Tyson",C,56,0.2843789253314726,0.0050781950952048
a0ee2ae4-f345-5203-c3b7-60b728f5f7fb,"Bichsel, Lian",D,54,0.2833310072109795,0.005246870503907
d02b010f-8cb4-7c7b-9319-50dd7c95cab2,"Kuefler, Daylan",F,80,0.2822051639916262,0.0035275645498953
97bce0c4-5f30-32b1-ab97-83c174303222,"Misyul, Daniil",D,163,0.2785205861828337,0.0017087152526554
8b9b4b63-03ae-91fb-4bc5-905211a4f5af,"Johnson, Isaac",RW,27,0.2702442428471738,0.0100090460313768
3c4412a3-e599-a8ef-c9ac-445495c3da36,"Bertuzzi, Tag",F,27,0.2702442428471738,0.0100090460313768
8cdcb61e-d733-bde6-a101-ef3140e48149,"L'Esperance, Joel",RW,235,0.2623365899046296,0.0011163259144877
0db6b956-4b7f-d666-f861-49683999fe78,"Guy, Brayden",F,2,0.2570551290997906,0.1285275645498953
e2d76c46-1d92-a105-9328-860a88d1d024,"Rowe, Luke",D,16,0.2564410327983252,0.0160275645498953
34c9b6d7-581c-e992-d276-c44d50fff88d,"Smith, Dalton",LW,184,0.2490718771807402,0.001353651506417
b7459409-30b2-bc6e-e869-0a99b09589c8,"Jones, Caleb",D,27,0.2487718073970692,0.0092137706443358
e778beec-dfe7-a6c8-352f-d42ec0b01ced,"Parent, Xavier",F,244,0.2381542219120732,0.0009760418930822
4547b0f8-61ed-35aa-c402-92122503bf23,"O'Leary, Mike",C,117,0.2377250523377533,0.0020318380541688
2cd11afe-06d7-f761-66be-35ca4a2ccc0e,"Sebrango, Donovan",D,131,0.2371109560362879,0.0018100072979869
8928e094-1450-a2f0-bb6f-6fd697d469c4,"Terry, Chris",F,208,0.2361363107699471,0.0011352707248555
332983fd-d9b9-3b78-fe67-9b985bf20d66,"Olofsson, Gustav",D,172,0.2352686671318916,0.0013678410879761
e88acb6b-d5da-6c45-42b6-b77998c3203f,"Rousek, Lukas",RW,128,0.230107001628286,0.0017977109502209
b8c6b250-84bc-2be1-fefe-d5c971f905cd,"Lettieri, Vinni",C,55,0.2285764131193302,0.0041559347839878
f07cff63-8908-2719-267d-58273e85203a,"Spence, Jordan",D,8,0.2282205163991626,0.0285275645498953
030cb72b-9d23-dd23-8b2e-6ceac608d8cf,"Barlow, Colby",LW,22,0.2276064200976972,0.0103457463680771
8dad4f86-9253-e133-91e5-4d58aa04adc0,"Riedell, William",D,36,0.2269923237962318,0.0063053423276731
b01afbd7-6ec9-96e1-f267-7cc7dee4dea0,"Bemstrom, Emil",RW,24,0.2239509188183299,0.009331288284097
b18a382f-18a4-2fd8-10e5-fa3a3726fe0d,"Khaira, Jujhar",C,75,0.2181460804838336,0.0029086144064511
0e48d7ab-436f-db69-ff28-bffca486cb7c,"Laroque, Gannon",D,39,0.2149779018376367,0.0055122538932727
c2f73f7c-42c7-ad72-c69d-4a7691585ef9,"Ghantous, Andre",F,11,0.2138032100488486,0.0194366554589862
db741d88-69a4-6aea-4b27-9261563f0f79,"Anderson, Matt",D,11,0.2138032100488486,0.0194366554589862
8ecb4331-0678-906c-778b-1ab1af58bae3,"Grainger, Luke",F,11,0.2138032100488486,0.0194366554589862
c2902aae-ee02-d58c-8569-fd701d9cd9de,"Bliss, Trenton",LW,11,0.2138032100488486,0.0194366554589862
3d5bcc97-ee74-7ffb-a3c3-9bb7facf831f,"Kirkland, Justin",C,114,0.2128529890672252,0.0018671314830458
67e1e8ce-d6e8-927b-8a0f-0eaf39b35fc6,"Pinho, Brian",F,221,0.2022400558269371,0.0009151133747825
c9675f23-4447-723a-41d7-6a597d159135,"Vierling, Evan",LW,14,0.1993859036985346,0.014241850264181
5051b123-581a-7b4e-d99e-a179a9cccd3b,"Kudla, Patrick",D,14,0.1993859036985346,0.014241850264181
79afc51c-33ef-42b7-d824-12c175fedd9b,"Farrance, David",D,14,0.1993859036985346,0.014241850264181
a6b4086e-956a-6a17-e22c-83858e92ef99,"Condotta, Lucas",LW,206,0.1968469411491051,0.000955567675481
6d76255c-3247-8cd9-1e45-d4543ce11e86,"Hayden, John",F,203,0.195799023028612,0.0009645272070374
672c5ab2-c18e-1dff-3366-1739eadb7e5b,"Middleton, Keaton",D,296,0.1893021632937901,0.0006395343354519
25e6444a-1fbe-66b1-5e10-17b5f0f84f9e,"Brown, Christopher",RW,3,0.185582693649686,0.0618608978832286
07c2785b-63b9-db1a-555f-b3ac81345d3f,"Pietila, Logan",RW,3,0.185582693649686,0.0618608978832286
f5bee3f3-4729-b54f-daac-180b56d418a0,"Stinil, Michal",LW,3,0.185582693649686,0.0618608978832286
faf5e9e0-21ec-2d97-a6f5-98596729e066,"Krys, Luke",D,31,0.1843545010467551,0.005946919388605
2930b9a2-e32f-9bc1-bad9-327d514a020e,"Phillips, Matthew",RW,31,0.1843545010467551,0.005946919388605
42be5bc9-7952-affb-ce16-442e16f141e2,"Keeper, Brady",D,45,0.1837404047452897,0.0040831201054508
8c8bb5e3-c1bf-5fe7-5c06-9c2edca91261,"Onyebuchi, Montana",D,179,0.1826099092812287,0.0010201670909565
a65308f1-5c3e-a5de-87e2-cead7d9f44a7,"Guenther, Dylan",RW,98,0.1778332170272159,0.001814624663543
db0333ab-7807-d7a0-6a75-e78b8401080d,"Fogarty, Steven",RW,274,0.1724575482670396,0.0006294071104636
380906c9-b5f1-8231-a3e0-e9bae3c9b899,"Voronkov, Dmitri",LW,6,0.1711653872993719,0.0285275645498953
c7b3f922-86b9-8842-3b94-49930e85939c,"Chiasson, Jake",RW,6,0.1711653872993719,0.0285275645498953
68d0b4fa-17ee-2870-f7f8-98925d440f04,"Ritchie, Ethan",D,20,0.1705512909979065,0.0085275645498953
ebe4714b-a994-8466-487a-f68dd624f182,"Halliday, Stephen",C,34,0.1699371946964411,0.0049981527851894
18889642-8c65-e4c1-15c4-02adaa622df8,"Sredl, Matthew",D,9,0.1567480809490579,0.0174164534387842
1e181fe0-11d2-8b93-dfcb-0b3b08076a1f,"Swoyer, Colin",D,12,0.1565945568736916,0.0130495464061409
6089c6ca-cc4b-7dfe-6bb0-cf9bbd6ffdb7,"Nause, Evan",D,23,0.1561339846475925,0.0067884341151127
b5612f31-b1a0-8934-f8b5-5f980f2cb2a0,"Luneau, Tristan",D,28,0.1559292858804374,0.0055689030671584
a0c15a5d-c635-d29e-06a4-421921529350,"Dunne, Josh",C,95,0.1494080018608981,0.001572715809062
7336b864-27d6-7481-edab-db81bedbee4a,"Jardine, Sam",D,26,0.1417166782972785,0.0054506414729722
1f7fddd9-cf04-94b7-10e3-373f797b0312,"Bloom, Josh",LW,40,0.1411025819958131,0.0035275645498953
9698f020-7131-d04b-2552-c55a16afa91f,"Hodgson, Cody",C,54,0.1404884856943477,0.0026016386239694
2b6fc981-185e-a9b2-ba8c-149db137f2cb,"Nychuk, Chad",D,57,0.1403349616189813,0.0024620168705084
add71ad9-21c0-6eb3-ed18-205596e41672,"Puustinen, Valtteri",RW,82,0.1392602930914168,0.0016982962572124
579da99e-0b65-5601-e4eb-7bf837211c3f,"Morrison, Cameron",LW,96,0.1386461967899514,0.0014442312165619
13e8d6e9-7d96-84c1-9669-e6f47764f9e3,"Addamo, Justin",C,57,0.1379832519190511,0.0024207588055973
20e6209d-373a-ce4a-1c9c-0a40ea6ef7ff,"Katchouk, Boris",LW,9,0.135326820190742,0.0150363133545268
05d1d579-7092-686f-82ea-789112b87f0f,"Steeves, Alex",C,216,0.1333752035357066,0.0006174777941467
8d839886-a557-ba77-cbae-bc2af117408e,"Teasdale, Joel",LW,236,0.1325052337752972,0.00056146285498
65487019-1991-79e8-c505-981beb0636d0,"Ohgren, Liam",LW,15,0.1279134682484299,0.0085275645498953
93be18e6-1e64-51e4-e3ee-d151608ef10b,"MacArthur, Bennett",LW,15,0.1279134682484299,0.0085275645498953
393edf9b-c8b4-b93c-4a23-c0b2ed585c9d,"Thompson, Keaton",D,57,0.1260711793440336,0.0022117750762111
4e579c02-16bc-bac7-ced8-63eecf89a8b9,"Foote, Nolan",LW,18,0.1254082344731333,0.0069671241373962
1c1f6b61-7245-c44d-eda9-90793130dfa5,"Spezia, Tyler",RW,110,0.1201639916259598,0.0010923999238723
780faed0-029f-8cfb-8608-c663d88e340e,"Keating, Austen",F,4,0.1141102581995813,0.0285275645498953
dcb83f8b-507d-3e09-575d-c70202edce3d,"Nyman, Jani",RW,4,0.1141102581995813,0.0285275645498953
61cf0567-90c5-3e07-99d9-8b08b22c623d,"Walford, Scott",D,4,0.1141102581995813,0.0285275645498953
a5b7b24c-17f7-9ece-93d4-237da071f7e2,"Alexandrov, Nikita",C,20,0.1098406606187486,0.0054920330309374
e816e950-29af-f11a-16dc-9be28900788e,"Maillet, Philippe",C,172,0.106792277273785,0.0006208853329871
6845c1eb-216d-4366-cda0-d3c220357faf,"Del Bel Belluz, Luca",C,186,0.1001709699930221,0.000538553602113
3b937317-88d9-8fb2-ebd2-268555930325,"Tychonick, Jonny",D,7,0.0996929518492673,0.014241850264181
bf0b96e6-a68b-21c7-b976-174d731f8537,"Jandric, Chris",D,21,0.0990788555478018,0.0047180407403715
676fc7af-7d2a-e37a-3a5d-91082b375e1b,"Oligny, Jimmy",D,35,0.0984647592463364,0.0028132788356096
a2f8a1c4-75eb-63d8-4e1d-dbb361fdaeb0,"Foudy, Jean-Luc",RW,74,0.0944242847173763,0.0012760038475321
60a256f4-156e-1e04-ed00-29e7b5fc2243,"Bourque, Gabriel",LW,167,0.092630844382415,0.0005546757148647
f7257354-dd2d-1be6-154e-d16209af0eed,"Bjorgvik Holm, Ole Julian",D,16,0.088572923935799,0.0055358077459874
afb0b0bb-bf63-52dc-2656-6bd1c99d80c8,"Quillan, Jacob",C,10,0.0852756454989532,0.0085275645498953
87bdf491-4306-7ed7-527a-34835f166483,"Savoie, Matthew",C,10,0.0852756454989532,0.0085275645498953
1478b5df-3f0a-5c6c-2819-58f814f92e05,"McClennon, Connor",F,38,0.0840474528960224,0.0022117750762111
de965666-84cc-36f5-8129-ad04ec59d185,"Heineman, Emil",LW,169,0.0819202140032571,0.0004847349941021
2be8b8fb-13ac-21c5-6fb3-c99a1d7933e1,"Silye, David",C,7,0.0818248429867411,0.0116892632838201
add3d394-1378-64cf-5d00-dc6027bcf5bd,"Slavin, Josiah",LW,269,0.0809699930216337,0.0003010036915302
77a3c50b-31ff-8311-b5bd-79aa901df22c,"Farrell, Sean",F,145,0.0805408234473137,0.000555453954809
bd19400c-e2c9-2485-9923-3d621df406c2,"Boucher, Tyler",RW,122,0.0803628750872299,0.0006587120908789
481557d2-206d-33a3-ff24-624dd21c0ac5,"Karashik, Adam",D,49,0.0799825540823448,0.0016322970220886
a4d621c2-4b44-71de-6e05-041df13f2858,"Lucas, Andrew",D,18,0.0777599441730635,0.0043199968985035
665699cd-274f-78a9-d163-2779fc7210a0,"Singleton, Tate",C,49,0.0764294021865551,0.0015597837180929
5c67bc38-5487-75fa-57e0-2d6811c164b6,"Galipeau, Olivier",D,202,0.0756303791579443,0.0003744078176135
a2e5ba9a-a3d2-3c36-25f5-6b71426f884d,"Kuhlman, Karson",RW,188,0.0738415910676907,0.0003927744205728
3f1cb8fd-1aa5-5b5c-a0f1-d8dbb7756d87,"Durandeau, Arnaud",LW,172,0.0638985810653645,0.000371503378287
fc2fdeb8-f765-d874-c079-e534fe36e8a2,"Hillman, Blake",D,235,0.0633845080251228,0.0002697213107452
24e877cf-3574-a5f2-8b07-8dbb117f561d,"Gravel, Kevin",D,260,0.0623098394975583,0.0002396532288367
bc0901c4-4d45-8b85-d17f-37826e9e5b4a,"Clarke, Brandt",D,158,0.0597069085833919,0.0003778918264771
21cf1d66-d9b8-9cc2-30ea-89b85f72ad81,"Ufko, Ryan",D,55,0.0595068620609445,0.0010819429465626
1a8b325b-f423-4cca-aafc-bd79e3ab00b6,"Schmiemann, Quinn",D,112,0.0593510118632243,0.0005299197487787
6b02137d-510a-65ed-24a8-c60dffebc9f3,"Giroux, Damien",C,83,0.0582786694580137,0.0007021526440724
aa4ca3d2-95a5-0428-48dc-5a00550fa004,"Peart, Jack",D,16,0.0564410327983252,0.0035275645498953
d911dcc4-447c-8f68-c2b9-3d9d5be03c88,"Senden, Mark",C,16,0.0564410327983252,0.0035275645498953
eb2b5a29-1de3-7a50-19d7-044c4c5234be,"O'Neil, Kevin",RW,19,0.0539357990230286,0.0028387262643699
7d94bd1c-7703-09e0-71ad-e2955531637d,"Pettersson, Oskar",RW,86,0.0533705512909981,0.0006205878057092
1acdc235-915d-5342-3376-071fbe4ebfb0,"Seppala, Peetro",D,156,0.050300069783671,0.0003224363447671
ea7c79f4-a992-0dfc-7f0c-913a5c701c2f,"Korczak, Kaedan",D,97,0.0493056524773206,0.0005083056956424
6dbd5237-3b4c-0d3d-864b-318fd0e138ea,"Arcuri, Francesco",F,5,0.0426378227494766,0.0085275645498953
2766277d-aa8c-2da8-d328-62f1cbf03279,"Duehr, Walker",RW,5,0.0426378227494766,0.0085275645498953
dbbdc24c-c552-313f-e267-b9973b81b798,"Hanelt, Haakon Frederik",C,5,0.0426378227494766,0.0085275645498953
75af17b8-2f42-25a1-947f-299ac164603e,"Hillis, Cam",RW,5,0.0426378227494766,0.0085275645498953
f0a39117-161e-e264-da18-15b3778333b8,"Kile, Alex",LW,5,0.0426378227494766,0.0085275645498953
21348ee4-ac5f-ff74-f644-1f469fa60055,"Daoust, Philippe",C,5,0.0426378227494766,0.0085275645498953
11ba5a20-42e0-27f3-919f-cbda683b336a,"Lekkerimaki, Jonathan",RW,19,0.0420237264480112,0.0022117750762111
b4a5f3d7-6dcc-ddb1-2e99-6d4e41755f66,"Colangelo, Sam",RW,19,0.0420237264480112,0.0022117750762111
800573f9-983d-f26c-6768-3c97219f0f85,"Allan, Nolan",D,242,0.0345498953244948,0.0001427681624979
ff9b6097-e007-85c3-f8fb-f86935bcb875,"Pettersen, Mathias Emilio",LW,187,0.0299511514305657,0.0001601665851901
022e15e8-84c5-2103-7225-91ae7102aaa0,"Lysell, Fabian",RW,170,0.0282647127238897,0.0001662630160228
c24ef5ed-38e3-222e-35fc-4aaaaefbb56e,"Fiddler-Schultz, Riley",C,8,0.0282205163991626,0.0035275645498953
25035df3-d4b1-9ae9-d107-8dba88f1f910,"Centazzo, Orrin",F,8,0.0282205163991626,0.0035275645498953
f33adef0-1ae0-5b1e-f8ff-861bfa39cf09,"Millar, Jack",D,8,0.0282205163991626,0.0035275645498953
2864d29b-c2b5-a160-af4f-33bd2c5150ac,"Moberg, Cole",D,22,0.0276064200976972,0.001254837277168
a8710019-ad52-0061-c08f-181079c2ff0e,"Johannes, Hunter",LW,22,0.0276064200976972,0.001254837277168
c2820307-4226-fef5-3594-74ac709a6b6c,"Tomasino, Philip",RW,90,0.0234368457780881,0.0002604093975343
1cdb2dba-e186-98bb-ac8c-e81b86f7628b,"Reinke, Mitch",D,42,0.0219818562456386,0.000523377529658
e2214881-b6b0-b1c9-6e83-a6b289c4f33f,"Primeau, Mason",F,131,0.0192428471737617,0.0001468919631584
cfb46079-cb96-b7c5-442e-26ea0e34e136,"Robertson, Nick",LW,17,0.0171004884856944,0.0010059110873937
ed06b4df-81cc-bd14-ec2b-ef3c36cd7ba1,"MacDougall, Ross",D,11,0.0138032100488486,0.001254837277168
bc0c9735-bac9-f48e-c06b-01df0bfd052a,"Truchon-Viel, Jeffrey",LW,298,0.0130751337520362,4.3876287758511014e-05
0f6b8de7-1366-c197-e438-c2cb772c1f3e,"Johnstone, Marc",RW,111,0.0129553384508028,0.000116714760818
ac67f786-2de5-43b4-d0af-ae6afd5f161e,"Pysyk, Mark",D,158,0.0109083507792514,6.904019480538893e-05
dd368f54-e501-b3b4-cfb1-0168ac8455c4,"Tuomaala, Samu",F,203,0.0089637124912776,4.415621916885517e-05
62266127-46c0-5420-5d10-5a6068de1b5d,"Lockwood, Will",F,121,0.0065899046289838,5.4462021727139213e-05
27588d0d-69a7-2290-9289-ec66dce9bd74,"Miromanov, Daniil",D,27,0.0059804605722261,0.000221498539712
cce167f2-c8fd-27c9-a350-0a4931c5b132,"Megna, Jayson",C,226,0.0007315654803449,3.2370153997565293e-06
3e10ec46-6aa6-2444-d4b2-c9c1fde3004e,"Hayes, Avery",RW,111,-0.0001070016282853,-9.639786332012242e-07
4a958778-ad3e-a99e-3fd3-f9d53cc6e145,"Megna, Jaycob",D,14,-0.0006140963014654,-4.3864021533244045e-05
2566d542-639a-ad0a-77f7-6bcb13181d43,"Massicotte, Zachary",D,70,-0.003070481507327,-4.3864021533244045e-05
8323c731-fc92-99db-5509-b7c1ef5fc83d,"Nadeau, Olivier",RW,3,-0.014417306350314,-0.004805768783438
a1c96f84-a9a7-2be7-224a-660944dc9cd8,"Fairbrother, Gianni",D,3,-0.014417306350314,-0.004805768783438
ad4e566e-ebf0-b4b9-7af8-34f7acb86733,"Wendt, Dylan",F,3,-0.014417306350314,-0.004805768783438
2edb2923-a2c9-13d1-fa88-d6659c99b38e,"Malott, Jeff",LW,260,-0.0149139334728999,-5.736128258807688e-05
8435853c-7f48-63ac-af7e-286d5f753405,"Gagnier, Ryan",C,17,-0.0150314026517794,-0.000884200155987
6619f4e6-237f-7851-e50f-2f41769d8604,"Belpedio, Louie",D,123,-0.0161351477087691,-0.0001311800626729
9cdb062f-6fc7-e205-1858-d4f6f32237a4,"Johansson, Albert",D,291,-0.0163468248429858,-5.6174655817820915e-05
dd4fbde3-ce22-48e4-f9c3-294a3853c62e,"Ovchinnikov, Dmitry",F,73,-0.0174877878576411,-0.0002395587377759
cd489321-0cb6-1202-edc1-5fdf801b7738,"McDonald, Kyle",RW,171,-0.01938357757618,-0.0001133542548314
d54b6c97-2380-f382-7937-732841fca283,"Pearson, Justin",LW,240,-0.024856943475226,-0.0001035705978134
ad355380-2d07-14ba-406d-9239a635419e,"Kokkonen, Mikko",D,246,-0.0251639916259587,-0.000102292648886
0601a4ed-1515-44af-ec9e-749318820437,"Wheatcroft, Chase",F,131,-0.0271528262386597,-0.0002072734827378
1a578a0e-d421-77f2-0460-a4d3b788f394,"Vitelli, Reece",RW,6,-0.028834612700628,-0.004805768783438
d57fe9fb-f45c-e861-62bd-a3d74d93e154,"Hillebrand, Chad",F,6,-0.028834612700628,-0.004805768783438
c10719af-87b4-f64d-abda-4dd75b197b9d,"Kniazev, Artemi",D,101,-0.0306280530355893,-0.0003032480498573
560305e9-f7d6-b751-862e-546122ac7e55,"Bavaro, Drew",D,17,-0.0328995115143055,-0.0019352653831944
70165726-e983-7685-d992-2fc41bce2ee1,"Empey, Tyson",LW,9,-0.043251919050942,-0.004805768783438
3b5ef339-2b52-54ae-e4df-883f892a0f9c,"Novak, Pavel",F,37,-0.0444801116538728,-0.0012021651798344
a340d31a-27b5-a8d5-bfb1-edfe27cf1e5d,"Gicewicz, Carson",C,37,-0.0444801116538728,-0.0012021651798344
0753b094-9e2f-976d-85c8-d22a1d280e8d,"Jiricek, David",D,127,-0.0448674110258195,-0.0003532867009907
7f835c52-5af6-f4e1-eff4-ebe21be0a4bb,"Denisenko, Grigori",F,235,-0.0483740404745283,-0.0002058469807426
87376fde-0929-ba1c-b649-11a86bd72d17,"Glover, Ty",LW,135,-0.0487787857641308,-0.0003613243389935
650d3032-1d13-5ad8-b295-80e86c324b0f,"Stillman, Chase",RW,182,-0.0508769481274709,-0.00027954367103
559157e4-708e-ddcd-71ea-cc5de91a6e20,"Lambert, Jimmy",F,15,-0.0578227494766224,-0.0038548499651081
92ba8cca-e560-cb08-e2d6-15259ce631d1,"MacEwen, Zack",RW,26,-0.0582833217027214,-0.0022416662193354
73698e97-bdfb-0da0-c238-680315e73d71,"Brickey, Scooter",D,23,-0.0617341242149336,-0.002684092357171
647565e5-1012-bd7f-f56f-3fc756a2ad52,"Millman, Mason",D,65,-0.0635764131193298,-0.0009780986633743
38337d0c-d847-3281-c6cd-ee7361785511,"Hicketts, Joe",D,62,-0.067027215631542,-0.0010810841230893
15e46e6c-821c-e6ae-dc28-f161cd626ca5,"Brooks, Adam",C,110,-0.0691765526866709,-0.000628877751697
25edc2cd-a4cd-7b5f-a423-9223a4e54ee6,"Martin, Max",D,1,-0.0714724354501046,-0.0714724354501046
da82b24f-bc29-a65e-c9b3-ea64ddd44b84,"Lajoie, Marc",D,1,-0.0714724354501046,-0.0714724354501046
67b8ed43-a1e4-2118-c376-832d94f2e5ed,"Voyer, Alex-Olivier",RW,15,-0.0720865317515701,-0.004805768783438
f238b29a-5e55-3d84-643f-638f06a70428,"Hirano, Yushiroh",RW,15,-0.0720865317515701,-0.004805768783438
05b95071-fc69-bd44-2833-e883e840dcf9,"Fasching, Hudson",RW,15,-0.0720865317515701,-0.004805768783438
9120172d-54de-9906-e916-1e5ce36bfcc8,"Hryckowian, Justin",C,15,-0.0720865317515701,-0.004805768783438
b6a7a39b-58cc-cfcd-fea9-ccffe90ab4fe,"Lewandowski, Mitchell",LW,29,-0.0727006280530355,-0.0025069182087253
c2ac142e-72a6-58c2-9f0a-acc2ae622a90,"Agozzino, Andrew",C,264,-0.0746789951151423,-0.0002828749814967
27281544-ba73-12b1-7101-bca8c999f508,"Viro, Eemil",D,99,-0.0757711095603625,-0.0007653647430339
6b122583-dd65-ac45-1516-8d861b35db24,"Bjornfot, Tobias",D,26,-0.0761514305652476,-0.0029289011755864
4289fb89-c2f9-7f84-266f-fef249c727fc,"Metsa, Zach",D,142,-0.0777157478483363,-0.0005472939989319
647a31e3-83fc-035d-c92c-bedd256d0c59,"Brisebois, Guillaume",D,38,-0.0838206559665037,-0.0022058067359606
df15162d-f558-02cf-08ae-c4c04c26bdeb,"Siedem, Ryan",D,4,-0.0858897418004187,-0.0214724354501046
c0f63831-ec80-7bc5-3386-a1199727d0e9,"Gabriele, Grant",D,4,-0.0858897418004187,-0.0214724354501046
0e54465c-5689-124b-2815-81c899f63dc0,"Ward, Taylor",F,179,-0.0864596417771569,-0.0004830147585316
6b339084-95a1-64ba-783a-91019a97034d,"Looft, Kyle",D,18,-0.0865038381018841,-0.004805768783438
79bc71d8-67c6-ad0c-a7ff-56571d3a5536,"Dornbach, Casey",C,32,-0.0871179344033495,-0.0027224354501046
93287ee7-f6cd-636b-e83c-9a63094f9c0d,"Vincent, Anthony",F,60,-0.0883461270062803,-0.0014724354501046
7f38f375-6f8b-a621-c862-3ae701f326c6,"Schueneman, Corey",D,277,-0.0908094905792036,-0.0003278320959538
6d2da62b-0ab1-541a-7398-f2997a37927c,"Kidney, Riley",F,192,-0.0988834612700622,-0.0005150180274482
55cc8f3f-7a32-8ad1-8610-b07c2a765fd7,"Rafferty, Brogan",D,262,-0.0996022330774591,-0.0003801611949521
8d434c78-29c6-c070-25df-62d63555ae45,"Parker-Jones, John",F,7,-0.1003070481507327,-0.0143295783072475
fe50cf98-a6c5-0980-85f5-fe90182dd9b9,"Hamaliuk, Dillon",LW,7,-0.1003070481507327,-0.0143295783072475
bf699764-7961-9215-2a75-a84ddf2f7803,"Morin, Etienne",D,7,-0.1003070481507327,-0.0143295783072475
ed09ce67-db31-3984-218e-3dc1a7b3d341,"Finnie, Emmitt",C,7,-0.1003070481507327,-0.0143295783072475
774bd9d6-51d4-5596-d6da-a8a7cbdece73,"Passolt, Josh",LW,35,-0.1015352407536635,-0.0029010068786761
4d078dae-3c80-5494-dfe0-cc6cb4da38e7,"McKay, Riley",F,114,-0.1038136775994414,-0.0009106462947319
5dfe0fd2-51d9-4615-89ff-9ee6a2db9028,"Houde, Samuel",C,32,-0.1049860432658756,-0.0032808138520586
94c58fec-e597-77fa-ea7c-b64e8dec79d8,"Froese, Byron",F,244,-0.1059920911839956,-0.0004343938163278
4b99d7b8-d6b5-992f-cfee-3024717ea00e,"Polin, Jason",F,102,-0.1080565247732027,-0.0010593776938549
0bd61d8a-c664-b1f0-5ec3-6ecf708679d7,"Vanroboys, Lucas",F,10,-0.1147243545010467,-0.0114724354501046
7d668396-9a80-257b-e522-9587e8d1015a,"Friedmann, T.J.",F,24,-0.1153384508025121,-0.004805768783438
c5258da6-5caf-3b59-ba84-ef3308239868,"Chromiak, Martin",F,205,-0.1161130495464055,-0.0005664051197385
5d869c26-9a71-e900-832f-2f3b45e7471c,"Lohrei, Mason",D,49,-0.1200174459176551,-0.0024493356309725
c6548f66-32fe-d071-8807-3d92f9c63357,"Clurman, Nathan",D,153,-0.1210188415910672,-0.0007909728208566
4e110e5d-1ce8-74cf-5df3-63609c738785,"Gaudette, Adam",RW,254,-0.1241672481972545,-0.0004888474338474
44b58db2-605e-28c4-b1e3-33687e276bd1,"Ostlund, Noah",C,13,-0.1291416608513607,-0.0099339739116431
5e597523-3951-4de6-6d47-6d3fe982366b,"Schneider, Cole",F,141,-0.1299651081646891,-0.0009217383557779
2b27457e-ba5c-020f-4ac8-e29e3726f8fb,"Lukosevicius, Jarid",RW,41,-0.1303698534542915,-0.0031797525232754
3a3be5e0-324a-1af9-5d4c-39b304b8d17d,"Hebig, Cameron",C,196,-0.1336741102581989,-0.0006820107666234
46121515-ed91-d0e4-56cf-d0aca14a8b5a,"Koepke, Cole",LW,130,-0.1366620144219582,-0.0010512462647842
aa7242ad-c419-33d4-6be1-f8132fc80b23,"Skinner, Hunter",D,185,-0.1403198418236793,-0.0007584856314793
d2958a70-f21e-b550-6791-91289dab5521,"Kupari, Rasmus",C,2,-0.1429448709002093,-0.0714724354501046
c53b4e4b-a765-f0f4-8d71-2f91dab18d60,"Costantini, Anthony",D,30,-0.1441730635031402,-0.004805768783438
fcc211ea-3d12-1067-28c0-3465b4cb586d,"Hajek, Libor",D,32,-0.1442754128867177,-0.0045086066527099
1d33070c-e556-fb1e-bc44-0073a18d3693,"Miller, Brenden",D,190,-0.1476308443824139,-0.0007770044441179
ca8bc734-74c0-cc3e-db09-72ea657f75e2,"Clague, Kale",D,117,-0.1515643172830887,-0.00129542151524
228bd0e6-be73-2587-815f-58604f3e4064,"Roed, Lleyton",F,5,-0.1573621772505233,-0.0314724354501046
dbbae946-8f04-1674-1477-e384d02e344c,"Laaouan, Noah",D,5,-0.1573621772505233,-0.0314724354501046
107581db-e2c4-00ff-7acb-1e80b33f9e6f,"Walker, Nolan",C,19,-0.1579762735519888,-0.0083145407132625
0f019453-f052-7bc8-02ed-1016fda53512,"Harpur, Ben",D,22,-0.1581297976273551,-0.0071877180739706
5833dbf2-d4d6-e001-2cd5-74d2a3bac7c2,"Boucher, Matthew",LW,33,-0.1585903698534542,-0.004805768783438
705342fb-5233-cb03-d7e0-2823602d0ca7,"Jenkins, Blade",F,33,-0.1585903698534542,-0.004805768783438
caea29a5-fbb3-0a09-a224-442a8a2efb50,"Rees, Jamieson",LW,117,-0.1622749476622467,-0.0013869653646345
0cdec058-c5f4-0045-d7bc-01b73ecdfb07,"Theisen, Colin",F,100,-0.1651116538729934,-0.0016511165387299
57416be2-68df-99d1-ada5-d3b6d3ef77b0,"Lavoie, Raphael",F,204,-0.1660618748546168,-0.0008140287983069
c51c4508-f268-b8c5-0cb1-26b9859a9083,"Tverberg, Ryan",F,128,-0.1663398464759242,-0.0012995300505931
ba2bb7e1-15a0-1473-7e9a-f985226ddac1,"Corcoran, Connor",D,8,-0.1717794836008374,-0.0214724354501046
14cbd768-52a0-a790-01c1-f5b32c569bca,"Maniscalco, Josh",D,92,-0.1754640614096299,-0.0019072180588003
3d5d0fd7-9f6f-134b-217b-a762b833d6ad,"Wesley, Josh",D,33,-0.1764584787159803,-0.0053472266277569
f2566bc6-bfea-c074-e304-be4d0e8006e2,"Kambeitz, Dino",RW,145,-0.177818097231914,-0.0012263317050476
157fdd64-36f2-ac7f-b2e3-489f22ef38ad,"Busdeker, D.J.",F,114,-0.183593859036985,-0.0016104724476928
a6f50fe5-0f96-77e5-dbe3-3ce072fdee4d,"Bolduc, Samuel",D,11,-0.1861967899511514,-0.0169269809046501
215a194a-b8e9-1d59-61df-608bca39f7fa,"Carroll, Noah",D,11,-0.1861967899511514,-0.0169269809046501
5f3ba977-2b47-50ed-9f99-9fcc71574006,"Jones, Jett",F,67,-0.188653175157013,-0.0028157190321942
0582fe49-f4f6-218b-4da2-55131a99a890,"Tuch, Luke",LW,14,-0.2006140963014654,-0.0143295783072475
5baf9274-110b-c144-384d-72f5733f935d,"Rassell, Mark",LW,93,-0.2087973947429632,-0.002245133276806
6c770e87-d5d7-763f-0cca-765dbe76e8ef,"Brodzinski, Jonny",C,43,-0.2126552686671317,-0.0049454713643519
a385df53-a241-ed83-c64f-34d4b4da77da,"Roy, Joshua",LW,100,-0.2127087694812744,-0.0021270876948127
1fe967f3-4573-d760-8359-eb0d9acc3756,"Wall, Kevin",RW,199,-0.2230146545708298,-0.0011206766561348
bc22e636-a3aa-30c6-baab-dbd6d5403b03,"Lindblom, Oskar",LW,129,-0.2234973249592925,-0.0017325374027852
54c92034-9ece-4a76-ae9d-be434c2eef82,"Hain, Gavin",C,140,-0.2240090718771803,-0.0016000647991227
417c9f8a-83ac-fa06-8302-bb95a39fdd60,"Laderoute, Tanner",RW,6,-0.228834612700628,-0.0381391021167713
d94c9d25-f8d3-d296-b8c1-46eef53a2f9c,"Levis, Connor",RW,20,-0.2294487090020934,-0.0114724354501046
667f32e1-cd4d-c151-6661-91ca6a4c1a2b,"Smith, Ryan",RW,20,-0.2294487090020934,-0.0114724354501046
6c8d8731-c18f-5a5e-aa78-2fc912cba75e,"Kaiser, Wyatt",D,142,-0.2336206094440563,-0.0016452155594651
66cb9389-fb62-0a30-a1e9-2be938f5ed7c,"Solovyov, Ilya",D,238,-0.2391207257501737,-0.0010047089317234
73f06420-5218-b4b0-24ff-89cac49b0640,"Suthers, Keenan",F,23,-0.2438660153524074,-0.0106028702327133
e0dac365-8533-2a57-86d0-8b89b436e72b,"Stastney, Spencer",D,120,-0.2481646894626653,-0.0020680390788555
8914c0ab-0284-2834-0482-78314b2008bd,"Duran, Riley",F,31,-0.2513817166782972,-0.0081090876347837
262628d6-d96f-8dea-72e2-0aece98b7fff,"Brouillard, Nikolas",D,303,-0.2573493835775753,-0.0008493378995959
947511da-26e3-7172-699d-971b808818b7,"Vaisanen, Kalle",F,12,-0.2576692254012561,-0.0214724354501046
73f11278-21e8-9bd9-f271-70e5cf8d41e7,"Kessy, Kale",LW,40,-0.2588974180041869,-0.0064724354501046
ee6f66a2-297c-c175-476d-a4390ead7eb4,"Campbell, Alexander",LW,37,-0.262348220516399,-0.0070904924463891
89d6fd61-dc6a-4969-d01a-a672c177757f,"Hughes, Cameron",F,204,-0.2625598976506158,-0.0012870583218167
ba6ccd17-6b01-8ed6-8af9-e37cd98df349,"Fagemo, Samuel",LW,141,-0.2657013258897414,-0.0018844065665939
ceba5090-f6e0-e944-7ceb-e629c8348684,"McLain, Mitch",F,178,-0.272042335426843,-0.001528327727117
fb552805-85bd-8c07-47c1-c5d02c994def,"Honzek, Samuel",LW,15,-0.2720865317515701,-0.0181391021167713
bb2c81a7-ec5a-c3c3-28e2-077918bc20a3,"Jones, Nick",F,214,-0.2725296580600133,-0.0012735030750467
9b6f3c1f-f63c-10d0-fd19-dc31c4ccd0c4,"Savoie, Nicolas",D,4,-0.2858897418004187,-0.0714724354501046
22faa189-5dea-eb18-37e3-b362e5909e09,"Hanzel, Jeremy",D,18,-0.2865038381018841,-0.0159168798945491
ee5122aa-cce5-d4fe-9403-b87023179682,"Pivonka, Jacob",F,18,-0.2865038381018841,-0.0159168798945491
1350956a-3151-b7dd-2fc5-eb1606b1c265,"Caron, Thomas",RW,18,-0.2865038381018841,-0.0159168798945491
b12e14c3-38a1-6474-171c-2d44328d98f7,"Brown, Matt",F,32,-0.2871179344033495,-0.0089724354501046
8200c442-154b-1e44-603c-432165892a57,"Shore, Devin",F,46,-0.2877320307048149,-0.0062550441457568
d89d0b83-74d0-635a-3d52-c1d5760f33f2,"Sawchuk, Riley",F,46,-0.2877320307048149,-0.0062550441457568
7777eacd-caee-687f-c0ce-d586b80cdb31,"Pinelli, Francesco",F,149,-0.2886822516864383,-0.001937464776419
38c336f8-97da-9f14-d503-e14a767e995e,"Forbort, Derek",D,15,-0.2899546406140962,-0.019330309374273
f6f7de10-882f-8def-cca2-93b0af174148,"Barbashev, Maxim",LW,7,-0.3003070481507327,-0.0429010068786761
c56cc222-6863-5331-3f3b-fdf23e0e6a8b,"Bernard, Xavier",D,7,-0.3003070481507327,-0.0429010068786761
e7ecd0e7-37ac-d982-a6e8-d5c883e4869f,"Nelson, Jaxon",F,32,-0.3049860432658757,-0.0095308138520586
9f84fbe2-cd0a-9663-0184-4398a58d7d29,"Quinney, Gage",F,179,-0.3066794603396133,-0.0017132930745229
ce8efa65-92ac-016a-bc78-8cb03af0c2f4,"Struble, Jayden",D,15,-0.3113759013724121,-0.0207583934248274
44ad96dc-c0b6-9c77-310a-42c86826d41a,"Cormier, Lukas",D,250,-0.3121528262386595,-0.0012486113049546
3dd072f0-2468-39e2-3d9e-a12975b519db,"Reilly, Will",D,10,-0.3147243545010467,-0.0314724354501046
35a0035c-20e4-aa72-6d80-3910349c04b0,"Reichel, Lukas",LW,10,-0.3147243545010467,-0.0314724354501046
b90aa353-979c-854a-6f54-5a714d009b15,"Hall, Curtis",C,52,-0.316566643405443,-0.0060878200654892
adce8fef-8cdf-c45c-6d59-68ef391c977a,"Kisakov, Alexander",F,66,-0.3171807397069084,-0.004805768783438
a5d99bd5-04ad-cc18-c4b4-2e2ac07cd3e5,"Chinakhov, Yegor",RW,21,-0.3187892533147243,-0.0151804406340344
081c0e30-374b-0c01-3b7d-9b9718f56970,"Huntington, Jimmy",F,233,-0.3257513375203528,-0.0013980744099585
be222f66-bfbb-c80f-bc43-681942116c84,"Gaudet, Marc-Andre",D,10,-0.3325924633635729,-0.0332592463363572
8eeee104-b93e-904a-fca1-953e9b5ecef8,"Krygier, Cole",D,167,-0.3358967201674803,-0.0020113576057932
29bef5a1-cfab-3a79-60d0-9389a42a0e4a,"Cassels, Cole",F,291,-0.3377680856013018,-0.0011607150707948
9e79de97-35f6-4db9-5b4d-bdb166ba4de0,"Oesterle, Jordan",D,152,-0.3435391951616651,-0.0022601262839583
4784e648-7a45-84cb-e5d5-3e5a6ba04f7c,"Aube-Kubel, Nicolas",RW,16,-0.3435589672016748,-0.0214724354501046
7ec37cf1-8c7b-2297-4f37-342ce98affbc,"Crnkovic, Kyle",LW,16,-0.3435589672016748,-0.0214724354501046
8a45d469-457d-fbfb-73d4-7317b34f0969,"Ludwinski, Paul",F,16,-0.3435589672016748,-0.0214724354501046
6762871d-0826-62ea-33f7-af39ac92c913,"Gatcomb, Marc",C,225,-0.3444626657362171,-0.0015309451810498
16639321-8e4f-7071-4f1a-276266715f99,"Peca, Matthew",C,146,-0.3457373807862289,-0.0023680642519604
a792d2b1-ce98-c030-e583-39536e721171,"Clarke, Graeme",F,248,-0.3512886717841351,-0.0014164865797747
c189c220-2085-6731-4cab-1c94102e687e,"Aman, Nils",C,38,-0.3516887648290299,-0.0092549674955007
f13415c9-1d31-76ff-1bce-ea9575ecfc1d,"Hamara, Tomas",D,5,-0.3573621772505234,-0.0714724354501046
33b6e013-f055-b79a-e793-13d3cf4d77a0,"Chmelar, Jaroslav",F,19,-0.3579762735519888,-0.0188408565027362
4d495b06-e706-89e3-59ae-b670e6ace70f,"Koch, Davis",F,19,-0.3579762735519888,-0.0188408565027362
e5ed606b-7c57-ce3e-d45b-80682aa56dbc,"Fitzgerald, Ryan",LW,19,-0.3579762735519888,-0.0188408565027362
fc12d491-2177-2be0-644e-ae4fd48e9c1b,"Bitten, Sam",F,47,-0.3592044661549196,-0.0076426482160621
3368d715-4eb3-12ac-5ca3-637be728e649,"Comtois, Maxime",F,197,-0.3598499651081641,-0.0018266495690769
8287ec3b-6cc4-cfd8-ded5-d59e0b7b60de,"Pavlychev, Nikita",C,75,-0.3604326587578504,-0.004805768783438
f6797690-ed0a-2b75-0a01-496610012676,"Mutter, Navrin",LW,75,-0.3604326587578504,-0.004805768783438
963e7b7e-ada7-34b2-b447-eebe01c946c0,"Mitchell, Ian",D,153,-0.3639125377994878,-0.0023785133189509
e0cea5f8-086b-dec5-d799-9f09a23f8d52,"Gambrell, Dylan",C,223,-0.3704849965108158,-0.0016613676973579
9bb10472-226c-b81a-f090-f474f37bf428,"LaDue, Paul",D,141,-0.3705070946731794,-0.0026277098912991
af4b1383-6455-2988-0dab-f2fd733e167b,"Zhilkin, Danny",C,177,-0.3720423354268429,-0.0021019340984567
4ef5382c-6459-519f-de86-96aa6ab54c2e,"Welinski, Andy",D,129,-0.3735484996510813,-0.0028957248034967
2622a685-e219-c5e7-e7f1-d413e86d75cc,"Pitlick, Rem",LW,191,-0.3822679692951844,-0.002001402980603
0ddb9eb2-2352-dab2-b22d-f0d30ee231ef,"Reedy, Scott",F,45,-0.3841277041172364,-0.0085361712026052
73819ce9-d8cf-b983-9994-bf279611d66f,"Hutton, Grant",D,165,-0.3858455454756915,-0.0023384578513678
231a94b8-a063-d545-fed1-3a6b279a5467,"Barbolini, Matthew",F,25,-0.3868108862526168,-0.0154724354501046
5a19d98a-9812-e36d-7c3e-df3822110857,"Furry, Brendan",LW,113,-0.3871981856245635,-0.0034265326161465
5e07be36-1384-d298-ee92-4894ea6da4da,"Francis, Ryan",F,39,-0.3874249825540822,-0.0099339739116431
94b11c0d-68ce-3d88-12a6-a179af248e03,"Wahlberg, Anton",C,39,-0.3874249825540822,-0.0099339739116431
e577030c-2678-b003-ed0e-fc2d1c78433c,"Malmstrom, Anton",D,69,-0.3887555245405907,-0.0056341380368201
9b9236f2-e096-ef85-f4a8-1e2d657d99a2,"Legare, Nathan",RW,162,-0.3892963479879037,-0.0024030638764685
dadedaa6-e902-9a20-3ed6-79615ec3037d,"van De Leest, Jackson",D,36,-0.3908757850662944,-0.0108576606962859
b9f1b352-9b5d-ada7-2fc9-1ce3ed96cfa1,"McPhee, Graham",LW,137,-0.3917236566643401,-0.0028592967639732
c3208728-7827-6c33-5a6a-1a08e435a09e,"Kuzmin, Dmitri",D,62,-0.3991591067690159,-0.0064380501091776
9ef6d4ec-63a9-9da3-2580-cc0bfca09b47,"Malone, Brad",C,172,-0.4004675505931607,-0.0023282997127509
d9b8d789-ddd9-9c7c-e52b-575b33e910f8,"Jelsma, Beau",C,14,-0.4006140963014654,-0.0286152925929618
1ec833b2-3651-589a-d9ec-d4709b0e02e8,"Fleming, Joe",F,14,-0.4006140963014654,-0.0286152925929618
23822c5b-b1b1-7513-593a-b49f2969a0ec,"Panwar, Sahil",LW,14,-0.4006140963014654,-0.0286152925929618
951d13b9-5872-4030-e350-fde01da2db5a,"Korczak, Ryder",F,202,-0.4028971853919511,-0.0019945405217423
acbdcc82-71fc-3c33-ba21-35cb831c9cbd,"Cesana, Dennis",D,98,-0.4042986741102579,-0.0041254966745944
561c6f7f-ceeb-36da-d6e4-f2586e2e8316,"Ostapchuk, Zack",C,248,-0.4049953477552912,-0.0016330457570777
12845e0c-fc7d-d76a-f026-bb69d8aad07e,"De Leo, Chase",LW,192,-0.4131984182367987,-0.0021520750949833
87bd2512-ca41-d650-0517-297bbfc26a41,"Philp, Luke",C,62,-0.414624331239823,-0.0066874892135455
4172a840-79da-c7b8-aae1-25744b0352d2,"Walker, Daniel",LW,31,-0.4156454989532449,-0.0134079193210724
a7b63685-8457-dc4d-e569-f210f20260c4,"Poolman, Colton",D,245,-0.4179553384508017,-0.001705940156942
fb7c222c-ebe7-4beb-3638-c0b60a15a0fd,"Chartier, Rourke",F,56,-0.4203244940683878,-0.0075057945369354
3b45ddb8-fde0-99cf-6165-f66bd4462ddb,"Salo, Robin",D,257,-0.4220202372644794,-0.0016421020905232
24aca8e8-c87f-6a40-46fc-afb2373d9531,"Shea, Ryan",D,78,-0.4284542916957429,-0.005493003739689
0725a387-2958-6d8a-f640-b08ff23a6fdf,"Dureau, Jaydon",LW,6,-0.428834612700628,-0.0714724354501046
0b85f915-4c74-a01b-ed14-6943a16bae21,"Romano, Anthony",F,25,-0.4296534077692486,-0.0171861363107699
93dd4a43-8051-720f-47cc-fa4250b969ed,"Cederqvist, Filip",LW,158,-0.4366887648290296,-0.0027638529419558
2bec3022-ce25-5cb9-9996-4796faed73a3,"Harris, Brendan",C,9,-0.4432519190509421,-0.0492502132278824
e53cf55d-c979-8258-a096-359968afcde6,"McCarthy, Case",D,9,-0.4432519190509421,-0.0492502132278824
1e248371-8cd8-2ae1-7132-6212cfafbe89,"Holland, Peter",F,92,-0.446834147476157,-0.0048568929073495
83cfcd84-1391-c9fa-11b5-d3ec86ed5781,"Erne, Adam",LW,97,-0.4471411956268897,-0.0046097030476998
6aaec354-e7a5-0c0d-7584-6746ffd4aabb,"Foudy, Liam",F,90,-0.4503872993719467,-0.0050043033263549
a642a014-b17e-3674-5214-a0c41b7836ba,"Mayhew, Gerald",C,228,-0.4504698767155146,-0.0019757450733136
3081fce7-ed01-b163-8b6f-08e12202de8f,"Wright, Shane",C,185,-0.4592870434984875,-0.0024826326675593
003a207c-5852-cbf5-bae2-cbd94421b4db,"Fitzgerald, Casey",D,289,-0.4639951151430556,-0.0016055194295607
2010c6f4-efe7-aef5-4f06-d4d161d98298,"MacEachern, Connor",C,15,-0.4720865317515701,-0.0314724354501046
8e5056cf-83a8-a237-0caf-4ed9b12d5aa1,"Kemp, Brett",F,85,-0.4751570132588972,-0.0055900825089282
c401dc01-1fae-5a0b-da00-3083e81a9fc4,"Abate, Joey",F,141,-0.4776133984647588,-0.0033873290671259
8e72a880-86a7-efa3-ddfd-a1127df16d89,"Bowers, Shane",RW,126,-0.4781495696673641,-0.0037948378545028
fc2945e6-a58c-9d0f-68f1-2fdcd3a205c4,"Avon, J.R.",F,155,-0.4782274947662243,-0.0030853386759111
ab2f8c0e-cfd3-c0ac-74f5-8164c48764b2,"Hodgson, Hayden",RW,102,-0.4901884159106766,-0.004805768783438
b1d28ddf-4bc2-2b56-a1c2-123e233a2f2f,"Loewen, Jermaine",LW,49,-0.4902372644801115,-0.0100048421322471
48d0d556-7f19-8d92-f6ff-b83120c8c32b,"Hofer, Ryan",RW,130,-0.4914166085136074,-0.0037801277577969
8682f8c1-304a-51d9-6663-158ca58fa6c9,"Didier, Josiah",D,216,-0.4916503838101878,-0.0022761591843064
f6d8202b-236b-bc18-e141-f14240c3c246,"Schaefer, Reid",LW,215,-0.5130716445685037,-0.002386379742179
8c0ebec8-d71e-d044-0d5d-0bbc79aa9155,"MacDonald, Jacob",D,10,-0.5147243545010467,-0.0514724354501046
cfba3301-eead-3014-a5aa-d4daa9cf5d3b,"Cajkovic, Maxim",F,24,-0.5153384508025122,-0.0214724354501046
0e6b8ebb-9a77-586f-1784-a1fbbdac5c71,"Wisdom, Zayde",C,166,-0.5180286113049541,-0.0031206542849696
b7040b98-e0ad-fc0e-361b-5bbecc555942,"Evans, Ryker",D,187,-0.5213014654570826,-0.0027877083714282
88947b55-b654-777f-1975-626f9ea28095,"Bezeau, Riley",F,105,-0.5224738311235169,-0.0049759412487953
dd485778-5783-6b9b-187c-020bf03f4531,"Rifai, Marshall",D,244,-0.5286147941381709,-0.0021664540743367
93105492-11e3-ae78-6deb-24612004f134,"Crone, Hank",LW,13,-0.5291416608513608,-0.0407032046808739
0f052c34-6cd2-f4fd-a861-d9051a8e86e4,"Angle, Tyler",F,116,-0.5301430565247729,-0.0045701987631445
21555bc9-a08d-032e-ef88-be32e61cd8a0,"D'Amato, Daniel",LW,173,-0.536203768318213,-0.0030994437475041
fb268d9a-085f-1487-8266-3acbb791df3c,"Supryka, Cameron",D,16,-0.5435589672016747,-0.0339724354501046
4a0e87a5-8802-a049-3d39-4dcf34e5a10c,"Johansen, Lucas",D,83,-0.550080251221214,-0.0066274729062796
40f7ce41-67aa-9b1e-4629-14ea33e8799f,"Cates, Jackson",F,194,-0.5501872528494993,-0.0028360167672654
94c36467-aa76-5130-5cff-0e324040d65d,"Isley, Jace",LW,19,-0.5579762735519889,-0.0293671722922099
54a93710-8748-9bc6-3c84-913918590be7,"Snively, Joe",LW,206,-0.5602593626424744,-0.0027197056438955
b12fdd9e-316f-4faf-3cac-069ae626093c,"Kinnunen, Santtu",D,247,-0.5608490346592224,-0.002270643865017
f4273f89-7803-88f9-bdc0-01625b90fc63,"Holmberg, Pontus",RW,30,-0.5620411723656664,-0.0187347057455222
7779d05b-bf33-9acd-a1a5-bb2e852f4a3f,"Fensore, Domenick",D,118,-0.5694836008374038,-0.0048261322104864
d6cacecd-ace5-db8f-d62d-72f51f65b089,"Swaney, Nick",RW,35,-0.5706047918120493,-0.0163029940517728
362b2b25-ce8a-9b00-6da7-0d1b8c2fe3d9,"Angello, Anthony",C,167,-0.5716329378925327,-0.0034229517239073
e8c62b25-fc94-0d6b-6339-037c18054011,"Smith, Konnor",D,22,-0.5723935799023028,-0.0260178899955592
eeab9820-8fb9-1fe7-a710-54c9e7a4e778,"Chisholm, Declan",D,39,-0.5731612002791346,-0.0146964410327983
4d3e2b74-879a-b997-e31f-715ee7403cb7,"Mersch, Michael",RW,193,-0.5822679692951844,-0.0030169324833947
c9f1b830-ca38-5bbd-4af7-d2fe66f07865,"Wagner, Chris",C,58,-0.5823389160269828,-0.0100403261383962
e5676b25-a8f8-2cb6-6c4b-c0a127f7d5a6,"Niemelainen, Markus",D,100,-0.5829797627355195,-0.0058297976273551
591a1686-4b9e-0b90-5859-447b4989253e,"Bertucci, Tristan",D,11,-0.5861967899511514,-0.0532906172682864
09f381c0-6a47-8eff-31ea-e1c938853285,"Mcallister, Ryan",F,67,-0.5886531751570131,-0.0087858682859255
ae1aa801-5655-af70-d031-019a9c091f86,"Puljujarvi, Jesse",RW,50,-0.5914898813677598,-0.0118297976273551
7cbfd18a-87fc-1935-d240-d08c0ca78a00,"Savoie, Carter",LW,137,-0.5917236566643402,-0.0043191507785718
3bc06bbe-5d1f-aa0b-c51e-f0c83f70803a,"Petan, Nic",F,270,-0.5951035124447539,-0.0022040870831287
88e216a2-1386-7181-fda4-1819e8611ca5,"Wise, Jake",F,140,-0.6061409630146541,-0.0043295783072475
2f0f6eea-d3b1-2226-ceaa-3779abcbff69,"Szuber, Maksymilian",D,264,-0.6080635031402644,-0.0023032708452282
5d88c997-487b-2fcb-c49f-64757c86548e,"Dries, Sheldon",C,227,-0.6099278902070242,-0.0026869070053172
d85ec4b9-edd3-0949-8aa2-d27637d19918,"Crookshank, Angus",LW,146,-0.6230635031402648,-0.0042675582406867
d11d3df7-7ef8-fb46-8220-3f5604bec3b8,"Robinson, Eric",LW,39,-0.6231612002791346,-0.0159784923148496
646aee21-0866-adfb-0044-2b0e9797eef6,"De St. Phalle, Mathieu",RW,20,-0.6294487090020935,-0.0314724354501046
9e3f822a-0667-55ca-0e17-9a2d6e21bfe3,"Moore, Lleyton",D,48,-0.6306769016050243,-0.0131391021167713
5ca139e0-c1ce-a588-4a40-483273d8754c,"Smith, Nathan",C,174,-0.6398080949057916,-0.0036770580166999
fd505638-2f70-f361-176c-a6c89bd97850,"Iorio, Vincent",D,271,-0.6464584787159797,-0.0023854556410183
eae1ab79-80df-8541-6b6a-a86ae9097d08,"Slaggert, Graham",C,135,-0.6523831123517093,-0.0048324674989015
e9ef1506-4a97-1586-e7b4-a1dfbec02e4e,"Fix-Wolansky, Trey",RW,121,-0.6541207257501741,-0.0054059564111584
cf9158fc-30e9-680c-b9e5-b65717e1e000,"Czarnik, Austin",C,98,-0.6579030006978364,-0.0067132959254881
d355580c-76bd-6feb-cb4a-c789e8954d9e,"Zloty, Benjamin",D,26,-0.6582833217027215,-0.0253185892962585
de69fd7b-5c3f-76c2-b9c9-7e39a9e9b91d,"Fritz, Tanner",C,45,-0.6591532914631308,-0.0146478509214029
16966ad3-18c0-6ab1-74af-20bb514ab15a,"Okabe, Zach",C,54,-0.6595115143056524,-0.0122131761908454
0660c78a-40aa-215c-b039-bbc205fae8a7,"Kinal, Roman",D,68,-0.6601256106071178,-0.0097077295677517
ad4b002b-5fc6-4cdc-1d16-192ced8c9b16,"Gaudet, Jake",C,160,-0.6606664340544308,-0.0041291652128401
499a866c-4e2f-75cc-4453-3765b766e0f0,"Thomas, Akil",F,205,-0.6637613398464753,-0.003237860194373
8b6563d6-4321-a561-d6be-2532b12ba7fa,"Sedoff, Christoffer",D,252,-0.6659106769016043,-0.0026425026861174
00afeab4-d457-7723-e196-9e398fbc4498,"Bailey, Justin",F,79,-0.6689451035124445,-0.0084676595381322
90b75279-df8c-5e58-aeff-561d3ddb7df4,"Quercia, Matthew",LW,15,-0.6720865317515701,-0.044805768783438
7a3d5183-f0ac-85b6-bc44-69b7a3dd6d6d,"Bourgault, Xavier",RW,132,-0.6737020237264477,-0.0051038032100488
2b318d4d-2e7b-6d8c-98a7-7d85c71436c5,"Walker, Sammy",F,288,-0.678105373342637,-0.0023545325463286
5d6f0db2-b383-c7d8-7c92-f7065bebe70a,"Marek, Bradley",F,65,-0.6814445219818561,-0.0104837618766439
e8c906a5-ad53-39cf-455e-9abd2e047646,"Yoon, Bryan",D,46,-0.6877320307048149,-0.0149506963196698
68d2ade0-47ab-96bb-f22e-8f98b3aeb212,"Klimovich, Danila",RW,46,-0.6877320307048149,-0.0149506963196698
89496936-17db-d59b-7685-79638c1412b6,"Samson, Ethan",D,241,-0.6891719004419625,-0.0028596344416678
7e3477b8-f45a-94a8-5f27-568c76857979,"Twarynski, Carsen",LW,71,-0.6959641777157477,-0.0098023123621936
9365e946-bed1-6103-1e8a-2e9ba06d1dc2,"Winterton, Ryan",C,155,-0.6996999302163289,-0.0045141930981698
03a7a59b-61cb-6381-2862-5428ea14fc32,"Xhekaj, Florian",C,21,-0.7009211444521981,-0.0333771973548665
71eb162b-840b-6a04-acbb-8d076fc857d1,"Warren, Brendan",LW,49,-0.702149337055129,-0.0143295783072475
6702a3ca-377e-db75-149b-2621c1febba3,"Belzile, Alex",F,206,-0.7066038613631072,-0.0034301158318597
d5313105-925e-e8bd-e752-74e47b2ca328,"Robertson, Matthew",D,274,-0.7120772272621532,-0.0025988219973071
e4f4914a-cdb7-1be0-bfb6-d756aa6b7b8d,"Johansson, Simon",D,287,-0.7126401488718299,-0.0024830667208077
81f67e82-04fb-7536-2181-669ac1247363,"MacLean, Kyle",C,119,-0.7147801814375433,-0.0060065561465339
fe72eceb-4367-8d2c-8559-ccfb83481eb2,"Kannok-Leipert, Alex",D,114,-0.7157257501744589,-0.0062782960541619
bce6bdea-4c8a-8917-a11b-59ecf9c30b51,"Gardner, Rhett",F,153,-0.717568039078855,-0.0046899871835219
d7e15544-a382-b7ae-d2ed-7fcff5f65212,"Digiacinto, Cristiano",F,27,-0.7297557571528261,-0.0270279910056602
5e3aff3e-8291-6d82-73bc-fe525c00af0b,"Mastrodonato, Keaton",F,41,-0.7303698534542916,-0.0178138988647388
d29ba519-c5d9-1220-eda7-e0ec41379e99,"Nikolayev, Ilya",F,97,-0.7328262386601533,-0.0075549096769087
4eecd58b-a888-e165-9a1a-0d284825ae25,"Kulich, Jiri",C,167,-0.741852756454989,-0.0044422320745807
2f46ba90-e46e-6371-ac00-07be713995a2,"Sasson, Max",C,263,-0.7496022330774592,-0.0028501986048572
428c5d34-f5d8-7b61-923b-e61d6221eec1,"Matier, Jack",D,72,-0.7638834612700627,-0.0106094925176397
9f51a34c-54a1-ed9f-ac4a-2983803bd170,"Benning, Michael",D,270,-0.7677773900907181,-0.0028436199632989
829fe83b-5b79-50a7-0b5a-837f3db608d1,"Suzuki, Ryan",C,143,-0.7729099790648984,-0.0054049648885657
c9060c85-0600-ed69-de2d-6aa7611fc7bc,"Gaunce, Brendan",C,117,-0.7729855780414047,-0.0066067143422342
b515a4d8-b6ba-5e9c-808c-3ab9484fcd14,"Zellweger, Olen",D,169,-0.7740358222842517,-0.0045800936229837
6478e1ee-af93-5c31-b87a-97218a8236b2,"Wolff, Nick",D,161,-0.778534542916957,-0.0048356182789873
675635e1-14fe-6bdd-0302-1323e92737eb,"Guttman, Cole",C,100,-0.7865840893230981,-0.0078658408932309
47e6d280-b60f-6e84-96d8-a374b5a662a6,"Norlinder, Mattias",D,178,-0.797170272156315,-0.0044784846750354
c1432ccc-4036-14a9-50ed-a495c7b5aaba,"McWard, Cole",D,238,-0.7985275645498947,-0.0033551578342432
bb5dc6ab-b554-7e5e-317b-fa615a4a94e5,"Fulp, Aidan",D,204,-0.8018492672714579,-0.0039306336630953
c680ffcc-b3f4-241e-b204-4427348d5e37,"Berzolla, Zach",D,56,-0.8024563852058617,-0.0143295783072475
f1937835-c76d-d8c7-30ed-20c1c5ef0297,"Stephens, Devante",D,218,-0.8024633635729234,-0.0036810246035455
dab54890-f20a-0b2f-181d-e88083848dd4,"Malone, Jack",F,11,-0.8040648988136776,-0.0730968089830616
d5cbd975-fd60-baee-98cf-7ef20bd4859f,"Gauthier, Julien",RW,63,-0.8063165852523841,-0.012798675956387
62d071bf-6133-a7ae-90ad-66b34dc7b39c,"Lundmark, Simon",D,314,-0.8150186089788314,-0.0025956006655376
36aa7c8a-2625-8217-ba6f-dc50c4f05976,"Peterson, Dylan",F,31,-0.8192498255408234,-0.0264274137271233
8cd5c3e3-9a48-051a-d12f-0065c690b66e,"Jarventie, Roby",RW,87,-0.8395743196092113,-0.009650279535738
f11bb2e0-f643-8289-6250-1ecd4af5be1b,"Bongiovanni, Wyatt",LW,155,-0.840088392649453,-0.0054199251138674
968696dc-b172-bf02-b39b-747e1d1433c0,"Ahcan, Roman",LW,184,-0.8402686671318906,-0.0045666775387602
4dc06afa-7695-c51d-14c4-d3ab25606dd9,"Zmolek, Will",D,23,-0.8438660153524076,-0.0366898267544525
f9459d9f-883c-1e56-921f-2f33d390fccc,"Lipkin, Sam",F,23,-0.8438660153524076,-0.0366898267544525
a57e1296-4e60-4fa6-4a9d-784b27327f24,"Usau, Ilya",F,132,-0.8438706675971153,-0.0063929596030084
fed895a2-f838-f5cc-d4a6-a4306ab324de,"Mast, Ryan",D,37,-0.8444801116538729,-0.022823786801456
d151950a-074c-744d-f04a-0487129cf9e0,"Berglund, Carl",F,40,-0.858897418004187,-0.0214724354501046
e2268782-d1cd-c267-e7ab-c1fd76d2e34f,"Connauton, Kevin",D,259,-0.8649651081646887,-0.0033396336222574
a4d2e13f-2638-0209-d549-144462a538a9,"Russo, Robbie",D,318,-0.8686741102581987,-0.0027316795920069
d8a9e690-8ec0-b640-ae0c-ca057bcd8952,"Prokop, Luke",D,43,-0.873314724354501,-0.0203096447524302
cdc94907-804c-5cef-ce85-830a04ee6718,"Hickey, Brandon",D,152,-0.8816782972784365,-0.0058005151136739
a55a9dc4-0d17-6c79-1200-0e6282e49b76,"True, Alexander",C,195,-0.8848243777622697,-0.0045375609116013
72f57d8b-f777-4c6e-65a8-d286a9fb5684,"Gourley, Jarrod",D,32,-0.8871179344033495,-0.0277224354501046
acfdf636-4d25-0dad-fe9f-a31513941939,"Becker, Jack",F,107,-0.8903931146778318,-0.0083214309782974
0ce6b03a-1c53-674c-856d-df3b6dbfd50d,"O'Reilly, Cal",C,280,-0.894464991858571,-0.0031945178280663
923dd5d7-8c14-5d5d-ea10-b3d01db29281,"Murray, Jacob",D,77,-0.9033775296580598,-0.0117321757098449
00f266b8-6b50-005b-cde2-3aa1f6d30db3,"Helgeson, Seth",D,258,-0.9113607815771102,-0.0035324061301438
b275b038-e474-6565-4b4b-a2265fec696a,"Irwin, Matt",D,320,-0.9164759246336348,-0.0028639872644801
2cb7c2e9-6da3-f835-9636-f6c67c6c362e,"Lajoie, Maxime",D,220,-0.9251372412188876,-0.0042051692782676
d15b7347-90d7-1d06-a06e-c323170ae988,"Saulnier, Brennan",LW,97,-0.9328262386601534,-0.0096167653470118
5d57a0cd-df56-aefd-3d80-d4fb6925e3fe,"Grushnikov, Artyom",D,238,-0.9355163991625952,-0.003930741172952
faf301b4-fa0d-303d-9cc5-6e5633143bc1,"Knazko, Samuel",D,151,-0.9459420795533842,-0.0062645170831349
629d5563-2754-3120-3402-3b116164482f,"Bellows, Kieffer",LW,159,-0.9473993952081876,-0.0059584867623156
62290f70-c057-68ae-6d76-548e7fc1a2c2,"Petrov, Matvei",LW,119,-0.948062340079088,-0.0079669104208326
d1070fa3-193d-812d-061f-555825538779,"Poturalski, Andrew",F,209,-0.9484496394510346,-0.0045380365523972
19c643ff-fb68-0999-d76d-840158053e4a,"Doty, Jacob",F,128,-0.9484717376133982,-0.0074099354501046
f24ab0d7-cf57-4fc4-8378-bf8bfab5dd15,"Budgell, Brett",F,33,-0.9585903698534542,-0.0290481930258622
8db09dda-0ac0-252d-5cca-f2178f63ee43,"Thompson, Tyce",F,186,-0.9616899278902066,-0.0051703759563989
bcfc449f-d442-64d4-e387-32dabfcda765,"DiLiberatore, Peter",D,86,-0.964497557571528,-0.0112150878787386
58ff86bf-e659-f9dc-3f5f-6a51741e47ab,"Zohorna, Radim",C,81,-0.9713991625959524,-0.011992582254271
49ac45b2-bab8-bd73-861d-5c244da1ec2c,"Aamodt, Wyatt",D,236,-0.9723517096999296,-0.0041201343631352
1ab2133d-766e-f84d-6493-58a2f096104c,"Fizer, Tarun",RW,92,-0.97546406140963,-0.0106028702327133
cea95974-dc8a-a373-919e-beb7ff91d488,"Murray, Brett",LW,173,-0.9825994417306344,-0.0056797655591366
f6385516-0e06-82f5-5e29-9d38bdbb771a,"Blankenburg, Nick",D,83,-0.9858164689462664,-0.0118773068547742
1c9700dd-60dd-69e8-fde4-ed7e872fe2e1,"Walker, Cooper",C,25,-0.9868108862526168,-0.0394724354501046
f3bbce09-c265-0be1-5e2e-71431ffa9edc,"Gaucher, Nathan",C,240,-0.9963293789253308,-0.0041513724121888
fea18a05-3370-0f25-8fbb-927342eeefcb,"Boudon, Louis",C,42,-1.0018422889043963,-0.023853387831057
4b82112b-52bb-febc-3fbb-b51f3d1a7dd1,"Brind'Amour, Skyler",C,156,-1.0033042568039074,-0.0064314375436147
8e21faad-e800-5bc9-c0ab-dd31c702e09f,"Mackey, Connor",D,212,-1.010617585484996,-0.0047670640824763
604d9f76-2548-d1b7-d7db-bbeccf411412,"Walker, Nathan",LW,105,-1.0189206792277272,-0.0097040064688354
11147770-b835-0375-d510-285823af4af9,"Beaucage, Alex",RW,115,-1.0193300767620377,-0.0088637397979307
bcd88228-d322-91a4-38aa-2ac368186ee3,"Holloway, Dylan",LW,78,-1.0224982554082342,-0.0131089519924132
1651abe9-2976-0545-0d54-345324506c9f,"Johnson, Ryan",D,126,-1.023394975575715,-0.008122182345839
5dce00f3-ba59-bbe3-62ad-cbb2a438bbb6,"Ansons, Raivis",C,101,-1.0282763433356592,-0.0101809538944124
7ff9ba0c-7a28-4512-c9e5-a10afc5bbd83,"Bellerive, Jordy",RW,164,-1.0286880669923233,-0.0062724882133678
251a2f59-76d1-290c-b7a1-729a090a8aaf,"Donovan, Matt",D,287,-1.0292556408467075,-0.003586256588316
404acd2e-e1d1-ca7b-0a92-cd6563e260db,"Moverare, Jacob",D,165,-1.0465561758548496,-0.0063427647021506
8479de8f-eb8d-f74d-9071-11aeb7cb3721,"Brady, Darren",D,15,-1.0720865317515702,-0.0714724354501046
e087872f-4407-fbe7-103f-4ade27e4d75a,"Sucese, Nate",F,201,-1.074369620842056,-0.0053451224917515
5cee66d8-083a-7d7b-bf0f-b11fb30cbebb,"Tracey, Brayden",RW,216,-1.078485694347522,-0.0049929893256829
5bb494aa-a79b-c741-618c-a11e145668e0,"Cecconi, Joseph",D,210,-1.096200279134682,-0.0052200013292127
c5c3387a-6e3e-1ae9-824c-315974f6414e,"Berard, Brett",F,260,-1.098298441498022,-0.0042242247749923
618e3d3d-1bfe-2f62-3982-e1dae44b9c4b,"Headrick, Owen",D,88,-1.0991346824842985,-0.0124901668464124
356d4cb6-7726-b23f-7070-1e5eaf602524,"Saarela, Antti",LW,77,-1.10337752965806,-0.0143295783072475
f689ab68-ff09-c472-b41e-9fe5260553a8,"Imama, Bokondji",LW,150,-1.120865317515701,-0.0074724354501046
2bac8c42-d730-5703-9583-b7cebb96c736,"Thrun, Henry",D,88,-1.130065131425913,-0.012841649220749
be9b1963-d3f6-e521-244e-9c4efcb1c08e,"Dickinson, Tanner",C,60,-1.131188648522912,-0.0188531441420485
a7b49f9f-e2f6-f3c2-9e38-58a8cafb36e2,"Afanasyev, Egor",LW,213,-1.134390555943242,-0.0053257772579494
355acc16-c566-85e1-999f-aebfac4b68eb,"Wotherspoon, Tyler",D,274,-1.137051639916259,-0.004149823503344
9c3292d5-92cc-3760-dada-631102753a82,"Poganski, Austin",RW,167,-1.143054198650849,-0.0068446359200649
161faf4c-eaf1-dc63-a4ce-ea46a1363512,"Frisch, Ethan",D,215,-1.144002093510118,-0.0053209399698145
0ab603b4-dfe0-01a2-90a2-e98048b67f73,"Guay, Patrick",LW,58,-1.1454012561060711,-0.0197482975190701
596db0b3-b0e7-ce8e-41f6-7008175ce45c,"Gust, David",F,227,-1.1456641079320766,-0.0050469784490399
6578b042-673a-e73c-1592-4683af466291,"Davidson, Jared",F,86,-1.146629448709002,-0.0133329005663837
9d5f9778-e77b-d632-be6a-b05e1df07de4,"Inamoto, Tyler",D,27,-1.1476238660153524,-0.0425045876301982
d5be06ce-db59-67c3-a447-ae68e71e7471,"Feist, Tyson",D,111,-1.1513084438241448,-0.0103721481425598
7e254e63-e8be-d9ca-6ad5-d6c350f4b59b,"Koch, Patrik",D,266,-1.1641730635031395,-0.0043765904642975
3a14b096-ab58-d9b4-31a1-4431e06e9893,"Del Gaizo, Marc",D,270,-1.170180274482437,-0.0043340010166016
1feafb05-4f4a-c6c6-b5e0-371af3fc21ff,"Myatovic, Nico",LW,36,-1.1730076762037682,-0.0325835465612157
b8906cf1-9e34-5011-6bc4-1b7f5edaf259,"Raska, Adam",F,134,-1.1773063503140262,-0.0087858682859255
61a43f85-2e5c-ef36-a82e-322e6e622997,"Guenette, Maxence",D,246,-1.1917794836008366,-0.0048446320471578
4ef5c53e-1983-c344-befb-1a03b450bc7c,"Kemell, Joakim",F,209,-1.1948964875552448,-0.005717208074427
630a1773-ff25-478d-a32d-4109d5924b0c,"Kiersted, Matt",D,216,-1.1965073272854143,-0.0055393857744695
7f87b4e4-74a0-39b3-ec2d-526b02fbdfe0,"Wolanin, Christian",D,224,-1.206272388927657,-0.005385144593427
b54241e0-9df6-0411-9ef3-72a06b7f6b73,"Wylie, Wyatte",D,159,-1.2129157943707836,-0.0076284012224577
a89675de-e91c-1bde-8b0b-ba8780b2295c,"Brazeau, Justin",RW,151,-1.2137590137241214,-0.0080381391637359
be354b10-f08f-a5cc-f750-17e7354be6d4,"Pitlick, Tyler",F,53,-1.2237752965806,-0.023090099935483
b2485777-a1f9-23e9-5c28-c99761cd10e2,"Grimaldi, Rocco",F,237,-1.2283077459874383,-0.0051827331054322
3f6ad3c6-b702-04a6-5fc9-ffe9845026b1,"Simoneau, Xavier",C,101,-1.2365840893230982,-0.0122434068249811
a2931977-2953-a366-84f6-402e39590fc9,"Melnick, Josh",C,187,-1.2379681321237492,-0.0066201504391644
6379a6a3-1514-33bc-effa-81a9344f2d13,"Barteaux, Dawson",D,261,-1.240041870202372,-0.0047511182766374
e83be427-c991-506c-5133-ca5f4a743e97,"Day, Sean",D,182,-1.250876948127471,-0.0068729502644366
0f5d506b-581b-3d01-5aaf-a5b5d36bdfab,"Rosen, Calle",D,308,-1.2552023726448005,-0.0040753323787168
cbabf9a6-fbd2-f2f6-6f08-ba10e8ea843f,"Mermis, Dakota",D,73,-1.260330309374273,-0.0172647987585516
82f8e07e-9409-552d-12b2-76d726c5f6fd,"Tullio, Tyler",RW,154,-1.2710188415910673,-0.0082533691012406
f2bc8771-8044-2f22-b289-2e910a46dfce,"Heatherington, Dillon",D,218,-1.273935799023028,-0.0058437421973533
7ded16cf-d2c8-7e4b-a0b6-edfdcf61afd0,"Friedman, Mark",D,49,-1.2783251919050942,-0.0260882692225529
728870e3-f628-bce2-5544-711d35c037ca,"Gagner, Sam",RW,45,-1.287732030704815,-0.0286162673489958
daa52256-1dc6-fde2-afc0-7599fd3359eb,"Hanas, Cross",F,197,-1.2979378925331466,-0.0065885172209804
d7316683-35a0-0b3d-fcba-5391daa9bf86,"Prow, Ethan",D,187,-1.3010816468946262,-0.0069576558657466
b4c49715-ce5c-cd2a-f4a2-c1bfe64fe7c7,"Novikov, Nikita",D,194,-1.3013886950453588,-0.0067081891497183
91ecbdb7-a405-57e1-23d6-910efcb6de2a,"Butler, Cameron",RW,175,-1.3112805303558963,-0.0074930316020336
e1eda887-4254-92a8-6144-360df62f16c1,"Arseneau, Vincent",LW,122,-1.31963712491277,-0.0108166977451866
09ebb57b-5c02-284e-ddc1-6b5bb2245be0,"Stevens, John",C,312,-1.3339858106536395,-0.0042755955469667
57c6f70d-40e1-30b6-e92f-b01c49faf541,"Wagner, Ryan",LW,208,-1.3377390090718766,-0.0064314375436147
1dfcd1ff-c0ed-4748-a27d-0b8099d066e3,"Dello, Tory",D,241,-1.3392230751337513,-0.0055569422204719
ab173ecf-50c8-bf70-2a27-3f32cb95d28f,"Othmann, Brennan",F,194,-1.3394254477785528,-0.0069042548854564
3728a22e-e32e-cf71-be16-1a6317838f86,"Doucet, Alexandre",LW,30,-1.34417306350314,-0.044805768783438
695f117e-849a-d6fb-56be-a783203f4822,"Pettersson, Elias",D,44,-1.3447871598046055,-0.0305633445410137
c7554bfa-9d55-0c17-9b33-0f223ea3f85a,"Currie, Josh",F,226,-1.3468143754361472,-0.0059593556435227
4a3350c4-97e1-9963-9715-c358507e8b95,"White, Colin",C,61,-1.349159106769016,-0.0221173624060494
81b31cdc-d76d-a42f-88d9-2ade366ffb25,"Engaras, Filip",C,150,-1.3566015352407532,-0.0090440102349383
4152b475-2bfd-8f22-09a7-f721c76d1a90,"Poulin, Samuel",C,91,-1.3683065829262615,-0.0150363360761127
8bf524f6-7499-1f04-dd8e-e7e80934fb0f,"Kuntar, Trevor",LW,212,-1.3700244242847168,-0.0064623793598335
e18b4827-dcbd-4cb7-b666-8529df7441bc,"Polei, Evan",LW,67,-1.388653175157013,-0.0207261667933882
aa62c9e1-6b63-f21c-d006-de303c37b321,"Grubbe, Jayden",C,183,-1.390268667131891,-0.0075970965417043
872a2e24-f29e-382f-318f-5516c7bf0e75,"Grans, Helge",D,163,-1.3965561758548497,-0.008567829299723
b233d426-2432-2abd-cb57-c1f6ca4aab46,"Wotherspoon, Parker",D,123,-1.408977669225401,-0.0114551030018325
49d42dd2-3278-16e3-d4fd-22c863adfade,"Svechkov, Fyodor",C,167,-1.4144754594091644,-0.0084699129305938
195db92d-b85c-e1c2-0f7e-6f1cb57dde82,"Hudon, Charles",F,193,-1.431066527099325,-0.0074148524720172
d1008d47-7d9a-b5ce-a5c4-11335e021805,"McKegg, Greg",F,185,-1.4438729937194692,-0.0078047188849701
8df2c45c-6f81-8208-c618-60164a40834f,"Felix, Colin",D,93,-1.446936496859735,-0.015558456955481
8ed4aa46-2cf1-b0ff-3fcf-35953357f70f,"Liukas, Eetu",F,138,-1.4512840195394274,-0.0105165508662277
1ba1e45d-14a5-3375-cbbe-45fc4ef4fe77,"Stevens, Nolan",C,166,-1.4561165387299368,-0.0087717863778911
8f7c6f8d-3bdb-a0bb-1ec6-89d287eacff5,"Lambert, Brad",F,242,-1.4736555012793666,-0.0060894855424767
3cfc8139-e81a-8949-e3fc-0a6728b63ab3,"Washkurak, Keean",LW,177,-1.511382879739474,-0.0085388863262117
ecbd0ea2-3043-731c-3cbf-94053cd3f09b,"Callahan, Michael",D,288,-1.5116434054431256,-0.0052487618244552
0fec22fb-1012-3b71-e15a-fa49606b54ed,"Hunt, Dryden",LW,62,-1.525334961618981,-0.0246021768003061
bd0d10e2-c21a-5941-9276-9b68263f8ae8,"Sevigny, Vincent",D,158,-1.5283810188415907,-0.009673297587605
a4fe9cde-2b89-7e99-5181-d8855c55e821,"Crevier, Louis",D,207,-1.5377390090718766,-0.0074286908650815
5f892ad5-e130-bc2e-c361-f6cfbd6bd692,"Malatesta, James",LW,142,-1.5490858339148637,-0.0109090551684145
5e97725c-294e-9f96-1be5-1960f6b93d17,"Gallant, Alex",LW,122,-1.5553733426378225,-0.0127489618249001
07b9d16f-b1ac-d33d-ef04-aef2855f5bf7,"Conley, Kevin",F,216,-1.5559653407769245,-0.0072035432443376
efbd8365-7b4a-13f4-6a00-d77d11d64910,"Christiansen, Jake",D,249,-1.5610537334263774,-0.0062692921021139
dc5a9c10-c8d3-52bc-fd80-b7186f383b34,"McKown, Hunter",C,142,-1.5669539427773898,-0.0110348869209675
272de64a-7d31-21fc-c289-c314245517bf,"Gendron, Alexis",F,92,-1.57546406140963,-0.0171246093631481
70440719-b72e-82a5-613d-20867495af20,"Marino, Kyle",RW,190,-1.5797627355198878,-0.0083145407132625
facc5b54-f018-45c4-6044-abe2eba5d33a,"Ponomarev, Vasiliy",C,122,-1.582750639683647,-0.0129733658990462
41e53b2c-3ed6-f9b5-29a4-68ffe996db5f,"Dineen, Cam",D,228,-1.588608978832286,-0.0069675832404924
c904de64-762a-0721-4c8f-90dfc7fbf289,"Lucchini, Jake",C,153,-1.6007478483368225,-0.0104624042374955
7140c5e3-c7b4-5dbc-61bf-89b315e97277,"Petman, Ville",F,180,-1.6079832519190504,-0.0089332402884391
0a1c9c34-5a23-e5ef-85e7-5ea4c9f85af2,"Kuznetsov, Yan",D,238,-1.6152454059083503,-0.0067867454029762
e01e67b9-2150-d1a5-ad6e-0588b64a281c,"Lee, Andre",F,120,-1.6302965806001393,-0.0135858048383344
546e5d35-2029-44d0-117a-403784a2cc7b,"Middendorf, Erik",F,90,-1.6325191905094203,-0.0181391021167713
d06b76a3-3d86-0789-4ece-8c2bbb8dac2a,"Bischoff, Jake",D,318,-1.6390474528960215,-0.0051542372732579
f9a7d1ed-389b-12c2-9eaf-5265b329406b,"Young, Colton",F,37,-1.644480111653873,-0.0444454084230776
98965e88-1cad-c56a-4b3e-ee71b2b79b90,"Harrison, Brett",RW,121,-1.6481646894626656,-0.0136211957806831
d72a16dc-181f-faa5-1565-271868e3c332,"Brunet, Frederic",D,155,-1.6639637124912767,-0.0107352497580082
e1386a3b-c1fb-9641-bb06-7ba06bb4d88c,"Caggiula, Drake",LW,118,-1.6730367527331935,-0.0141782775655355
ee8879eb-2f2a-d7c5-6173-cb7eb3ffa0c5,"Betts, Kyle",C,123,-1.6804501046755056,-0.0136621959729715
3558373a-9473-802d-31f9-667a44e97b57,"Scanlin, Brandon",D,279,-1.683754361479413,-0.0060349618691018
3009ca76-0ff6-9da5-c8b6-6fd357f7a7e1,"McLaughlin, Marc",F,225,-1.6885066294487083,-0.0075044739086609
f01abcfa-44e5-5d4c-df7c-876f3b8011d1,"Bordeleau, Thomas",F,104,-1.691441032798325,-0.0162638560845992
718d4ab2-3efc-3646-2586-f9bf06d844e8,"Hagg, Robert",D,174,-1.6957641311933005,-0.009745770868927
23033c23-8f41-970b-8423-7c1eef91ab38,"Ratcliffe, Isaac",LW,221,-1.708470574552221,-0.0077306360839467
1ec06797-c8bc-e24a-19ff-cf29896403c7,"Studnicka, Jack",F,130,-1.7104349848802043,-0.0131571921913861
f5fcdc05-b825-c3c6-187d-b79bb81ea956,"Rosen, Isak",RW,175,-1.7470167480809486,-0.0099829528461768
47e607eb-374a-751f-1987-8f08b7f86fbe,"Ahac, Layton",D,320,-1.7557652942544768,-0.0054867665445452
b8541c9c-40ff-8902-1a40-af7c2916bfaa,"Geertsen, Mason",LW,214,-1.7665736217725048,-0.0082550169241705
9e078fa3-39e8-f4e1-f5f6-285848105a57,"Franco, Dominic",C,158,-1.7819853454291692,-0.0112783882622099
9cec254b-d246-db81-a2da-1c0fde0bdb87,"King, Ben",C,198,-1.7824726680623395,-0.009002387212436
20cda872-4fef-e379-12bd-73a003826844,"Ottavainen, Ville",D,240,-1.7891207257501738,-0.0074546696906257
392760f4-597a-e47c-633f-1b9d29568423,"Leschyshyn, Jake",C,178,-1.8031263084438236,-0.010129923081145
1f87233d-cd1d-1ebf-d866-e777d5b45092,"Edstrom, Adam",C,131,-1.808134449872063,-0.0138025530524584
0b8f58a5-5832-8a88-35d3-83d96f258329,"Haiskanen, Cody",D,112,-1.8227808792742497,-0.0162748292792343
c25ea63f-011d-ce60-d969-b7d83cf526b1,"Jones, Ben",C,232,-1.8411653872993712,-0.0079360577038766
8442a8c0-dd62-152e-c0ce-60870675dd26,"Wanner, Maximus",D,265,-1.8474040474528952,-0.0069713360281241
df3c2b16-0554-1f80-bea5-3560b9b6a998,"Woo, Jett",D,294,-1.8617457548267031,-0.0063324685538323
15f4d004-953c-10f0-c9f3-d5e55866559b,"Pederson, Lane",C,219,-1.86677832053966,-0.0085241019202724
9b73814b-a50e-958a-a5e4-15cf0373d762,"Parssinen, Juuso",C,135,-1.882112119097464,-0.0139415712525738
f9495ec1-9ceb-683b-3649-a79f99f3622d,"Perlini, Brendan",RW,141,-1.895481507327285,-0.0134431312576403
f9c21b86-8a2b-b378-5127-75e172925146,"Reinbacher, David",D,80,-1.9333112351709696,-0.0241663904396371
3370b39f-9497-a447-d667-be719f33b140,"Newpower, Wyatt",D,169,-1.9503140265177945,-0.0115403196835372
ebf31f99-7cf9-b77d-1a16-1da7f96aed4c,"Halonen, Brian",F,139,-1.970404745289602,-0.0141755737071194
23976a10-6bbf-0e35-6025-abd653ad2dd6,"Raty, Aatu",C,320,-1.9854431263084429,-0.0062045097697138
967b2a1b-5b32-53aa-97e0-344f226f85dc,"Smejkal, Jiri",F,148,-1.989832519190509,-0.0134448143188547
397ed1a1-984e-b4e0-ef52-0edc268d59bc,"Kessel, Matt",D,167,-1.996658525238427,-0.0119560390732839
8750d372-0576-0fce-74d6-1a871d154ade,"Renouf, Dan",D,266,-2.0141730635031396,-0.007572079186102
8bd8e696-4514-a5d5-792b-80b002761f46,"Hirose, Taro",LW,171,-2.0158304256803903,-0.0117884820215227
ff452b22-0fff-8ee8-7593-be9565ee6205,"Robertson, Tucker",F,129,-2.019944173063503,-0.0156584819617325
8d804f94-929c-61f0-d793-406c27b0f3f5,"Johansson, Filip",D,285,-2.024398697371481,-0.0071031533241104
b2928a2f-57af-15cf-fb3f-b3917e2f5b6a,"Masters, Kyle",D,85,-2.0751570132588975,-0.0244136119206929
672ffc35-8e85-ea3b-657e-edb622ab1ab6,"Kemp, Phil",D,200,-2.076772505233775,-0.0103838625261688
74b34051-a8e4-0c93-c92e-e234ad2695de,"Schmelzer, Ryan",C,262,-2.0805326820190735,-0.0079409644351873
4166d06f-c778-e270-abf2-d125f7494262,"Helenius, Samuel",C,209,-2.084237031867876,-0.0099724259897984
cb681adf-c005-f9ab-1da3-15257b4f1bdf,"Douglas, Curtis",C,144,-2.092030704815073,-0.0145279910056602
ceb902b0-32d0-36e3-14ef-891ac5662cce,"Vilen, Topias",D,275,-2.096612002791346,-0.0076240436465139
bba30af5-560c-b50d-0be3-319e7be45c4d,"Nash, Riley",F,154,-2.1448429867411023,-0.0139275518619552
ae3c26e4-6536-f078-6e78-8ca2db85def8,"Conacher, Cory",RW,175,-2.149368457780879,-0.0122821054730335
b1af8af7-bec4-8140-315c-a328ad668097,"Livingstone, Jake",D,253,-2.153998604326587,-0.0085138284755991
00107e79-8a36-de05-69c7-86087051c558,"Lombardi, Amadeus",C,226,-2.1587264480111648,-0.0095518869381025
2dc963e5-038d-5671-aa35-9c6e6edec835,"Brisson, Brendan",F,265,-2.165169806931844,-0.0081704521016296
62d8d552-b95a-dea2-1bdd-bb508f1d8a81,"Fitzgerald, Cavan",D,211,-2.187892533147243,-0.0103691589248684
0216a2f3-905b-a0cc-78d2-1ace22850834,"Richard, Anthony",LW,185,-2.2117411025819953,-0.011955357311254
4b1c4f85-f533-4ddb-1d2e-b0f38afa4cf4,"Matinpalo, Nikolas",D,287,-2.2376657362177244,-0.0077967447254972
e4245dd4-69d2-7fa5-6473-a4f26787eed9,"Jobst, Mason",C,206,-2.3305303558967196,-0.0113132541548384
ee172400-aed4-5013-4ad3-4a4798d72b3e,"Tynan, TJ",F,246,-2.3583949755757145,-0.0095869714454297
5371f79b-fb56-50aa-237a-c28b6dbbd831,"Mendel, Griffin",D,131,-2.384361479413817,-0.018201232667281
37dd6e8a-790f-cc3c-96d4-f482131faebf,"Wilsby, Adam",D,223,-2.399114910444289,-0.0107583628271044
531dd357-139b-1c75-674c-f969c000c7ae,"Zboril, Jakub",D,187,-2.4189497557571524,-0.0129355601912147
a22368c1-7f43-4c9e-20c1-482af6c7ce36,"Trudeau, William",D,254,-2.4255222144684803,-0.0095493000569625
7a8b62e2-0b6b-1e9b-788c-0338df40543e,"Regula, Alec",D,286,-2.430457083042567,-0.00849810168896
00b3ed6a-d8bb-6e88-4eb7-2d088ef5cf51,"MacKinnon, Will",D,160,-2.453457780879274,-0.0153341111304954
def7057c-c63b-ba5b-6622-d71d6a64838f,"Strand, Austin",D,214,-2.4570644335892062,-0.0114816095027533
61b3f3d2-10b6-46fd-9416-8976a893ef23,"Highmore, Matthew",C,184,-2.4640928122819257,-0.0133918087624017
3c2ab360-a121-0ed0-f646-981b7b371eda,"Gleason, Benjamin",D,249,-2.489530123284484,-0.0099981129449176
b1e9d040-a917-bccd-657f-2da715dce2a5,"Madden, Tyler",F,238,-2.4914212607583153,-0.010468156557808
a4295efe-fc21-2338-bbe4-dced606dadca,"Wallinder, William",D,264,-2.522327285415212,-0.0095542700205121
db07a598-848d-2552-6cca-9e1ecaa9fd45,"Kent Elson, Turner",F,150,-2.52682135380321,-0.0168454756920213
e65ca9b5-c8df-ffbc-89b2-817c38cf0efc,"Nielsen, Tristen",LW,299,-2.538023959060246,-0.0084883744450175
cbbf55f5-9496-ac26-5465-bc1dd9bc474f,"Kleven, Tyler",D,229,-2.606528262386601,-0.0113822194864043
f19f09de-127d-97a1-6265-d5a27b837129,"Thomson, Lassi",D,294,-2.6344196324726674,-0.0089606109948049
ed669304-9d26-cfe7-8e5c-4bb862411534,"Ginning, Adam",D,282,-2.6411165387299365,-0.0093656614848579
a811daaa-9356-2318-9e10-11e1e2dea90f,"Gaunce, Cameron",D,155,-2.6460956036287504,-0.0170715845395403
98eea6fc-1c6b-1d5e-b49a-1805806aa62d,"Seeley, Ronan",D,213,-2.6808374040474523,-0.0125860910988143
de15bfab-6926-999d-bbe8-641620573a47,"Mysak, Jan",C,160,-2.6891939986043263,-0.016807462491277
ce6e3edf-e901-06ab-00b5-185583eeb8ae,"Ouellet, Xavier",D,249,-2.7276692254012556,-0.0109544948811295
12687ef0-6348-9e50-7885-e5292a10eda7,"Callin, Drew",F,200,-2.7516957431960916,-0.0137584787159804
11ae7263-a7e4-4c1e-e2c2-45387d3e3070,"Nousiainen, Kim",D,203,-2.762508722958827,-0.0136084173544769
bf2ac865-06ab-adb3-95eb-a4d80117aee8,"Schuldt, Jimmy",D,261,-2.771074668527564,-0.0106171443238603
af6ab9b3-a019-9b82-fa37-120d97e9f0b6,"Coronato, Matthew",RW,128,-2.810383810188416,-0.0219561235170969
bc6177f1-4c3d-37fa-47dd-452cfcc446d1,"Merkulov, Georgi",LW,201,-2.8231170039544073,-0.0140453582286288
015f554a-21c0-99bc-0a31-a176810b40c6,"Shine, Dominik",RW,224,-2.872939055594324,-0.0128256207839032
0af3f2e3-7646-a092-4313-a467ee77fcdd,"Hunt, Daemon",D,225,-2.909927890207024,-0.0129330128453645
d8fed174-fcfd-8e02-be75-ae2b239ab2cd,"Green, Alex",D,163,-2.914321935333798,-0.0178792756768944
b2f264ba-1fa2-c297-2cf2-a5109e7b99d9,"Reinhardt, Cole",LW,185,-2.917697138869504,-0.0157713358857811
14568715-544f-38ee-cb86-8c20590b8d5c,"L'Heureux, Zachary",LW,206,-3.025724587113282,-0.0146879834325887
3ed6a15c-aa34-a886-9041-868c9e52bc0e,"Bauer, Tyrel",D,232,-3.046022330774598,-0.0131294065981663
06aa1b16-e3ee-cce4-0a42-b0f70600c477,"Laberge, Samuel",LW,164,-3.1429006745754826,-0.019164028503509
54ad8812-393e-5ec6-9bf7-c683bb59ab88,"Vukojevic, Michael",D,164,-3.157215631542219,-0.0192513148264769
a6be81da-fbf0-100c-170a-9db635d86749,"Morelli, Mason",F,254,-3.1731193300767613,-0.0124925957877037
92a1bf87-e138-f25a-ebab-c92e182b701e,"Pilon, Garrett",C,218,-3.214375436147941,-0.0147448414502199
8976400f-0b82-983e-4666-56338945a0fd,"Bisson, Tobie",D,254,-3.3909874389392876,-0.0133503442477924
f045664f-80a6-44de-69e1-20d9f0ae7af4,"O'Rourke, Ryan",D,299,-3.463151895789718,-0.0115824478120057
a5a0b510-df00-f72a-f892-86dc36da148c,"Clayton, Cole",D,293,-3.487972784368457,-0.0119043439739537
805e3414-06c4-31b9-75fc-b1ca4a97ae2c,"Peters, Alexander",D,153,-3.6460956036287504,-0.0238306902197957
65327d7e-6886-5ff4-3e14-b0a655b531a4,"Santini, Steven",D,263,-3.650854849965107,-0.0138815773762931
f7bf7586-8882-91c7-304d-4b970c52c9d5,"Larsson, Jacob",D,316,-3.7829378925331465,-0.0119713224447251
7bb84983-aea1-e050-01cb-3b9caba8dea9,"Cicek, Nick",D,363,-4.5780321004884845,-0.0126116586790316
cb92f717-6ee3-40c7-6ac2-daeb4eb54954,"Bains, Arshdeep",LW,241,-5.135567573854384,-0.0213094090201426
