player_id,player_name,position,n_forechecks,n_rows,pos_total,exec_total,press_total,press_per_forecheck
5833dbf2-d4d6-e001-2cd5-74d2a3bac7c2,"Boucher, Matthew",LW,1,4.0,0.5179524341151421,0.1728683155045199,0.6908207496196621,0.6908207496196621
4d495b06-e706-89e3-59ae-b670e6ace70f,"Koch, Davis",F,1,6.0,0.4705962996804139,0.181818187236786,0.6524144869171999,0.6524144869171999
b3762305-438c-1b85-1c59-1a831d98849c,"Pekar, Matej",F,1,5.0,0.4353406729149457,0.1857728893554794,0.6211135622704252,0.6211135622704252
6aaec354-e7a5-0c0d-7584-6746ffd4aabb,"Foudy, Liam",F,3,12.0,0.382827076490028,0.654256187063838,1.037083263553866,0.345694421184622
9692be3e-1840-be44-346f-17fd56755724,"Henman, Luke",F,3,7.0,0.8576420887542663,0.0718087691090533,0.9294508578633196,0.3098169526211065
ee6f66a2-297c-c175-476d-a4390ead7eb4,"Campbell, Alexander",LW,1,2.0,0.2928739121142527,-0.0036258070521622,0.2892481050620904,0.2892481050620904
6c78afc0-6490-5b83-db5f-7f87839dc862,"Hoelscher, Mitchell",C,3,12.0,0.7101715475604745,0.0252191986243563,0.7353907461848308,0.2451302487282769
83210d48-c6d5-b414-a3fb-fb523e0d9a31,"Cholowski, Dennis",D,6,13.0,0.1636841208637123,1.2799514637205387,1.443635584584251,0.2406059307640418
178c4dba-943e-4f43-64ea-51402c33f28d,"Miroshnichenko, Ivan",LW,4,20.0,0.1777456944436344,0.7292059816578667,0.9069516761015012,0.2267379190253752
bcd88228-d322-91a4-38aa-2ac368186ee3,"Holloway, Dylan",LW,1,4.0,0.1639547558857401,0.0567949910514164,0.2207497469371566,0.2207497469371566
adce8fef-8cdf-c45c-6d59-68ef391c977a,"Kisakov, Alexander",F,2,2.0,-0.0724203951204086,0.4634142895211988,0.3909938944007901,0.195496947200395
5ed92cf2-bc71-8b27-ceef-13805029dcbc,"Lapierre, Hendrix",C,3,7.0,0.044272947748542,0.5277190161164775,0.5719919638650196,0.1906639879550065
0fec22fb-1012-3b71-e15a-fa49606b54ed,"Hunt, Dryden",LW,3,12.0,0.4049095979526567,0.1616801578332724,0.5665897557859292,0.188863251928643
db0333ab-7807-d7a0-6a75-e78b8401080d,"Fogarty, Steven",RW,28,133.0,1.7517107662849054,3.413883572970205,5.16559433925511,0.1844855121162539
b90aa353-979c-854a-6f54-5a714d009b15,"Hall, Curtis",C,5,22.0,0.6029846805354819,0.3163352155324104,0.9193198960678924,0.1838639792135784
4ef5382c-6459-519f-de86-96aa6ab54c2e,"Welinski, Andy",D,4,10.0,0.5795284042746668,0.1548448142558753,0.734373218530542,0.1835933046326355
6478e1ee-af93-5c31-b87a-97218a8236b2,"Wolff, Nick",D,2,4.0,0.5850523762284978,-0.2343919590570583,0.3506604171714395,0.1753302085857197
6082f959-421e-173b-b5e4-e1ffd5fc7d18,"Pelletier, Jakob",LW,5,20.0,0.5109470698441352,0.36389903858021,0.8748461084243452,0.174969221684869
f2811315-a63a-c5b6-95d0-80e2cb18975e,"Pospisil, Martin",C,1,5.0,0.1978518851829966,-0.0229284083368801,0.1749234768461164,0.1749234768461164
d85ec4b9-edd3-0949-8aa2-d27637d19918,"Crookshank, Angus",LW,5,15.0,0.291645213135743,0.575755878831593,0.867401091967336,0.1734802183934672
ad46103a-4d3e-9234-dee6-f970fd779e79,"Blidh, Anton",F,12,38.0,0.7720628611664381,1.2564950054087003,2.0285578665751385,0.1690464888812615
3ed6a15c-aa34-a886-9041-868c9e52bc0e,"Bauer, Tyrel",D,1,,-0.0651572474299122,0.2282608691602945,0.1631036217303823,0.1631036217303823
da5bdc30-ff02-7a26-4d8b-79c87b128ab4,"Ford, Parker",RW,1,,-0.0651572474299122,0.2282608691602945,0.1631036217303823,0.1631036217303823
800573f9-983d-f26c-6768-3c97219f0f85,"Allan, Nolan",D,1,,-0.0161416639594484,0.1792452856898307,0.1631036217303823,0.1631036217303823
af4b1383-6455-2988-0dab-f2fd733e167b,"Zhilkin, Danny",C,1,,-0.0651572474299122,0.2282608691602945,0.1631036217303823,0.1631036217303823
78821ac8-2fb6-cafd-71d8-bf5d718e6703,"Matteau, Stefan",LW,3,15.0,0.4077573276117842,0.0759921748715948,0.4837495024833791,0.1612498341611263
0ca4f9ef-7e7a-d691-6e1c-16d394e84bfe,"Baddock, Brandon",LW,11,39.0,1.1771790681149947,0.5581493159188985,1.7353283840338931,0.157757125821263
5bd9a56b-e7ed-0f23-4c35-63587ff2bd90,"Kaspick, Tanner",F,13,53.0,-0.5809460967627009,2.6292715700957507,2.04832547333305,0.1575634979486961
9fe3605d-f4f9-9c7f-e12d-760d6cc2d387,"Jost, Tyson",C,4,12.0,0.5070685036583371,0.1223155664942975,0.6293840701526348,0.1573460175381587
967d9997-756d-44cc-889a-8c024fc10a3c,"Robins, Tristen",F,7,38.0,0.67598814506414,0.4227160073886559,1.0987041524527958,0.1569577360646851
d7535706-ab13-a4e2-1b01-b80ac5ff0720,"Andonovski, Corey",RW,7,25.0,0.772118294257277,0.2876741177811261,1.0597924120384032,0.1513989160054862
2766277d-aa8c-2da8-d328-62f1cbf03279,"Duehr, Walker",RW,1,4.0,-0.0101050433723379,0.1609357454213325,0.1508307020489946,0.1508307020489946
bfcaa06a-42fc-68bf-aeb2-f26f3d6c02f7,"Ibragimov, Timur",LW,14,50.0,0.150605525867263,1.9239575730555791,2.0745630989228423,0.1481830784944887
5a19d98a-9812-e36d-7c3e-df3822110857,"Furry, Brendan",LW,2,,0.1010079008862526,0.1925786182284355,0.2935865191146881,0.146793259557344
e0dac365-8533-2a57-86d0-8b89b436e72b,"Stastney, Spencer",D,3,5.0,0.3226932801621061,0.1125543215688471,0.4352476017309532,0.1450825339103177
8dfc4cd9-4bed-d27e-f82a-aac7483571b8,"Stankoven, Logan",C,6,29.0,0.5121461497387869,0.3439175172278189,0.8560636669666059,0.1426772778277676
69aa4743-6d37-4847-9c9e-f55a0d888150,"Weatherby, Jasper",F,8,25.0,0.205163279351796,0.9349888779591304,1.1401521573109266,0.1425190196638658
08c60c80-c4d5-92b9-4f37-459db0d51fe9,"Caulfield, Judd",RW,11,50.0,0.5592821419744471,0.9952843001937708,1.554566442168218,0.1413242220152925
cfe456f6-9907-e4df-333f-27b358f49ebc,"Rybinski, Henry",C,8,36.0,0.437726093394673,0.6880672853914556,1.1257933787861285,0.140724172348266
1e248371-8cd8-2ae1-7132-6212cfafbe89,"Holland, Peter",F,4,21.0,0.4117505927885461,0.1370193614691393,0.5487699542576854,0.1371924885644213
f8513815-ad09-b742-fef8-9814f2313b80,"Steen, Oskar",RW,3,8.0,-0.0807028270280456,0.4897161236389666,0.4090132966109209,0.1363377655369736
425891d3-f7cd-c14c-6c9e-25c8e218baed,"Helleson, Drew",D,13,39.0,1.2203101453634446,0.5363232421798846,1.756633387543329,0.1351256451956407
fc4b5423-4463-8a2b-f319-30916f7c8928,"Olofsson, Fredrik",C,2,9.0,-0.1399797289868821,0.4072381552156392,0.2672584262287571,0.1336292131143785
0ddb9eb2-2352-dab2-b22d-f0d30ee231ef,"Reedy, Scott",F,2,9.0,0.104017889427531,0.1597051233335808,0.2637230127611119,0.1318615063805559
e65ca9b5-c8df-ffbc-89b2-817c38cf0efc,"Nielsen, Tristen",LW,1,,-0.0129133311675587,0.1433962285518646,0.1304828973843058,0.1304828973843058
2e4b21f4-9426-ca70-4bb7-b7107d5d3c93,"Groshev, Maxim",D,1,,-0.0117393223212758,0.1422222197055817,0.1304828973843058,0.1304828973843058
b3585f9c-6b5b-057f-4b5f-0931b9714c57,"Brabenec, Jakub",F,1,,0.0861894222332438,0.044293475151062,0.1304828973843058,0.1304828973843058
21555bc9-a08d-032e-ef88-be32e61cd8a0,"D'Amato, Daniel",LW,1,,0.0861894222332438,0.044293475151062,0.1304828973843058,0.1304828973843058
d028de61-a5f1-fc1b-87ce-7160b5ebbe16,"Chayka, Daniil",D,1,,0.0861894222332438,0.044293475151062,0.1304828973843058,0.1304828973843058
d151950a-074c-744d-f04a-0487129cf9e0,"Berglund, Carl",F,1,,0.0828638526035746,0.0476190447807312,0.1304828973843058,0.1304828973843058
62290f70-c057-68ae-6d76-548e7fc1a2c2,"Petrov, Matvei",LW,1,,-0.0129133311675587,0.1433962285518646,0.1304828973843058,0.1304828973843058
c7b3f922-86b9-8842-3b94-49930e85939c,"Chiasson, Jake",RW,1,,0.0828638526035746,0.0476190447807312,0.1304828973843058,0.1304828973843058
4166d06f-c778-e270-abf2-d125f7494262,"Helenius, Samuel",C,1,,0.0260948809219797,0.104388016462326,0.1304828973843058,0.1304828973843058
fbcf5c7b-e2f6-d4dc-e865-f537963946fc,"Melanson, Jacob",F,2,,0.1433256272938649,0.1176401674747467,0.2609657947686117,0.1304828973843058
c1474ad5-07a3-1a49-8e6a-f6d82239ff1b,"Element, Shawn",F,1,,-0.0117393223212758,0.1422222197055817,0.1304828973843058,0.1304828973843058
0ab603b4-dfe0-01a2-90a2-e98048b67f73,"Guay, Patrick",LW,1,,0.0861894222332438,0.044293475151062,0.1304828973843058,0.1304828973843058
09f381c0-6a47-8eff-31ea-e1c938853285,"Mcallister, Ryan",F,1,,0.0941192599369486,0.0363636374473571,0.1304828973843058,0.1304828973843058
b54241e0-9df6-0411-9ef3-72a06b7f6b73,"Wylie, Wyatte",D,1,,0.0260948809219797,0.104388016462326,0.1304828973843058,0.1304828973843058
9e078fa3-39e8-f4e1-f5f6-285848105a57,"Franco, Dominic",C,1,,-0.0044008222983876,0.1348837196826935,0.1304828973843058,0.1304828973843058
09ebb57b-5c02-284e-ddc1-6b5bb2245be0,"Stevens, John",C,1,,-0.0129133311675587,0.1433962285518646,0.1304828973843058,0.1304828973843058
82b3d9a5-d885-129a-d048-8a61788abdb8,"Pastujov, Sasha",LW,1,,0.0066733749939402,0.1238095223903656,0.1304828973843058,0.1304828973843058
2dbd1b27-fe28-9015-7542-92463860eb84,"Hinds, Tyson",D,1,,0.0066733749939402,0.1238095223903656,0.1304828973843058,0.1304828973843058
4547b0f8-61ed-35aa-c402-92122503bf23,"O'Leary, Mike",C,1,,0.117149564845701,0.0133333325386047,0.1304828973843058,0.1304828973843058
0e6b8ebb-9a77-586f-1784-a1fbbdac5c71,"Wisdom, Zayde",C,1,,0.117149564845701,0.0133333325386047,0.1304828973843058,0.1304828973843058
968696dc-b172-bf02-b39b-747e1d1433c0,"Ahcan, Roman",LW,1,,0.117149564845701,0.0133333325386047,0.1304828973843058,0.1304828973843058
98eea6fc-1c6b-1d5e-b49a-1805806aa62d,"Seeley, Ronan",D,1,,0.0828638526035746,0.0476190447807312,0.1304828973843058,0.1304828973843058
b2928a2f-57af-15cf-fb3f-b3917e2f5b6a,"Masters, Kyle",D,1,,0.117149564845701,0.0133333325386047,0.1304828973843058,0.1304828973843058
ad4b002b-5fc6-4cdc-1d16-192ced8c9b16,"Gaudet, Jake",C,1,,0.117149564845701,0.0133333325386047,0.1304828973843058,0.1304828973843058
7140c5e3-c7b4-5dbc-61bf-89b315e97277,"Petman, Ville",F,1,,0.0161971839500864,0.1142857134342193,0.1304828973843058,0.1304828973843058
70440719-b72e-82a5-613d-20867495af20,"Marino, Kyle",RW,1,,0.0828638526035746,0.0476190447807312,0.1304828973843058,0.1304828973843058
da1e315e-d850-b54c-fd20-780097393ec1,"McKinnon, Ian",F,1,,0.0161971839500864,0.1142857134342193,0.1304828973843058,0.1304828973843058
e2e9d274-2a93-02e4-c3ce-b61e1a6e6599,"Kyrou, Christian",D,1,,0.0828638526035746,0.0476190447807312,0.1304828973843058,0.1304828973843058
57c6f70d-40e1-30b6-e92f-b01c49faf541,"Wagner, Ryan",LW,1,,0.0828638526035746,0.0476190447807312,0.1304828973843058,0.1304828973843058
3b5ef339-2b52-54ae-e4df-883f892a0f9c,"Novak, Pavel",F,1,,0.117149564845701,0.0133333325386047,0.1304828973843058,0.1304828973843058
27be5d93-9bc0-8a87-41dd-e96fea901efc,"Ceulemans, Corson",D,1,,0.117149564845701,0.0133333325386047,0.1304828973843058,0.1304828973843058
d54b6c97-2380-f382-7937-732841fca283,"Pearson, Justin",LW,1,,0.117149564845701,0.0133333325386047,0.1304828973843058,0.1304828973843058
335244ec-3806-b028-c666-93782915701e,"Allard, Tristan",C,2,,-0.0234786446425516,0.2844444394111633,0.2609657947686116,0.1304828973843058
cd489321-0cb6-1202-edc1-5fdf801b7738,"McDonald, Kyle",RW,1,,0.0828638526035746,0.0476190447807312,0.1304828973843058,0.1304828973843058
a340d31a-27b5-a8d5-bfb1-edfe27cf1e5d,"Gicewicz, Carson",C,1,,0.0904828997684916,0.0399999976158142,0.1304828973843058,0.1304828973843058
cbabf9a6-fbd2-f2f6-6f08-ba10e8ea843f,"Mermis, Dakota",D,1,,0.117149564845701,0.0133333325386047,0.1304828973843058,0.1304828973843058
267ce9a0-5304-abb8-bc45-091992187107,"Edmonds, Lucas",RW,1,,-0.0117393223212758,0.1422222197055816,0.1304828973843058,0.1304828973843058
68314a41-fbd6-d896-fb13-c348f321b1e6,"Wedman, Matthew",LW,8,28.0,0.7328730783967479,0.3075129473887606,1.0403860257855084,0.1300482532231885
0753b094-9e2f-976d-85c8-d22a1d280e8d,"Jiricek, David",D,6,19.0,0.9549827291880506,-0.175976651447337,0.7790060777407135,0.1298343462901189
30a82081-452f-1e14-177e-d25c40f895a3,"Beecher, John",C,10,45.0,0.9234826361041258,0.3449302702599706,1.2684129063640963,0.1268412906364096
3c97dc1d-a952-5220-56df-de7a5c64c208,"Mcging, Hugh",F,18,59.0,1.168032189560661,1.0411901102544905,2.209222299815151,0.1227345722119528
c10719af-87b4-f64d-abda-4dd75b197b9d,"Kniazev, Artemi",D,4,9.0,0.4238425635385922,0.0653889068314057,0.4892314703699979,0.1223078675924994
fcc211ea-3d12-1067-28c0-3465b4cb586d,"Hajek, Libor",D,2,4.0,0.0,0.2294794527199621,0.2294794527199621,0.114739726359981
5dfe0fd2-51d9-4615-89ff-9ee6a2db9028,"Houde, Samuel",C,2,7.0,-0.0595321199990348,0.2861010340319967,0.2265689140329619,0.1132844570164809
b2485777-a1f9-23e9-5c28-c99761cd10e2,"Grimaldi, Rocco",F,9,34.0,0.1140709870092415,0.8998157103284797,1.0138866973377214,0.112654077481969
5f6e7132-7315-97d1-1833-90ef2671c403,"Regenda, Pavol",LW,13,45.0,1.0767851165821003,0.3771327150450903,1.4539178316271908,0.1118398332020916
f01b2f76-df10-daf6-f8e2-f2a3968f6d64,"Dalpe, Zac",C,13,40.0,0.8231905809704558,0.6297338294047906,1.4529244103752466,0.1117634161827112
eae0f98c-c856-b1d8-3723-60b369cbf5c9,"Hardman, Mike",LW,11,53.0,0.9769716309341284,0.249859890200401,1.2268315211345295,0.1115301382849572
31afd5bc-827c-9211-5784-f7a96764b140,"Rondbjerg, Jonas",F,10,40.0,0.6943474078347847,0.4193276953445652,1.11367510317935,0.1113675103179349
be8e81a6-ec2f-39eb-ef48-6264cf6f5d01,"Harkins, Jansen",C,4,19.0,0.2143205448919139,0.2253271978922267,0.4396477427841407,0.1099119356960351
c50ee147-78c1-e97c-f042-2810c51adffc,"Shaw, Mason",LW,7,19.0,0.3235771036400213,0.4457209483284747,0.769298051968496,0.1098997217097851
ca8cc0d1-c1a3-322e-5d98-ffa66cded990,"McIlrath, Dylan",D,8,24.0,1.0656948035685467,-0.1891813439435481,0.8765134596249986,0.1095641824531248
45a2c93b-c050-c12e-b8d2-9d002eef5804,"Zary, Connor",C,2,7.0,0.2178009667231043,-0.000831642929835,0.2169693237932692,0.1084846618966346
9b4ee081-3050-ae6e-ca41-47d034838030,"Dach, Colton",C,13,53.0,0.1271550482766212,1.2600549655171538,1.387210013793775,0.1067084625995211
4b1c4f85-f533-4ddb-1d2e-b0f38afa4cf4,"Matinpalo, Nikolas",D,11,28.0,0.6840885874468201,0.4888595673755718,1.172948154822392,0.1066316504383992
e14d8b1e-280b-fcd3-8676-f0ec14a86d80,"Hirvonen, Roni",C,13,46.0,1.118092749588225,0.236575970744828,1.3546687203330527,0.1042052861794655
48ab1f72-0e6e-a7c9-0c5d-a978d9ace0fc,"Abramov, Mikhail",F,9,45.0,0.6118368335255375,0.3198191099243651,0.9316559434499028,0.1035173270499891
0197019c-0e19-f14e-cdab-ce4bb3630856,"Laferriere, Mathias",RW,17,62.0,1.71210298647891,0.0408044864947927,1.7529074729737026,0.1031122042925707
9c5a0e11-4272-5962-2621-08678ba1b301,"Kolyachonok, Vladislav",D,7,21.0,0.2783900047202224,0.4359022124454834,0.7142922171657059,0.1020417453093865
c622c5d2-2a49-f3e5-6bf7-0e23fa29032e,"Crozier, Max",D,6,10.0,0.0219713273512526,0.5881701080767232,0.6101414354279758,0.1016902392379959
7f87b4e4-74a0-39b3-ec2d-526b02fbdfe0,"Wolanin, Christian",D,7,14.0,0.5051592701653643,0.2045938791620876,0.7097531493274519,0.1013933070467788
ab173ecf-50c8-bf70-2a27-3f32cb95d28f,"Othmann, Brennan",F,11,42.0,0.4019887765711424,0.7118418578492974,1.1138306344204398,0.1012573304018581
3bc06bbe-5d1f-aa0b-c51e-f0c83f70803a,"Petan, Nic",F,19,73.0,1.0034169135356323,0.8787057660238602,1.8821226795594923,0.099059088397868
0f1cb51b-ffed-b0a3-4bb4-5521cdddbf60,"Xhekaj, Arber",D,6,16.0,0.4259257481631587,0.1653544490171348,0.5912801971802936,0.0985466995300489
6c8d8731-c18f-5a5e-aa78-2fc912cba75e,"Kaiser, Wyatt",D,5,23.0,0.2924921761450585,0.1935408862407816,0.4860330623858401,0.097206612477168
bce6bdea-4c8a-8917-a11b-59ecf9c30b51,"Gardner, Rhett",F,6,15.0,0.4128777209832863,0.1625672542858456,0.575444975269132,0.0959074958781886
be80e6a7-4664-2ddb-bcd5-cd4e5085e1b5,"McGregor, Ryan",C,16,65.0,0.9914699403264084,0.537026982750791,1.5284969230771992,0.0955310576923249
64897768-18c0-5c24-3bc4-1137682f7c4f,"Felhaber, Tye",LW,7,17.0,0.3242755609715518,0.3439307583514774,0.6682063193230293,0.0954580456175756
ae3c26e4-6536-f078-6e78-8ca2db85def8,"Conacher, Cory",RW,12,40.0,0.6316000494657014,0.4991314557665847,1.1307315052322862,0.0942276254360238
6e6168a5-df29-f732-cbd8-5e5d3ccfc780,"Back, Oskar",C,14,64.0,0.3803646094626963,0.932728439385574,1.3130930488482702,0.0937923606320193
9e7656e6-afdd-5100-adf6-0e1485917da6,"Thompson, Jack",D,13,35.0,0.2122824994463971,1.0041903013156246,1.2164728007620218,0.0935748308278478
b8906cf1-9e34-5011-6bc4-1b7f5edaf259,"Raska, Adam",F,9,31.0,0.510226802261936,0.3241294179522201,0.8343562202141561,0.0927062466904617
3f1cb8fd-1aa5-5b5c-a0f1-d8dbb7756d87,"Durandeau, Arnaud",LW,16,55.0,0.954700944141722,0.5252255812244551,1.479926525366177,0.092495407835386
e8fea67a-8042-8fda-08b4-f058368fe357,"Bolduc, Zachary",RW,14,54.0,0.0221816808884933,1.262396903116482,1.2845785840049753,0.0917556131432125
aed2833c-1982-2c81-12d6-ce42690c132f,"Anderson-Dolan, Jaret",C,1,2.0,0.0843881591392954,0.0070312993791664,0.0914194585184619,0.0914194585184619
05673e68-1d9f-8728-7874-b41679600750,"Anderson, Joey",RW,3,13.0,0.0697261114831192,0.1954105794484733,0.2651366909315926,0.0883788969771975
936ad397-0a05-0d42-2c84-a8d14ddf2971,"Kozak, Tyson",C,7,25.0,0.58707960321948,0.0252327683237016,0.6123123715431816,0.0874731959347402
e0cea5f8-086b-dec5-d799-9f09a23f8d52,"Gambrell, Dylan",C,16,82.0,0.8551999976187267,0.5433709683312627,1.3985709659499894,0.0874106853718743
e936a4e7-0304-42aa-1ad8-269904d96714,"Karlsson, Linus",C,15,81.0,-0.0517306325945263,1.3425843673806117,1.2908537347860851,0.0860569156524056
eeab9820-8fb9-1fe7-a710-54c9e7a4e778,"Chisholm, Declan",D,2,6.0,0.0309088441522668,0.141112447465776,0.1720212916180428,0.0860106458090214
432d0e7c-2d69-f44f-69c9-227f410e8f8b,"Balinskis, Uvis",D,8,19.0,0.2718344416248909,0.4117638549529486,0.6835982965778395,0.0854497870722299
2f0d296c-e9df-b8b7-f0e0-a135b8802329,"Soderblom, Elmer",LW,28,103.0,1.5965636510024983,0.7880094296552995,2.384573080657798,0.085163324309207
caea29a5-fbb3-0a09-a224-442a8a2efb50,"Rees, Jamieson",LW,6,29.0,0.2583622220689263,0.2515685053659922,0.5099307274349185,0.0849884545724864
ebb72d23-6b12-208b-62ee-393071bdb363,"Schwindt, Cole",RW,14,47.0,1.2498155736766594,-0.0625466698769131,1.1872689037997464,0.0848049216999818
41c74b24-2875-6f45-d954-11ac6d6c410b,"Sutter, Brett",LW,16,59.0,0.928151060224454,0.4284999027067013,1.3566509629311554,0.0847906851831972
0f052c34-6cd2-f4fd-a861-d9051a8e86e4,"Angle, Tyler",F,10,52.0,1.0287959490912058,-0.1850916609379277,0.843704288153278,0.0843704288153278
a498fb15-dea2-c999-7f8c-63aa786b7bb7,"Gambardella, Joseph",C,7,30.0,0.9313297697489404,-0.3447547300758087,0.5865750396731317,0.0837964342390188
77a3c50b-31ff-8311-b5bd-79aa901df22c,"Farrell, Sean",F,14,58.0,0.3207303860990975,0.8508225466933429,1.1715529327924403,0.0836823523423171
8b43652c-1ab8-e931-e045-ca9cd839d10b,"McCormick, Max",F,8,35.0,-0.0441843121675947,0.7095066713954088,0.6653223592278141,0.0831652949034767
ec19bc8b-8413-3a35-3a64-922eeb62d5a7,"Jankowski, Mark",LW,9,25.0,0.8570020587377032,-0.1228888860053772,0.734113172732326,0.0815681303035917
eeb81509-6a0d-5320-8d5a-2c1e58d83af5,"Lycksell, Olle",RW,20,82.0,1.3305051600486633,0.2361128106044824,1.5666179706531458,0.0783308985326572
9365e946-bed1-6103-1e8a-2e9ba06d1dc2,"Winterton, Ryan",C,10,43.0,0.98501502709515,-0.2017342132115597,0.7832808138835903,0.078328081388359
d1a331a3-4e1a-510a-2fe8-8f36981fd3f4,"Turcotte, Alex",C,5,13.0,0.7124453088292388,-0.3233758044154394,0.3890695044137994,0.0778139008827598
356d4cb6-7726-b23f-7070-1e5eaf602524,"Saarela, Antti",LW,4,23.0,0.3524159896771991,-0.0418214590981586,0.3105945305790404,0.0776486326447601
e816e950-29af-f11a-16dc-9be28900788e,"Maillet, Philippe",C,11,44.0,1.1020213324232029,-0.248299482957656,0.8537218494655465,0.0776110772241406
58b0c680-a304-643d-ce76-6451b920519a,"Rau, Kyle",F,9,35.0,0.7346559610191883,-0.054409379728142,0.6802465812910463,0.0755829534767829
f3da2b72-e9b7-6d05-ee3e-834953f9f070,"Marody, Cooper",RW,7,29.0,0.3922745915730996,0.134451416014642,0.5267260075877416,0.0752465725125345
34c9b6d7-581c-e992-d276-c44d50fff88d,"Smith, Dalton",LW,8,38.0,0.6738748329836198,-0.081208920079819,0.5926659129038008,0.0740832391129751
594759ce-c137-f893-62f5-d6b5ee7db55c,"Merela, Waltteri",RW,17,60.0,1.2709811555001942,-0.0302528935905421,1.240728261909652,0.0729840154064501
9ef6d4ec-63a9-9da3-2580-cc0bfca09b47,"Malone, Brad",C,12,40.0,-0.1445835652521624,0.9981809453676922,0.8535973801155297,0.0711331150096274
5c7cca9d-bfc2-3931-363d-daaebc4da409,"Willman, Maxwell",LW,13,42.0,1.29122696012394,-0.3735192974755933,0.9177076626483466,0.0705928971267959
a0555634-4279-dde8-209b-5fb7664923b9,"Wilson, Garrett",LW,12,56.0,0.9995323601315356,-0.1599614782913155,0.8395708818402199,0.0699642401533516
1a8b325b-f423-4cca-aafc-bd79e3ab00b6,"Schmiemann, Quinn",D,5,8.0,0.3948668040444715,-0.0452340158039267,0.3496327882405447,0.0699265576481089
73f11278-21e8-9bd9-f271-70e5cf8d41e7,"Kessy, Kale",LW,3,10.0,-0.3621354554960931,0.5718063336200576,0.2096708781239645,0.0698902927079881
c8d33732-42a1-d13e-323a-6457dc42307a,"Richards, Justin",C,11,35.0,0.1505373716525948,0.6163765300684066,0.7669139017210015,0.0697194456110001
e850e12b-4214-353a-3bbe-aad41042acd5,"Griffith, Seth",LW,9,29.0,-0.0768262466448182,0.6998923450812802,0.623066098436462,0.0692295664929402
68d2ade0-47ab-96bb-f22e-8f98b3aeb212,"Klimovich, Danila",RW,3,5.0,0.2446486064813121,-0.0375758512109086,0.2070727552704034,0.0690242517568011
3a3be5e0-324a-1af9-5d4c-39b304b8d17d,"Hebig, Cameron",C,14,48.0,1.1874902548398358,-0.2263397462328463,0.9611505086069896,0.0686536077576421
195db92d-b85c-e1c2-0f7e-6f1cb57dde82,"Hudon, Charles",F,15,56.0,0.6142671667124372,0.4031764027031013,1.0174435694155384,0.0678295712943692
9c74b325-0fa9-5486-dd3f-f6b577678042,"Pavel, Ondrej",F,9,57.0,0.1955160285721059,0.4010977143178816,0.5966137428899876,0.0662904158766652
3aa7c517-7091-0133-341a-3abc7d3a674f,"McKenzie, Curtis",LW,7,27.0,0.4146122511440955,0.0401280945094654,0.4547403456535609,0.0649629065219372
0ae96538-0067-681c-06a1-290633a469a2,"Vande Sompel, Mitchell",D,5,17.0,0.4367283131223429,-0.1119455620560387,0.3247827510663041,0.0649565502132608
561c6f7f-ceeb-36da-d6e4-f2586e2e8316,"Ostapchuk, Zack",C,23,79.0,1.7785524262361787,-0.3072490452892635,1.4713033809469152,0.0639697122150832
b460c5a3-506f-26e8-0bd1-3e354b96b1b5,"Sourdif, Justin",RW,17,56.0,1.477165784438886,-0.3902736106414132,1.0868921737974726,0.0639348337527925
f2566bc6-bfea-c074-e304-be4d0e8006e2,"Kambeitz, Dino",RW,3,,0.057037190268457,0.1344115018844604,0.1914486921529175,0.0638162307176391
a811daaa-9356-2318-9e10-11e1e2dea90f,"Gaunce, Cameron",D,10,26.0,0.4702372101391233,0.1565037596995502,0.6267409698386736,0.0626740969838673
251a2f59-76d1-290c-b7a1-729a090a8aaf,"Donovan, Matt",D,12,21.0,-0.0905608213090121,0.842037590987312,0.7514767696782999,0.0626230641398583
cb681adf-c005-f9ab-1da3-15257b4f1bdf,"Douglas, Curtis",C,9,47.0,0.4153287385151216,0.147931864205018,0.5632606027201396,0.0625845114133488
4f269c7a-99a5-bd2f-9bb8-5ffeec578d52,"Henriksson, Karl",C,12,43.0,0.7526003000783149,-0.0130408199821932,0.7395594800961216,0.0616299566746768
b0ca309f-321f-7119-6c17-cf1437cc9bd8,"Elynuik, Hudson",F,7,21.0,1.0788590530369802,-0.6516093807407217,0.4272496722962584,0.061035667470894
a55a9dc4-0d17-6c79-1200-0e6282e49b76,"True, Alexander",C,13,62.0,0.7977458951354878,-0.0178913265959245,0.7798545685395633,0.0599888129645817
de965666-84cc-36f5-8129-ad04ec59d185,"Heineman, Emil",LW,5,20.0,0.6854392809082683,-0.3899597213053801,0.2954795596028882,0.0590959119205776
9b65e913-a13d-a05b-9427-55f8feacc295,"Bitten, William",F,11,39.0,0.2705981597077669,0.3788689055762629,0.6494670652840298,0.0590424604803663
28fee7d1-3bbb-19df-abd4-2e0febaadcea,"McIsaac, Jared",D,6,16.0,0.0237124585137577,0.3299272835807051,0.3536397420944629,0.0589399570157438
5cee66d8-083a-7d7b-bf0f-b11fb30cbebb,"Tracey, Brayden",RW,14,50.0,1.424514699999806,-0.6001161856293844,0.8243985143704216,0.0588856081693158
8b41332b-b440-ce88-6f7c-1d51e70c4c6a,"Davies, Jeremy",D,11,30.0,0.3520836806969206,0.2819614640910384,0.6340451447879591,0.0576404677079962
8682f8c1-304a-51d9-6663-158ca58fa6c9,"Didier, Josiah",D,10,18.0,0.0244097450252165,0.5351554703911462,0.5595652154163627,0.0559565215416362
91ecbdb7-a405-57e1-23d6-910efcb6de2a,"Butler, Cameron",RW,14,56.0,0.6920757834369293,0.0912724486574409,0.7833482320943703,0.0559534451495978
2dc963e5-038d-5671-aa35-9c6e6edec835,"Brisson, Brendan",F,19,90.0,0.7437118809155572,0.2939493587731107,1.037661239688668,0.0546137494572983
f2e05df5-d44c-ae54-40b6-64ec7d896201,"Haman Aktell, Hardy",D,8,18.0,0.2726158028750747,0.1635370359277374,0.4361528388028121,0.0545191048503515
815dbceb-8111-3b17-f4aa-3b5c7a6c0c43,"Coghlan, Dylan",D,9,34.0,-0.0871303760342794,0.5741852768171906,0.4870549007829111,0.0541172111981012
e8165ae5-3c31-795b-1801-ef1618fd451f,"Hollowell, Mac",D,10,24.0,0.3096336794994909,0.2252333857514151,0.534867065250906,0.0534867065250906
44ad96dc-c0b6-9c77-310a-42c86826d41a,"Cormier, Lukas",D,10,27.0,0.2676315012608251,0.2672324458910635,0.5348639471518886,0.0534863947151888
3368d715-4eb3-12ac-5ca3-637be728e649,"Comtois, Maxime",F,10,52.0,0.0404950301453607,0.4860466066135982,0.526541636758959,0.0526541636758959
4140108e-fd7c-f6c9-17ed-54d6cb083bb4,"Clifford, Kyle",LW,9,30.0,0.5724444785246947,-0.1106040138812,0.4618404646434947,0.0513156071826105
e32c54a9-ee8c-8682-2ead-a00fcc67c40f,"Mete, Victor",D,13,27.0,-0.2284898690310812,0.8904867826253445,0.6619969135942634,0.050922839507251
bc0c9735-bac9-f48e-c06b-01df0bfd052a,"Truchon-Viel, Jeffrey",LW,13,44.0,0.732588793478212,-0.0718524243554931,0.6607363691227189,0.0508258745479014
4784e648-7a45-84cb-e5d5-3e5a6ba04f7c,"Aube-Kubel, Nicolas",RW,2,7.0,0.267691135954408,-0.166220474896763,0.101470661057645,0.0507353305288225
bcfc449f-d442-64d4-e387-32dabfcda765,"DiLiberatore, Peter",D,5,18.0,0.1546001155391849,0.099004106192399,0.2536042217315839,0.0507208443463167
cf9158fc-30e9-680c-b9e5-b65717e1e000,"Czarnik, Austin",C,8,28.0,0.2653972049492868,0.1403249571688735,0.4057221621181603,0.05071527026477
2cb7c2e9-6da3-f835-9636-f6c67c6c362e,"Lajoie, Maxime",D,8,23.0,0.1373867800164517,0.2610096147985938,0.3983963948150456,0.0497995493518807
17494d44-9ff1-9cf3-5f99-cc754342c12f,"Bishop, Clark",C,11,50.0,-0.2819816076554933,0.8283936543539249,0.5464120466984316,0.0496738224271301
69c1e284-b220-e453-250a-66413a82618e,"Studenic, Marian",LW,12,55.0,0.6960185334199631,-0.1157506142643707,0.5802679191555924,0.0483556599296327
7f835c52-5af6-f4e1-eff4-ebe21be0a4bb,"Denisenko, Grigori",F,13,50.0,0.7323078852138961,-0.1161774856715346,0.6161303995423615,0.0473946461186431
8d804f94-929c-61f0-d793-406c27b0f3f5,"Johansson, Filip",D,14,28.0,-0.1709718735186765,0.8233871288356437,0.6524152553169671,0.0466010896654976
4b99d7b8-d6b5-992f-cfee-3024717ea00e,"Polin, Jason",F,5,15.0,0.2600063730604119,-0.0271365502957963,0.2328698227646155,0.0465739645529231
a6be81da-fbf0-100c-170a-9db635d86749,"Morelli, Mason",F,20,98.0,1.870788777247284,-0.9681227349394816,0.9026660423078026,0.0451333021153901
af933b87-4f83-feaa-feff-6f90363db186,"Sabourin, Scott",F,12,44.0,0.1593573844271242,0.3766739438365287,0.536031328263653,0.0446692773553044
8c885fad-a1cf-d44e-ff3c-1975721abdbc,"DeSimone, Nick",D,2,6.0,0.1015528701212804,-0.012544489263267,0.0890083808580133,0.0445041904290066
001f8fd1-bc74-2cc8-3e59-09a02532c938,"Nesterenko, Nikita",C,15,59.0,1.044689564898499,-0.3796599798482631,0.6650295850502359,0.0443353056700157
a2e5ba9a-a3d2-3c36-25f5-6b71426f884d,"Kuhlman, Karson",RW,11,51.0,-0.0409175359089605,0.5282110908897983,0.4872935549808377,0.044299414089167
9bb10472-226c-b81a-f090-f474f37bf428,"LaDue, Paul",D,6,18.0,0.0163741952096133,0.2482467309600243,0.2646209261696376,0.0441034876949396
5d03b81f-67cb-341f-bd17-e8a0a6527423,"Hunt, Brad",D,15,43.0,0.5517486812808662,0.1031666059562186,0.6549152872370848,0.0436610191491389
4772aa22-208f-44a0-8e47-0029da368b48,"Kasper, Marco",C,24,88.0,0.819341290436257,0.2216901577432617,1.0410314481795186,0.0433763103408132
8d839886-a557-ba77-cbae-bc2af117408e,"Teasdale, Joel",LW,14,53.0,0.9161459327237368,-0.3111765030381258,0.604969429685611,0.0432121021204007
cb889642-eedd-496a-9c02-563f569c6359,"Roos, Filip",D,11,39.0,0.1396089871049508,0.3260597521217565,0.4656687392267074,0.0423335217478824
9deea627-59bf-c37e-d041-5160edc3ac73,"Boqvist, Jesper",C,7,46.0,0.4179806493145045,-0.1216919176583655,0.296288731656139,0.0423269616651627
fd49836f-d5af-212e-d04d-32c44ef24a8e,"Sykora, Adam",F,15,50.0,0.1895727246403353,0.4377844954151034,0.6273572200554388,0.0418238146703625
e88acb6b-d5da-6c45-42b6-b77998c3203f,"Rousek, Lukas",RW,5,24.0,0.0676136055254689,0.1396345065018542,0.2072481120273231,0.0414496224054646
533724e1-ab7f-8b95-8049-65aba9809721,"Ness, Aaron",D,10,20.0,0.2755031567338822,0.1357002751480361,0.4112034318819183,0.0411203431881918
a385df53-a241-ed83-c64f-34d4b4da77da,"Roy, Joshua",LW,8,32.0,0.5021534961335206,-0.1735426292928372,0.3286108668406833,0.0410763583550854
fc27738e-0887-ed94-4db2-89b7229b368c,"Barron, Travis",LW,13,66.0,0.7904068788981313,-0.261563878137294,0.5288430007608373,0.0406802308277567
12845e0c-fc7d-d76a-f026-bb69d8aad07e,"De Leo, Chase",LW,15,52.0,-0.4836667555492736,1.076597741875116,0.5929309863258425,0.0395287324217228
2b318d4d-2e7b-6d8c-98a7-7d85c71436c5,"Walker, Sammy",F,19,72.0,1.0747041508710862,-0.3240072558309277,0.7506968950401585,0.0395103628968504
97bce0c4-5f30-32b1-ab97-83c174303222,"Misyul, Daniil",D,9,20.0,-0.1076853561560257,0.4616613181730692,0.3539759620170434,0.0393306624463381
65c9be45-0771-6bcb-0263-5b74fc8423af,"Carrick, Trevor",D,15,31.0,0.2337642784757067,0.3548763218484627,0.5886406003241693,0.0392427066882779
9108f109-2f27-6e12-5e0a-b692517acf4c,"Carrick, Connor",D,17,40.0,0.0151754179427217,0.6274863720509712,0.6426617899936931,0.0378036347055113
9fe70024-cd66-80eb-aa49-5618b43fa865,"Knyzhov, Nikolai",D,4,13.0,0.3299635845400769,-0.1812912595319376,0.1486723250081393,0.0371680812520348
d5313105-925e-e8bd-e752-74e47b2ca328,"Robertson, Matthew",D,14,24.0,0.1956438456638504,0.3220495979310452,0.5176934435948957,0.0369781031139211
6110cbf6-1606-3431-643c-78b0e035f5ff,"Gawdin, Glenn",F,23,86.0,0.9956211875445504,-0.1476636350157542,0.8479575525287962,0.036867719675165
d9cf213c-8aa3-ec29-2aa1-29c82ed7d5bb,"Raty, Aku",RW,18,82.0,0.1410847705161289,0.4990035690211343,0.6400883395372632,0.0355604633076257
cb8a6b8b-c5a6-4bfe-10b7-15c784b83a7d,"Bjork, Marcus",D,11,36.0,0.4721662064500079,-0.0858279879806991,0.3863382184693088,0.0351216562244826
6702a3ca-377e-db75-149b-2621c1febba3,"Belzile, Alex",F,14,51.0,0.6467512148341468,-0.1597053785395154,0.4870458362946314,0.0347889883067593
f7bf7586-8882-91c7-304d-4b970c52c9d5,"Larsson, Jacob",D,17,36.0,0.415315834809317,0.1755951583656164,0.5909109931749335,0.0347594701867607
1f7d541e-c817-b5ca-47db-11dc426dc74f,"Fleury, Haydn",D,1,3.0,0.1300354873720309,-0.0955471163447787,0.0344883710272521,0.0344883710272521
955da2f1-7e1c-2664-a321-5bb6d9f549bd,"Mukhamadullin, Shakir",D,14,35.0,0.3273819317462162,0.1549330692246261,0.4823150009708424,0.0344510714979173
675635e1-14fe-6bdd-0302-1323e92737eb,"Guttman, Cole",C,6,26.0,0.0801803542941928,0.1262529110117491,0.206433265305942,0.034405544217657
5a453d9b-d3e9-d3cf-af18-be043e9650b3,"Rempal, Sheldon",F,8,35.0,0.8404287112815283,-0.568953227548634,0.2714754837328943,0.0339344354666117
65195a5e-8639-a163-d566-03adc8582060,"Tuomisto, Antti",D,11,26.0,0.0202693380809331,0.347051754851678,0.3673210929326112,0.0333928266302373
b7040b98-e0ad-fc0e-361b-5bbecc555942,"Evans, Ryker",D,7,13.0,0.1502201992960541,0.0827062623293664,0.2329264616254206,0.0332752088036315
b1af8af7-bec4-8140-315c-a328ad668097,"Livingstone, Jake",D,12,29.0,0.356939001360594,0.0395070585304468,0.3964460598910408,0.0330371716575867
e64fc75f-ab07-a14e-a0ae-46ea4a5afc54,"Duszak, Joseph",D,12,34.0,0.3179920923040559,0.0599306444107999,0.3779227367148559,0.0314935613929046
54a93710-8748-9bc6-3c84-913918590be7,"Snively, Joe",LW,10,34.0,0.4754048582445035,-0.1608084661326462,0.3145963921118573,0.0314596392111857
8f7c6f8d-3bdb-a0bb-1ec6-89d287eacff5,"Lambert, Brad",F,15,59.0,0.2000180781650651,0.2711619439272271,0.4711800220922923,0.0314120014728194
45600aff-c442-b856-6e9a-ae22ed437997,"Attard, Ronald",D,11,42.0,0.1832465545567793,0.1578798086840974,0.3411263632408768,0.0310114875673524
f6d8202b-236b-bc18-e141-f14240c3c246,"Schaefer, Reid",LW,2,,0.0775695686009328,-0.0166037738323211,0.0609657947686116,0.0304828973843058
49d42dd2-3278-16e3-d4fd-22c863adfade,"Svechkov, Fyodor",C,2,,0.0775695686009328,-0.0166037738323211,0.0609657947686116,0.0304828973843058
c9830dad-b858-24e2-28af-9755c724d0c9,"Seminoff, Matthew",F,2,,0.0265652511980931,0.0344005435705184,0.0609657947686116,0.0304828973843058
5baf9274-110b-c144-384d-72f5733f935d,"Rassell, Mark",LW,2,,0.0265652511980931,0.0344005435705184,0.0609657947686116,0.0304828973843058
df12ad2d-04ed-754c-05a4-f9c7cfef7a32,"Gaucher, Jacob",F,2,,0.1054102425244252,-0.0444444477558136,0.0609657947686116,0.0304828973843058
89496936-17db-d59b-7685-79638c1412b6,"Samson, Ethan",D,2,,0.1054102425244252,-0.0444444477558136,0.0609657947686116,0.0304828973843058
b5213912-a849-6bc0-e07c-2b66d599713e,"Dean, Zachary",F,11,38.0,0.3062177827500102,0.0191458939469513,0.3253636766969616,0.0295785160633601
0f5d506b-581b-3d01-5aaf-a5b5d36bdfab,"Rosen, Calle",D,16,34.0,0.0056597392847942,0.4672618753248307,0.472921614609625,0.0295576009131015
d7d794dc-6f3b-8c9c-7614-23859008aea2,"Gross, Jordan",D,4,7.0,0.0988375632431905,0.0187975045468746,0.1176350677900651,0.0294087669475162
3009ca76-0ff6-9da5-c8b6-6fd357f7a7e1,"McLaughlin, Marc",F,23,80.0,0.2766060823028526,0.399497588117875,0.6761036704207277,0.0293958117574229
f1937835-c76d-d8c7-30ed-20c1c5ef0297,"Stephens, Devante",D,9,18.0,0.3096067360274286,-0.050787300002044,0.2588194360253846,0.0287577151139316
0d3d8f91-b7fc-3d13-09dd-0e51c390ed6f,"Crotty, Cameron",D,9,29.0,0.4589885482927216,-0.2006768393025053,0.2583117089902162,0.0287013009989129
9bfe9ddc-4b06-ca9d-ed9a-9fbda2f10d8b,"Kero, Tanner",C,11,60.0,-0.2448442312216051,0.5532838001063451,0.30843956888474,0.0280399608077036
a792d2b1-ce98-c030-e583-39536e721171,"Clarke, Graeme",F,22,83.0,0.398422843393677,0.2150307187269531,0.6134535621206301,0.027884252823665
b9289963-36ff-72f3-2e0f-5d1c271974dc,"Gruden, Jonathan",C,11,55.0,0.3218047467758886,-0.0192274495119431,0.3025772972639455,0.027507027023995
b275b038-e474-6565-4b4b-a2265fec696a,"Irwin, Matt",D,11,29.0,0.2223757440346132,0.0672285870123969,0.2896043310470102,0.0263276664588191
aac0832e-8972-5a3d-7f15-1ac5c9e80727,"Shaw, Logan",F,16,62.0,0.233646963605867,0.1810936234320244,0.4147405870378914,0.0259212866898682
efe32eee-dd5c-b72b-7da9-d193d8e04efc,"Klapka, Adam",RW,16,54.0,1.1591399504267434,-0.7704012620736441,0.3887386883530993,0.0242961680220687
585986b6-3712-2c35-2fca-81686469bf23,"Allison, Wade",F,18,87.0,1.1327440546044465,-0.6957894758307743,0.4369545787736721,0.0242752543763151
7198f83d-2f1a-fa7f-fa4c-a2119e877247,"St. Ivany, Jack",D,6,8.0,0.4819818831377406,-0.338725848056672,0.1432560350810686,0.0238760058468447
2b27457e-ba5c-020f-4ac8-e29e3726f8fb,"Lukosevicius, Jarid",RW,1,4.0,-0.0607738447950879,0.0842455220742481,0.0234716772791601,0.0234716772791601
d8fed174-fcfd-8e02-be75-ae2b239ab2cd,"Green, Alex",D,6,17.0,-0.2211163695131231,0.3573010097442991,0.136184640231176,0.0226974400385293
fc414242-12e8-6043-d405-65eef24051c1,"Olausson, Oskar",F,12,40.0,-0.0339608656731476,0.3047342776148792,0.2707734119417316,0.0225644509951443
2edb2923-a2c9-13d1-fa88-d6659c99b38e,"Malott, Jeff",LW,14,67.0,0.1520971285590105,0.1575318128671006,0.3096289414261112,0.0221163529590079
8442a8c0-dd62-152e-c0ce-60870675dd26,"Wanner, Maximus",D,2,,0.0177066051736624,0.0258799139410257,0.0435865191146881,0.021793259557344
f6385516-0e06-82f5-5e29-9d38bdbb771a,"Blankenburg, Nick",D,6,12.0,0.4030976227690326,-0.274301732760128,0.1287958900089046,0.0214659816681507
8885b7bb-ab37-274e-de67-e4e0cb571d11,"Farinacci, John",C,13,48.0,-0.2137845752064759,0.4854697566516483,0.2716851814451723,0.0208988601111671
e5676b25-a8f8-2cb6-6c4b-c0a127f7d5a6,"Niemelainen, Markus",D,3,3.0,0.0154512398862981,0.0466991879939102,0.0621504278802084,0.0207168092934028
cfba3301-eead-3014-a5aa-d4daa9cf5d3b,"Cajkovic, Maxim",F,2,7.0,0.2654861723544106,-0.2249725026442449,0.0405136697101657,0.0202568348550828
6619f4e6-237f-7851-e50f-2f41769d8604,"Belpedio, Louie",D,10,21.0,0.0443296432543961,0.1564834446801873,0.2008130879345835,0.0200813087934583
42e3b869-a651-df12-3291-53f0f3320501,"Gettinger, Timothy",LW,12,51.0,-0.3047580227322793,0.5400637812254756,0.2353057584931963,0.0196088132077663
db07a598-848d-2552-6cca-9e1ecaa9fd45,"Kent Elson, Turner",F,5,25.0,-0.0993313461847947,0.1970628763448889,0.0977315301600942,0.0195463060320188
41628483-4877-7355-2278-bf4aca0a7017,"Teply, Michal",F,20,70.0,0.6934383608347131,-0.3029210334263328,0.3905173274083803,0.019525866370419
987b6366-d0e8-ced6-e37d-95f8ca177630,"Carlsson, Lucas",D,12,28.0,0.2571861612915317,-0.0276874536807858,0.2294987076107459,0.0191248923008954
623d5826-500c-1a77-1262-248a6f10c0f5,"Hoefenmayer, Noel",D,4,10.0,-0.0594456087773989,0.1357407467291235,0.0762951379517246,0.0190737844879311
9123cf74-4ebf-4134-8942-ac14445c836b,"Todd, Nathan",F,14,43.0,0.947431192754482,-0.6809733398499125,0.2664578529045696,0.0190327037788978
d5cbd975-fd60-baee-98cf-7ef20bd4859f,"Gauthier, Julien",RW,4,9.0,-0.0570843286116717,0.1322200024928247,0.0751356738811529,0.0187839184702882
2bac8c42-d730-5703-9583-b7cebb96c736,"Thrun, Henry",D,3,6.0,0.1117289469070977,-0.0554570066200926,0.056271940287005,0.0187573134290016
be354b10-f08f-a5cc-f750-17e7354be6d4,"Pitlick, Tyler",F,2,6.0,-0.052651304206924,0.0896916834756303,0.0370403792687063,0.0185201896343531
015f554a-21c0-99bc-0a31-a176810b40c6,"Shine, Dominik",RW,12,51.0,0.0625187083785684,0.1587384991206759,0.2212572074992444,0.018438100624937
b12fdd9e-316f-4faf-3cac-069ae626093c,"Kinnunen, Santtu",D,12,23.0,0.4278043687371173,-0.2072983126059149,0.2205060561312024,0.0183755046776002
b1e9d040-a917-bccd-657f-2da715dce2a5,"Madden, Tyler",F,19,88.0,0.9112481253090846,-0.5642852020070496,0.346962923302035,0.0182612064895807
1d2778e0-9709-3b32-491b-3b3f32c7bb09,"Gignac, Brandon",C,11,41.0,0.4655513286151815,-0.2663572786640946,0.1991940499510869,0.0181085499955533
41273737-16e3-50f4-d08a-03a1fc11edf5,"Bourque, Mavrik",C,13,44.0,-0.1526193418429544,0.3879595764138304,0.235340234570876,0.0181030949669904
a89675de-e91c-1bde-8b0b-ba8780b2295c,"Brazeau, Justin",RW,12,44.0,0.5230762334619973,-0.3059287030259944,0.2171475304360028,0.0180956275363335
a0c15a5d-c635-d29e-06a4-421921529350,"Dunne, Josh",C,11,43.0,0.0861529797518059,0.1099886687949185,0.1961416485467245,0.0178310589587931
eeb9d4d1-0d23-550d-2796-42a09d440711,"Pouliot, Derrick",D,10,23.0,-0.0428047807853998,0.2134531427813548,0.170648361995955,0.0170648361995955
d163f9d0-a5ca-a57a-ab12-4e96fc510ae2,"Rathbone, Jack",D,13,31.0,0.532830774638726,-0.3113155385952497,0.2215152360434762,0.0170396335418058
5e597523-3951-4de6-6d47-6d3fe982366b,"Schneider, Cole",F,8,16.0,0.089861323353922,0.0459682274161722,0.1358295507700943,0.0169786938462617
19c643ff-fb68-0999-d76d-840158053e4a,"Doty, Jacob",F,11,46.0,0.7186027853124703,-0.53752649152451,0.1810762937879603,0.0164614812534509
06aa1b16-e3ee-cce4-0a42-b0f70600c477,"Laberge, Samuel",LW,18,67.0,0.0213364001006741,0.2716997254915727,0.2930361255922468,0.0162797847551248
e1386a3b-c1fb-9641-bb06-7ba06bb4d88c,"Caggiula, Drake",LW,10,32.0,0.2458213411009304,-0.0841948092677175,0.1616265318332128,0.0161626531833212
1f87233d-cd1d-1ebf-d866-e777d5b45092,"Edstrom, Adam",C,11,38.0,0.0542774266745722,0.1215476093203144,0.1758250359948867,0.0159840941813533
1b0ec3d0-fbd0-112f-f859-6c6696f55dee,"Beckman, Adam",LW,19,79.0,0.2645122909672673,0.0382508747797312,0.3027631657469985,0.0159349034603683
05d1d579-7092-686f-82ea-789112b87f0f,"Steeves, Alex",C,13,60.0,1.0038793085722817,-0.7970779565490524,0.206801352023229,0.0159077963094791
34f46eb8-532d-889d-33f8-51b226bd083d,"Vecchione, Mike",F,10,31.0,0.7983304199140353,-0.6400700351418942,0.1582603847721411,0.0158260384772141
47e6d280-b60f-6e84-96d8-a374b5a662a6,"Norlinder, Mattias",D,7,19.0,0.069655468985216,0.0406358129654593,0.1102912819506754,0.015755897421525
6c3c93f5-8e6b-ecc2-be4b-8d7a1788438f,"Kalynuk, Wyatt",D,7,13.0,-0.1101633716419639,0.2194517858422656,0.1092884142003016,0.015612630600043
3cfc8139-e81a-8949-e3fc-0a6728b63ab3,"Washkurak, Keean",LW,8,32.0,0.5185563666802387,-0.3962677629479283,0.1222886037323103,0.0152860754665387
3a10f482-4800-bee5-3045-86b128ec6420,"Rempe, Matthew",C,12,54.0,0.4839921767409161,-0.3070788273674077,0.1769133493735084,0.014742779114459
4a330c37-6650-01f9-b5c3-76e54ed5a565,"Blumel, Matej",F,14,65.0,-0.4747762775326092,0.6808253132394171,0.2060490357068078,0.0147177882647719
4447229a-e693-b7a3-6bbe-f464ae9917c4,"Pyyhtia, Mikael",LW,17,71.0,0.513865936298485,-0.268298672936001,0.2455672633624839,0.0144451331389696
58783cc8-82b3-f9f3-fcf1-fec74713086f,"Soderstrom, Victor",D,18,47.0,0.1516840408892339,0.0962797893953421,0.247963830284576,0.0137757683491431
cdc94907-804c-5cef-ce85-830a04ee6718,"Hickey, Brandon",D,5,13.0,0.297724402428034,-0.2295550389376538,0.0681693634903801,0.013633872698076
6e63d926-1cb1-c092-8a03-de277ae4bf98,"Priskie, Chase",D,15,22.0,0.3779124130535164,-0.1846029502605096,0.1933094627930068,0.0128872975195337
fc2fdeb8-f765-d874-c079-e534fe36e8a2,"Hillman, Blake",D,4,6.0,0.0876945912937673,-0.0363289587713784,0.0513656325223889,0.0128414081305972
c05db9ee-e2c8-5bba-3a20-cee81b8b04c1,"Butcher, Will",D,6,14.0,-0.0732610547916895,0.1451306891950237,0.0718696344033342,0.0119782724005557
b8541c9c-40ff-8902-1a40-af7c2916bfaa,"Geertsen, Mason",LW,7,36.0,0.4718318500534842,-0.3973552314562843,0.0744766185971999,0.0106395169424571
b8a27cdb-ea33-924d-f963-724d7c48d713,"Mayo, Dysin",D,11,22.0,-0.0412802029063502,0.1538486284623069,0.1125684255559567,0.0102334932323597
a8b58f4d-a821-d7b0-b74e-f537ad471336,"Sautner, Ashton",D,8,27.0,-0.0452156844615715,0.1257254161921148,0.0805097317305433,0.0100637164663179
7a213ae8-292c-bc7f-83dd-7b14bdcadde1,"Berggren, Jonatan",RW,11,31.0,-0.4642949604508326,0.5722801544857055,0.1079851940348728,0.009816835821352
8f7dc0f4-ca8a-10e4-040e-574cba9e71b1,"Drew, Hunter",RW,9,48.0,0.1599910812343654,-0.0722806802554694,0.087710400978896,0.0097456001087662
7b2af16f-2fcd-866c-38c3-e85484494645,"Del Mastro, Ethan",D,12,27.0,0.3184596713254641,-0.2015559618562111,0.1169037094692529,0.0097419757891044
c8f5ce37-256b-6dba-d068-eccc978959b9,"White, Colton",D,7,14.0,0.1731963566610407,-0.1179097752198977,0.0552865814411429,0.0078980830630204
4eecd58b-a888-e165-9a1a-0d284825ae25,"Kulich, Jiri",C,11,34.0,-0.2067376029210299,0.2893818200506149,0.0826442171295849,0.007513110648144
6815a801-6584-a22a-0db0-2dc6e23d8928,"Capobianco, Kyle",D,10,46.0,0.4343499369344701,-0.3593913784985176,0.0749585584359524,0.0074958558435952
06813969-3aca-1417-ec01-0de8fb823a64,"Benson, Tyler",RW,4,21.0,0.1526851290829148,-0.1232069730494341,0.0294781560334806,0.0073695390083701
a642a014-b17e-3674-5214-a0c41b7836ba,"Mayhew, Gerald",C,11,35.0,0.0416622580048259,0.039196404932026,0.080858662936852,0.0073507875397138
963e7b7e-ada7-34b2-b447-eebe01c946c0,"Mitchell, Ian",D,13,39.0,0.1852832885692177,-0.0899459204620518,0.0953373681071658,0.0073336437005512
00afeab4-d457-7723-e196-9e398fbc4498,"Bailey, Justin",F,3,5.0,0.2461324127454048,-0.2251843394733806,0.0209480732720242,0.0069826910906747
23976a10-6bbf-0e35-6025-abd653ad2dd6,"Raty, Aatu",C,22,103.0,-1.042165714186472,1.1849209640136873,0.1427552498272153,0.0064888749921461
3e10ec46-6aa6-2444-d4b2-c9c1fde3004e,"Hayes, Avery",RW,8,34.0,0.7323067496760204,-0.684447765452412,0.0478589842236083,0.005982373027951
f6ab9da2-4084-7236-c988-3ab4e0f7db49,"Johnson, Kent",C,4,14.0,0.0235546843205083,-0.0004434228334276,0.0231112614870806,0.0057778153717701
e2268782-d1cd-c267-e7ab-c1fd76d2e34f,"Connauton, Kevin",D,16,41.0,0.2279397265748692,-0.1411407761583999,0.0867989504164692,0.0054249344010293
c2ac142e-72a6-58c2-9f0a-acc2ae622a90,"Agozzino, Andrew",C,14,50.0,0.5554308442575051,-0.481615122831069,0.0738157214264361,0.0052725515304597
0ce6b03a-1c53-674c-856d-df3b6dbfd50d,"O'Reilly, Cal",C,20,86.0,-0.0137810252937774,0.1044306827017724,0.090649657407995,0.0045324828703997
bc22e636-a3aa-30c6-baab-dbd6d5403b03,"Lindblom, Oskar",LW,8,32.0,-0.273494644634483,0.3076072813122205,0.0341126366777374,0.0042640795847171
596db0b3-b0e7-ce8e-41f6-7008175ce45c,"Gust, David",F,21,96.0,-0.264373147985372,0.3517818187317848,0.0874086707464128,0.004162317654591
a855a24c-10d7-480c-5f02-f40cacd514f9,"Luff, Matt",RW,9,37.0,0.0440539360229278,-0.0078015357571936,0.0362524002657342,0.0040280444739704
2864d29b-c2b5-a160-af4f-33bd2c5150ac,"Moberg, Cole",D,1,1.0,0.0,0.00390738623213,0.00390738623213,0.00390738623213
67e1e8ce-d6e8-927b-8a0f-0eaf39b35fc6,"Pinho, Brian",F,13,50.0,0.2690613309115581,-0.2189118901260385,0.0501494407855196,0.0038576492911938
f6efd579-5ea6-2224-2dac-5197e2f9090c,"Myers, Philippe",D,18,39.0,-0.4868150919910881,0.5555088364849151,0.0686937444938269,0.0038163191385459
47e607eb-374a-751f-1987-8f08b7f86fbe,"Ahac, Layton",D,8,17.0,0.0210975721760295,0.002534036962818,0.0236316091388476,0.0029539511423559
ca8bc734-74c0-cc3e-db09-72ea657f75e2,"Clague, Kale",D,6,13.0,-0.1746268014830182,0.1902199377988063,0.015593136315788,0.0025988560526313
11ae7263-a7e4-4c1e-e2c2-45387d3e3070,"Nousiainen, Kim",D,11,19.0,0.0320487115517627,-0.0037117398387539,0.0283369717130088,0.0025760883375462
5cfb433e-f489-5965-e0f1-6ccb5d7a2b2c,"Nikkanen, Henri",C,13,46.0,0.1816192052593763,-0.1531317477556386,0.0284874575037377,0.0021913428849029
3c2ab360-a121-0ed0-f646-981b7b371eda,"Gleason, Benjamin",D,9,17.0,-0.0459707321664883,0.0619101056891228,0.0159393735226344,0.0017710415025149
d06b76a3-3d86-0789-4ece-8c2bbb8dac2a,"Bischoff, Jake",D,11,34.0,0.1630721867052273,-0.1458894043563118,0.0171827823489154,0.0015620711226286
8750d372-0576-0fce-74d6-1a871d154ade,"Renouf, Dan",D,10,25.0,-0.122613344114626,0.1381527143727821,0.015539370258156,0.0015539370258156
5d869c26-9a71-e900-832f-2f3b45e7471c,"Lohrei, Mason",D,5,12.0,0.0652468901078106,-0.0577367882355419,0.0075101018722687,0.0015020203744537
9ba734ab-eb7b-f21a-f8f4-737e7fd707b8,"Desnoyers, Elliot",LW,11,42.0,-0.0821057766077491,0.0980688983090881,0.0159631217013389,0.0014511928819399
c25ea63f-011d-ce60-d969-b7d83cf526b1,"Jones, Ben",C,12,43.0,0.3560673810651784,-0.3462925237562923,0.0097748573088861,0.0008145714424071
f2bc8771-8044-2f22-b289-2e910a46dfce,"Heatherington, Dillon",D,7,17.0,0.0036116828745758,-0.0004131301794276,0.0031985526951482,0.0004569360993068
e687b686-2fb1-2fe6-dce2-df6b6c938539,"Ahcan, Jack",D,17,62.0,0.0762749390417449,-0.0692007064275582,0.0070742326141866,0.0004161313302462
805e3414-06c4-31b9-75fc-b1ca4a97ae2c,"Peters, Alexander",D,9,19.0,-0.1326585779246202,0.130127324371595,-0.0025312535530252,-0.0002812503947805
db323125-e53d-b2b8-277f-f2c91384f549,"Bowlby, Henry",LW,2,9.0,0.1137948163582285,-0.1145048009417989,-0.0007099845835703,-0.0003549922917851
6488121e-ed37-2c24-34b7-84a6b947486c,"Carroll, Joe",LW,9,35.0,-0.080356934848815,0.0768984131725705,-0.0034585216762444,-0.0003842801862493
9a673947-843b-c6fd-0b7e-35c0d46cf23f,"Sokolov, Yegor",F,16,73.0,0.4882196469544508,-0.5051906506502749,-0.016971003695824,-0.001060687730989
95faf17f-eeab-555e-2e51-7af990402dc6,"Samoskevich, Mackie",RW,20,66.0,1.0325171474789574,-1.0685608370026225,-0.0360436895236651,-0.0018021844761832
11147770-b835-0375-d510-285823af4af9,"Beaucage, Alex",RW,10,45.0,-0.0173097308578352,-0.0022431786876666,-0.0195529095455019,-0.0019552909545501
bba30af5-560c-b50d-0be3-319e7be45c4d,"Nash, Riley",F,7,26.0,-0.0690481034322464,0.0547390468831911,-0.0143090565490553,-0.0020441509355793
f5fcdc05-b825-c3c6-187d-b79bb81ea956,"Rosen, Isak",RW,14,58.0,0.1350848768837623,-0.1648287056493759,-0.0297438287656136,-0.0021245591975438
73819ce9-d8cf-b983-9994-bf279611d66f,"Hutton, Grant",D,6,11.0,0.0,-0.0130902889792461,-0.0130902889792461,-0.0021817148298743
e8fcf932-3019-3ccc-543b-67b8c8e584bb,"Petrovic, Alexander",D,10,24.0,0.1391696270662925,-0.1615039250265895,-0.022334297960297,-0.0022334297960297
e69dd394-c120-c096-00ba-2db135c0a1b1,"Dube, Pierrick",RW,11,31.0,0.0833159941963294,-0.1087917563192391,-0.0254757621229096,-0.0023159783748099
71bee4d1-8889-3ec6-e934-ef86eca81be9,"Walcott, Daniel",LW,17,59.0,-0.4703337278528409,0.4242608778599182,-0.0460728499929227,-0.0027101676466425
9f51a34c-54a1-ed9f-ac4a-2983803bd170,"Benning, Michael",D,3,,0.0581906459431053,-0.0667419537901878,-0.0085513078470824,-0.0028504359490274
dcfd5d40-4240-1426-b224-8da9ede17716,"Khodorenko, Patrick",C,3,,0.1059156215886475,-0.1144669294357299,-0.0085513078470824,-0.0028504359490274
f3bbce09-c265-0be1-5e2e-71431ffa9edc,"Gaucher, Nathan",C,3,,-0.0179792784948943,0.0094279706478118,-0.0085513078470824,-0.0028504359490274
3558373a-9473-802d-31f9-667a44e97b57,"Scanlin, Brandon",D,8,13.0,-0.2443304209706796,0.2179494364542895,-0.02638098451639,-0.0032976230645487
e83be427-c991-506c-5133-ca5f4a743e97,"Day, Sean",D,7,14.0,0.0254872940240851,-0.0520375354001451,-0.02655024137606,-0.0037928916251514
8b9a3cb8-fe56-bdee-92ab-9dd83fa15593,"Asplund, Rasmus",C,18,52.0,-0.6755096713545456,0.6021199202834471,-0.0733897510710985,-0.0040772083928388
1528eac5-8aa1-8745-fd3f-52cb7c35ab0d,"Seney, Brett",F,11,42.0,-0.2410803795572167,0.1933169831340264,-0.0477633964231903,-0.0043421269475627
5bd62585-fe76-88d0-45d7-8841bb9908ce,"McKeown, Roland",D,10,18.0,0.0260556757566075,-0.0706643153381126,-0.044608639581505,-0.0044608639581505
2e33542c-6735-7a9d-beb1-3911e384f921,"McDonough, Aidan",LW,11,41.0,0.0991037299231181,-0.1533322914631005,-0.0542285615399823,-0.0049298692309074
397ed1a1-984e-b4e0-ef52-0edc268d59bc,"Kessel, Matt",D,13,23.0,-0.0537049373637128,-0.0131440826406519,-0.0668490200043647,-0.005142232308028
262628d6-d96f-8dea-72e2-0aece98b7fff,"Brouillard, Nikolas",D,11,15.0,-0.0639766393667854,0.0073167154151708,-0.0566599239516146,-0.0051509021774195
47d857f2-7d2a-edfc-e1c5-73767c716a2f,"Sweezey, Billy",D,9,38.0,0.5426666914612586,-0.5932656829677919,-0.0505989915065333,-0.0056221101673925
9e0e0f1c-bcac-2b93-5f18-622924dfb131,"Gawanke, Leon",D,10,22.0,0.5634792933970089,-0.6201460248777079,-0.056666731480699,-0.0056666731480699
85ee3269-0c02-823e-7fe2-a1a0b0566cd7,"Chaffee, Mitchell",RW,7,37.0,0.165633835329655,-0.2086552646501863,-0.0430214293205313,-0.0061459184743616
62962656-a554-8ab3-7d7f-5669fa932604,"Goncalves, Gage",C,14,39.0,-0.1241276597220297,0.0357804377910596,-0.0883472219309701,-0.0063105158522121
d11d3df7-7ef8-fb46-8220-3f5604bec3b8,"Robinson, Eric",LW,6,18.0,-0.0126039367668379,-0.0256140097607217,-0.0382179465275596,-0.0063696577545932
2f0f6eea-d3b1-2226-ceaa-3779abcbff69,"Szuber, Maksymilian",D,11,22.0,0.0610632181830209,-0.1350200257613045,-0.0739568075782835,-0.0067233461434803
022e15e8-84c5-2103-7225-91ae7102aaa0,"Lysell, Fabian",RW,8,45.0,0.1365560069691712,-0.1911584980239617,-0.0546024910547904,-0.0068253113818488
6b15df6f-e4cb-a8f9-2f8f-1985efc31e8d,"Kubiak, Jeff",F,22,105.0,0.1588371602739609,-0.3198091123554463,-0.1609719520814853,-0.0073169069127947
befd7372-8a19-ca5a-c1db-88c82ad4500b,"Criscuolo, Kyle",C,16,63.0,0.4473267919525552,-0.5660334658993146,-0.1187066739467593,-0.0074191671216724
629d5563-2754-3120-3402-3b116164482f,"Bellows, Kieffer",LW,11,31.0,0.0892920947711684,-0.1752654541092137,-0.0859733593380453,-0.0078157599398223
42d8748f-fc64-ecc4-7d4b-36f4f690f0a6,"Malinski, Sam",D,11,34.0,0.1502607974558716,-0.2407993314397663,-0.0905385339838947,-0.0082307758167177
5f892ad5-e130-bc2e-c361-f6cfbd6bd692,"Malatesta, James",LW,12,46.0,0.0090168309737347,-0.10789046498961,-0.0988736340158753,-0.0082394695013229
1651abe9-2976-0545-0d54-345324506c9f,"Johnson, Ryan",D,6,11.0,-0.0874180859440897,0.0368255446356855,-0.0505925413084041,-0.0084320902180673
e3640c9a-f167-a9fb-5b42-88d88654fe8a,"Lind, Kole",F,8,26.0,0.1142236267430691,-0.1819748844327069,-0.0677512576896378,-0.0084689072112047
aa62c9e1-6b63-f21c-d006-de303c37b321,"Grubbe, Jayden",C,3,,-0.0909839097650298,0.0650533262640237,-0.025930583501006,-0.0086435278336686
9daae941-4f95-c94c-baf7-a520ad42785f,"Iskhakov, Ruslan",F,23,97.0,0.4590470397939319,-0.6659768318428748,-0.2069297920489429,-0.0089969474803888
62266127-46c0-5420-5d10-5a6068de1b5d,"Lockwood, Will",F,8,27.0,0.5051817302751312,-0.5777594029301246,-0.0725776726549933,-0.0090722090818741
7356658c-38e1-ed2f-84ec-a3abbaceff57,"MacEachern, MacKenzie",LW,11,41.0,0.1118428305730429,-0.2129644293325127,-0.1011215987594698,-0.0091928726144972
0af3f2e3-7646-a092-4313-a467ee77fcdd,"Hunt, Daemon",D,10,27.0,-0.009279515402129,-0.0840701530754783,-0.0933496684776073,-0.0093349668477607
f01abcfa-44e5-5d4c-df7c-876f3b8011d1,"Bordeleau, Thomas",F,5,15.0,0.0025390057589159,-0.0494726722808185,-0.0469336665219026,-0.0093867333043805
6b02137d-510a-65ed-24a8-c60dffebc9f3,"Giroux, Damien",C,6,24.0,0.0240279563291849,-0.0810397754098912,-0.0570118190807063,-0.0095019698467843
58ff86bf-e659-f9dc-3f5f-6a51741e47ab,"Zohorna, Radim",C,6,30.0,-0.2368623031046188,0.1789119604236144,-0.0579503426810044,-0.009658390446834
a4d2e13f-2638-0209-d549-144462a538a9,"Russo, Robbie",D,12,36.0,0.3212126695093567,-0.4385032425757355,-0.1172905730663787,-0.0097742144221982
4d3e2b74-879a-b997-e31f-715ee7403cb7,"Mersch, Michael",RW,16,55.0,0.1483963980431493,-0.308027133260805,-0.1596307352176557,-0.0099769209511034
bf2ac865-06ab-adb3-95eb-a4d80117aee8,"Schuldt, Jimmy",D,14,31.0,0.092766447447507,-0.2397896384082356,-0.1470231909607285,-0.0105016564971948
eae1ab79-80df-8541-6b6a-a86ae9097d08,"Slaggert, Graham",C,12,47.0,0.0479594190221129,-0.1763435866122801,-0.1283841675901671,-0.0106986806325139
5d88c997-487b-2fcb-c49f-64757c86548e,"Dries, Sheldon",C,9,27.0,-0.1168842932302066,0.0202023734260023,-0.0966819198042042,-0.0107424355338004
add71ad9-21c0-6eb3-ed18-205596e41672,"Puustinen, Valtteri",RW,5,15.0,0.0078233020849588,-0.0642222590239559,-0.0563989569389971,-0.0112797913877994
ee172400-aed4-5013-4ad3-4a4798d72b3e,"Tynan, TJ",F,17,72.0,0.5064693430207811,-0.6996938266826129,-0.1932244836618318,-0.0113661460977548
5371f79b-fb56-50aa-237a-c28b6dbbd831,"Mendel, Griffin",D,4,11.0,0.2016953905739984,-0.2474441441553606,-0.0457487535813622,-0.0114371883953405
933793a1-349e-90c0-babf-a1dd14e6511f,"Hatakka, Santeri",D,7,23.0,0.0928694555743539,-0.1729893634048799,-0.0801199078305259,-0.0114457011186465
fb734863-ed94-8167-1f2c-039c70f6fed7,"Heinola, Ville",D,15,37.0,0.1133594181919061,-0.2947723134232581,-0.181412895231352,-0.0120941930154234
68279cec-5e6b-21a0-ab19-e021e0f21161,"Kampfer, Steven",D,11,52.0,0.046342368588067,-0.1849146073259816,-0.1385722387379145,-0.0125974762489013
81f67e82-04fb-7536-2181-669ac1247363,"MacLean, Kyle",C,8,27.0,0.4235901504833413,-0.5288982070873207,-0.1053080566039793,-0.0131635070754974
d1070fa3-193d-812d-061f-555825538779,"Poturalski, Andrew",F,8,35.0,-0.0768577756246687,-0.0300542236745808,-0.1069119992992495,-0.0133639999124061
65327d7e-6886-5ff4-3e14-b0a655b531a4,"Santini, Steven",D,10,21.0,-0.0375259173718473,-0.0977558533492204,-0.1352817707210678,-0.0135281770721067
066364b9-b235-6207-1061-3d0155cb2b66,"Smith, Ty",D,8,34.0,0.2145671924849751,-0.3229688561771678,-0.1084016636921927,-0.013550207961524
ecbd0ea2-3043-731c-3cbf-94053cd3f09b,"Callahan, Michael",D,12,33.0,-0.1224974423175419,-0.0413548012209873,-0.1638522435385292,-0.0136543536282107
55083278-5797-8647-ed4f-5deab1f4fb43,"Barron, Justin",D,7,13.0,-0.00856282657161,-0.0877033083432401,-0.0962661349148501,-0.0137523049878357
add3d394-1378-64cf-5d00-dc6027bcf5bd,"Slavin, Josiah",LW,20,78.0,-0.4127877573287287,0.1187264469390794,-0.2940613103896493,-0.0147030655194824
f689ab68-ff09-c472-b41e-9fe5260553a8,"Imama, Bokondji",LW,13,55.0,0.410909990617463,-0.6057890564214066,-0.1948790658039435,-0.0149906973695341
234b7ce2-888e-e9aa-4752-601f5b79ea81,"Walsh, Reilly",D,7,27.0,0.0814353291645238,-0.1870001435625736,-0.1055648143980497,-0.0150806877711499
8928e094-1450-a2f0-bb6f-6fd697d469c4,"Terry, Chris",F,12,47.0,-0.1174531781837863,-0.0687892878882875,-0.1862424660720738,-0.0155202055060061
ac8def35-7690-efa6-0e76-cb51ada82cf5,"Koivula, Otto",C,14,53.0,-0.134453442436666,-0.0905893450389914,-0.2250427874756575,-0.0160744848196898
c6548f66-32fe-d071-8807-3d92f9c63357,"Clurman, Nathan",D,7,18.0,-0.0153155856432241,-0.09791765405823,-0.1132332397014541,-0.0161761771002077
355acc16-c566-85e1-999f-aebfac4b68eb,"Wotherspoon, Tyler",D,12,26.0,-0.1159631291501825,-0.0827832247263827,-0.1987463538765652,-0.0165621961563804
f0eb7a58-4ead-3515-a883-490e844538f4,"Podkolzin, Vasily",RW,15,55.0,0.4870820545950118,-0.7386604920490363,-0.2515784374540244,-0.0167718958302682
8a45aeeb-45e5-0a8f-5837-39bccade3f72,"Phillips, Isaak",D,10,17.0,-0.0717796366238331,-0.096103515755842,-0.1678831523796751,-0.0167883152379675
83cfcd84-1391-c9fa-11b5-d3ec86ed5781,"Erne, Adam",LW,5,17.0,0.2384814752211863,-0.3228139281826712,-0.0843324529614848,-0.0168664905922969
7ded16cf-d2c8-7e4b-a0b6-edfdcf61afd0,"Friedman, Mark",D,2,2.0,0.0,-0.034407912833176,-0.034407912833176,-0.017203956416588
7f38f375-6f8b-a621-c862-3ae701f326c6,"Schueneman, Corey",D,12,40.0,-0.2342551189791787,0.0256821052869799,-0.2085730136921987,-0.0173810844743498
f7d87866-fb2a-6a94-5317-d30145102fef,"Meyer, Carson",RW,10,30.0,-0.4353740891883438,0.2596988165793551,-0.1756752726089887,-0.0175675272608988
cb92f717-6ee3-40c7-6ac2-daeb4eb54954,"Bains, Arshdeep",LW,17,73.0,0.292587310619849,-0.5955628893900952,-0.3029755787702461,-0.017822092868838
3d5bcc97-ee74-7ffb-a3c3-9bb7facf831f,"Kirkland, Justin",C,5,31.0,0.0362651577204712,-0.12750420744264,-0.0912390497221687,-0.0182478099444337
1d33070c-e556-fb1e-bc44-0073a18d3693,"Miller, Brenden",D,12,22.0,-0.1638763558656966,-0.0591463900880295,-0.2230227459537262,-0.0185852288294771
6c770e87-d5d7-763f-0cca-765dbe76e8ef,"Brodzinski, Jonny",C,4,16.0,-0.1637794900552646,0.0870343691877803,-0.0767451208674843,-0.019186280216871
18661cc1-b9d0-2e30-154e-9ae1b75e54e8,"Healey, Josh",D,8,18.0,-0.2845038524919256,0.1290724179296106,-0.1554314345623149,-0.0194289293202893
2622a685-e219-c5e7-e7f1-d413e86d75cc,"Pitlick, Rem",LW,8,43.0,-0.0279718834112497,-0.1303848810503426,-0.1583567644615924,-0.019794595557699
beb04132-9c13-08d6-e1fb-01fa5272d50c,"Kiviranta, Joel",LW,3,23.0,0.0066837844918865,-0.0667626663401845,-0.060078881848298,-0.0200262939494326
4a0e87a5-8802-a049-3d39-4dcf34e5a10c,"Johansen, Lucas",D,10,28.0,0.3992553225035304,-0.6040272524377948,-0.2047719299342643,-0.0204771929934264
6d2cb984-e1e6-a715-26d2-93a528bb379b,"Bjork, Anders",LW,9,50.0,-0.3153234905570012,0.1303402089049692,-0.184983281652032,-0.0205536979613368
24e877cf-3574-a5f2-8b07-8dbb117f561d,"Gravel, Kevin",D,7,14.0,0.1301466303863715,-0.2755780621436454,-0.1454314317572738,-0.0207759188224677
5c67bc38-5487-75fa-57e0-2d6811c164b6,"Galipeau, Olivier",D,10,34.0,0.1428195817482769,-0.3506567292817493,-0.2078371475334723,-0.0207837147533472
40f7ce41-67aa-9b1e-4629-14ea33e8799f,"Cates, Jackson",F,14,62.0,-0.1483586140236537,-0.1435542912692421,-0.2919129052928958,-0.0208509218066354
3bf23b92-9a1d-7c1c-38fc-d173028e1fca,"Fedun, Taylor",D,3,11.0,-0.0259447806535412,-0.0379728134958898,-0.0639175941494311,-0.021305864716477
ce6e3edf-e901-06ab-00b5-185583eeb8ae,"Ouellet, Xavier",D,4,6.0,-0.0270118047503878,-0.058445392643943,-0.0854571973943308,-0.0213642993485827
4e579c02-16bc-bac7-ced8-63eecf89a8b9,"Foote, Nolan",LW,2,3.0,0.0294634302689036,-0.0722103782850663,-0.0427469480161627,-0.0213734740080813
5d3ec04f-99d1-f8e7-920a-64e25e9453a6,"Lyle, Brady",D,13,21.0,-0.065199344690989,-0.2126853573616492,-0.2778847020526382,-0.0213757463117414
94c58fec-e597-77fa-ea7c-b64e8dec79d8,"Froese, Byron",F,8,32.0,0.0469971680426132,-0.218295710693358,-0.1712985426507447,-0.021412317831343
4b82112b-52bb-febc-3fbb-b51f3d1a7dd1,"Brind'Amour, Skyler",C,10,36.0,0.4261779462787337,-0.6454860833116784,-0.2193081370329447,-0.0219308137032944
a434fff2-8e1b-5bc6-1759-b545496778b5,"Edvinsson, Simon",D,8,18.0,-0.0101718974075323,-0.1735039259424899,-0.1836758233500223,-0.0229594779187527
86d443fb-d036-6a5f-adfe-abd2286c4a74,"Blandisi, Joseph",F,14,52.0,-0.1920769563024884,-0.1463102775621664,-0.3383872338646549,-0.0241705167046182
faf301b4-fa0d-303d-9cc5-6e5633143bc1,"Knazko, Samuel",D,6,16.0,-0.1430743896592865,-0.0048732514951066,-0.1479476411543932,-0.0246579401923988
3081fce7-ed01-b163-8b6f-08e12202de8f,"Wright, Shane",C,14,54.0,0.1622994186192023,-0.5101239682945379,-0.3478245496753355,-0.0248446106910953
efbd8365-7b4a-13f4-6a00-d77d11d64910,"Christiansen, Jake",D,15,39.0,-0.1922457131588336,-0.1814979065216048,-0.3737436196804385,-0.0249162413120292
c2902aae-ee02-d58c-8569-fd701d9cd9de,"Bliss, Trenton",LW,3,9.0,0.0267841890586963,-0.1015504492317812,-0.0747662601730849,-0.0249220867243616
6b122583-dd65-ac45-1516-8d861b35db24,"Bjornfot, Tobias",D,1,1.0,0.0,-0.0249691774993438,-0.0249691774993438,-0.0249691774993438
0a1c9c34-5a23-e5ef-85e7-5ea4c9f85af2,"Kuznetsov, Yan",D,12,31.0,0.315280165407187,-0.6154193076949543,-0.3001391422877673,-0.0250115951906472
579da99e-0b65-5601-e4eb-7bf837211c3f,"Morrison, Cameron",LW,5,25.0,-0.0063919833211051,-0.1187280767440666,-0.1251200600651718,-0.0250240120130343
16639321-8e4f-7071-4f1a-276266715f99,"Peca, Matthew",C,12,42.0,-0.2691348081815835,-0.0330479024503957,-0.3021827106319792,-0.0251818925526649
af6ab9b3-a019-9b82-fa37-120d97e9f0b6,"Coronato, Matthew",RW,6,20.0,-0.099762399492593,-0.0515337678920923,-0.1512961673846854,-0.0252160278974475
ba6ccd17-6b01-8ed6-8af9-e37cd98df349,"Fagemo, Samuel",LW,9,25.0,0.3089912972281908,-0.5365177470899642,-0.2275264498617734,-0.0252807166513081
03e51f3c-cfff-9ae9-5b2f-cb7e72a786cd,"Kindopp, Bryce",RW,7,22.0,-0.3060316755051901,0.1263783947413723,-0.1796532807638177,-0.0256647543948311
eea2f5b1-7f49-aeed-2bad-ceff85f41700,"Dumont, Gabriel",C,11,44.0,0.0387194713868506,-0.3248815340181055,-0.2861620626312548,-0.0260147329664777
499a866c-4e2f-75cc-4453-3765b766e0f0,"Thomas, Akil",F,15,51.0,0.0997474064083126,-0.4963414930150061,-0.3965940866066934,-0.0264396057737795
cf47f181-03bc-cec7-23d8-23f407701653,"Weissbach, Linus",LW,6,22.0,0.0179494070356161,-0.179320660483495,-0.1613712534478789,-0.0268952089079798
5a5d0830-e103-4d21-f233-e649aa2cb119,"Kesselring, Mike",D,1,1.0,0.0,-0.026959897674736,-0.026959897674736,-0.026959897674736
2fcd5eda-6ffa-3088-c189-0b3342a16345,"Fortier, Gabriel",C,10,40.0,-0.5059824170044568,0.2359031539581742,-0.2700792630462825,-0.0270079263046282
5ad461c4-01e6-3090-18c9-0aa215276809,"Gushchin, Danil",F,14,55.0,0.1048147805809952,-0.4867811331486883,-0.381966352567693,-0.0272833108976923
d2958a70-f21e-b550-6791-91289dab5521,"Kupari, Rasmus",C,1,9.0,-0.0250759134458104,-0.0022657553579192,-0.0273416688037297,-0.0273416688037297
215a194a-b8e9-1d59-61df-608bca39f7fa,"Carroll, Noah",D,1,1.0,0.0946418185372357,-0.1223224975787435,-0.0276806790415077,-0.0276806790415077
392760f4-597a-e47c-633f-1b9d29568423,"Leschyshyn, Jake",C,11,37.0,-0.1038830082913612,-0.2035130349418767,-0.3073960432332379,-0.0279450948393852
cce167f2-c8fd-27c9-a350-0a4931c5b132,"Megna, Jayson",C,15,64.0,0.3269735931346767,-0.7481008311116644,-0.4211272379769876,-0.0280751491984658
7e9f0d8e-e3cb-c9d9-5986-30ccc588774a,"McLaughlin, Blake",F,5,9.0,-0.3216803705390969,0.1812292221236492,-0.1404511484154476,-0.0280902296830895
46121515-ed91-d0e4-56cf-d0aca14a8b5a,"Koepke, Cole",LW,11,37.0,-0.5479108812442293,0.2379857369944439,-0.3099251442497853,-0.0281750131136168
00107e79-8a36-de05-69c7-86087051c558,"Lombardi, Amadeus",C,18,71.0,-0.1203461586365422,-0.3870032719509209,-0.5073494305874632,-0.0281860794770812
3a14b096-ab58-d9b4-31a1-4431e06e9893,"Del Gaizo, Marc",D,9,23.0,0.368568891674924,-0.6232851267361383,-0.2547162350612142,-0.0283018038956904
23033c23-8f41-970b-8423-7c1eef91ab38,"Ratcliffe, Isaac",LW,16,66.0,0.845977460754027,-1.308676310903237,-0.4626988501492101,-0.0289186781343256
3f6ad3c6-b702-04a6-5fc9-ffe9845026b1,"Simoneau, Xavier",C,7,20.0,0.0603870889773485,-0.2632800858374512,-0.2028929968601027,-0.0289847138371575
48d0d556-7f19-8d92-f6ff-b83120c8c32b,"Hofer, Ryan",RW,10,53.0,0.1678045606258952,-0.4652557234707065,-0.2974511628448112,-0.0297451162844811
a5d99bd5-04ad-cc18-c4b4-2e2ac07cd3e5,"Chinakhov, Yegor",RW,1,2.0,0.0,-0.0299485320934494,-0.0299485320934494,-0.0299485320934494
0fb7c364-441d-653d-bab6-b5081b90ce08,"Peterson, Jacob",C,5,12.0,-0.0521242095358152,-0.09903406501765,-0.1511582745534653,-0.030231654910693
a2931977-2953-a366-84f6-402e39590fc9,"Melnick, Josh",C,10,38.0,-0.2373163747463031,-0.0699076406349319,-0.307224015381235,-0.0307224015381235
0e576680-d92a-8954-1c02-51bab3e6670c,"Kelemen, Milos",F,13,63.0,-0.2955786525926429,-0.108462069428376,-0.404040722021019,-0.0310800555400783
eaf6e42d-fc9b-2620-d315-6f442cf5afa0,"Bardreau, Cole",F,23,107.0,-0.5104380908856841,-0.2059827872599465,-0.7164208781456307,-0.0311487338324187
604d9f76-2548-d1b7-d7db-bbeccf411412,"Walker, Nathan",LW,11,41.0,-0.5717665399378704,0.2245468476642408,-0.3472196922736295,-0.0315654265703299
c4ebf006-49c8-4653-9f36-08b55190b8b2,"Dufour, William",F,14,49.0,-0.1988549942426705,-0.2434202022768932,-0.4422751965195638,-0.0315910854656831
dd036e87-28ae-a770-1287-111ca91925a2,"Hinostroza, Vinnie",C,9,41.0,0.214354651612895,-0.4990810481399071,-0.2847263965270121,-0.0316362662807791
79b63b9f-49dc-162b-951e-053b32088ce5,"Smallman, Spencer",C,8,26.0,-0.0984038176445233,-0.1581094837621026,-0.2565133014066259,-0.0320641626758282
5bb494aa-a79b-c741-618c-a11e145668e0,"Cecconi, Joseph",D,8,10.0,0.0818969013766269,-0.3403317507769976,-0.2584348494003706,-0.0323043561750463
c5c3387a-6e3e-1ae9-824c-315974f6414e,"Berard, Brett",F,13,53.0,-0.5113418124824468,0.0901148255143311,-0.4212269869681156,-0.0324020759206242
321ccb94-26f9-bf52-17cf-db4a8b4d324d,"McCartney, Ben",F,9,38.0,0.2414488889723297,-0.5331636373622596,-0.2917147483899299,-0.0324127498211033
4e110e5d-1ce8-74cf-5df3-63609c738785,"Gaudette, Adam",RW,20,67.0,-0.3845393892885526,-0.2675746807555126,-0.6521140700440653,-0.0326057035022032
a4295efe-fc21-2338-bbe4-dced606dadca,"Wallinder, William",D,14,36.0,-0.1356770290660542,-0.3224504822923692,-0.4581275113584234,-0.0327233936684588
4a3350c4-97e1-9963-9715-c358507e8b95,"White, Colin",C,1,1.0,-0.0515119872258702,0.0187056797530076,-0.0328063074728626,-0.0328063074728626
fd505638-2f70-f361-176c-a6c89bd97850,"Iorio, Vincent",D,13,32.0,-0.0036614908177434,-0.4264734048419101,-0.4301348956596535,-0.0330872996661271
75fce25f-ab8f-4f02-2e5e-41faf5ad62ef,"Wouters, Chase",C,27,115.0,-0.1307063853621887,-0.7665591289923703,-0.8972655143545591,-0.0332320560872058
55cc8f3f-7a32-8ad1-8610-b07c2a765fd7,"Rafferty, Brogan",D,17,37.0,-0.4269712539778404,-0.1424019337261244,-0.569373187703965,-0.0334925404531744
a2f8a1c4-75eb-63d8-4e1d-dbb361fdaeb0,"Foudy, Jean-Luc",RW,3,11.0,0.0675132831054365,-0.168095812724048,-0.1005825296186114,-0.0335275098728704
bc0901c4-4d45-8b85-d17f-37826e9e5b4a,"Clarke, Brandt",D,11,19.0,-0.272421768894013,-0.1012302355620441,-0.3736520044560572,-0.0339683640414597
b2f264ba-1fa2-c297-2cf2-a5109e7b99d9,"Reinhardt, Cole",LW,12,48.0,-0.4154715165745057,0.0071197277439024,-0.4083517888306033,-0.0340293157358836
647a31e3-83fc-035d-c92c-bedd256d0c59,"Brisebois, Guillaume",D,2,3.0,0.040246403439184,-0.1089608702846513,-0.0687144668454672,-0.0343572334227336
acfdf636-4d25-0dad-fe9f-a31513941939,"Becker, Jack",F,8,43.0,0.4552005246639174,-0.7303336463619443,-0.2751331216980268,-0.0343916402122533
66cb9389-fb62-0a30-a1e9-2be938f5ed7c,"Solovyov, Ilya",D,9,20.0,0.0406948927608534,-0.3514780033372553,-0.3107831105764019,-0.0345314567307113
8dd277fe-98ea-6fe2-f846-af1ff688112e,"Leonard, John",LW,20,76.0,-0.2956633170048184,-0.4029005994058139,-0.6985639164106323,-0.0349281958205316
7e3477b8-f45a-94a8-5f27-568c76857979,"Twarynski, Carsen",LW,3,9.0,-0.242420811365008,0.137125540692629,-0.105295270672379,-0.0350984235574596
87bd2512-ca41-d650-0517-297bbfc26a41,"Philp, Luke",C,6,34.0,-0.0155347726054834,-0.1973579842690715,-0.2128927568745549,-0.0354821261457591
f3124fb4-5a13-5eb9-b17e-591923ba6356,"Morrison, Logan",F,11,44.0,0.1323311911414003,-0.5271959024544723,-0.394864711313072,-0.035896791937552
17bf6332-f9af-d4f3-c60a-ed7cd976f2cc,"Bayreuther, Gavin",D,1,1.0,0.0,-0.0360557581539838,-0.0360557581539838,-0.0360557581539838
6d76255c-3247-8cd9-1e45-d4543ce11e86,"Hayden, John",F,15,57.0,0.9212718933836288,-1.4624958638928671,-0.5412239705092384,-0.0360815980339492
f2672d3d-1839-4bbf-958e-0af6458a7c50,"Broberg, Philip",D,6,11.0,-0.0799015317016746,-0.1389579077523773,-0.2188594394540519,-0.036476573242342
362b2b25-ce8a-9b00-6da7-0d1b8c2fe3d9,"Angello, Anthony",C,5,20.0,0.0558110417048232,-0.24079871571939,-0.1849876740145667,-0.0369975348029133
1ab2133d-766e-f84d-6493-58a2f096104c,"Fizer, Tarun",RW,7,18.0,-0.0995322518596346,-0.1605848316562025,-0.2601170835158372,-0.0371595833594053
987469e8-a8b0-b09d-8171-9c3094253328,"Samorukov, Dmitri",D,12,27.0,-0.000123990651095,-0.4483659538228771,-0.4484899444739721,-0.0373741620394976
a65308f1-5c3e-a5de-87e2-cead7d9f44a7,"Guenther, Dylan",RW,5,19.0,-0.3461051133526166,0.1576520338483914,-0.1884530795042251,-0.037690615900845
967b2a1b-5b32-53aa-97e0-344f226f85dc,"Smejkal, Jiri",F,7,40.0,-0.0305971270715685,-0.2339490193181068,-0.2645461463896754,-0.0377923066270964
41e53b2c-3ed6-f9b5-29a4-68ffe996db5f,"Dineen, Cam",D,10,28.0,0.5043391758835426,-0.8899077786749596,-0.385568602791417,-0.0385568602791417
9175a5a9-9fbd-0d4b-8db1-799ddc3b65e7,"Osmanski, Austin",D,5,6.0,-0.0457565235634092,-0.1484424948569025,-0.1941990184203117,-0.0388398036840623
e1eda887-4254-92a8-6144-360df62f16c1,"Arseneau, Vincent",LW,7,23.0,-0.1748740239540335,-0.0970969148074225,-0.2719709387614561,-0.0388529912516366
62da8db3-43ba-54cd-41cb-1eedac95ba17,"Beaudin, Nicolas",D,3,5.0,0.1527782349255483,-0.2697474334240531,-0.1169691984985047,-0.0389897328328349
650eabdc-aab3-679a-03a2-d086646b86b9,"Pare, Cedric",F,15,61.0,0.2749637177086055,-0.8633435095175287,-0.5883797918089232,-0.0392253194539282
b515a4d8-b6ba-5e9c-808c-3ab9484fcd14,"Zellweger, Olen",D,7,21.0,-0.119090342569639,-0.1556805669410471,-0.2747709095106861,-0.0392529870729551
ce2b247b-205a-e275-79bc-893e80beb087,"Lilleberg, Emil",D,7,9.0,-0.4402033270199273,0.1630398403465705,-0.2771634866733568,-0.0395947838104795
f4381702-541d-bbce-d4ad-9ada397f80ec,"Cracknell, Adam",F,12,62.0,0.5249798342668844,-1.008256533937708,-0.4832766996708236,-0.0402730583059019
d7316683-35a0-0b3d-fcba-5391daa9bf86,"Prow, Ethan",D,7,10.0,-0.1702817854232891,-0.1150542683331568,-0.285336053756446,-0.040762293393778
c49719c8-8490-01cc-e81b-91996b030e35,"Jenik, Jan",C,9,27.0,-0.2837474634265995,-0.0880608196736444,-0.371808283100244,-0.0413120314555826
3b45ddb8-fde0-99cf-6165-f66bd4462ddb,"Salo, Robin",D,12,23.0,-0.0937103986982158,-0.4049811816593062,-0.498691580357522,-0.0415576316964601
b233d426-2432-2abd-cb57-c1f6ca4aab46,"Wotherspoon, Parker",D,9,25.0,-0.0541444222760991,-0.3213006669478808,-0.3754450892239799,-0.0417161210248866
a4fe9cde-2b89-7e99-5181-d8855c55e821,"Crevier, Louis",D,12,23.0,-0.0735918815411191,-0.4382909080141971,-0.5118827895553163,-0.0426568991296096
9b73814b-a50e-958a-a5e4-15cf0373d762,"Parssinen, Juuso",C,10,33.0,0.0081354489063584,-0.4363444776764635,-0.428209028770105,-0.0428209028770105
c9f1b830-ca38-5bbd-4af7-d2fe66f07865,"Wagner, Chris",C,5,29.0,0.0521158533427652,-0.268128466021715,-0.2160126126789497,-0.0432025225357899
8bf524f6-7499-1f04-dd8e-e7e80934fb0f,"Kuntar, Trevor",LW,7,34.0,0.2751901697292247,-0.5806321389759984,-0.3054419692467737,-0.0436345670352533
0216a2f3-905b-a0cc-78d2-1ace22850834,"Richard, Anthony",LW,11,41.0,0.0516477304848503,-0.5317515512832689,-0.4801038207984185,-0.0436458018907653
7a8b62e2-0b6b-1e9b-788c-0338df40543e,"Regula, Alec",D,11,29.0,0.1179691168289689,-0.6018395730482299,-0.4838704562192609,-0.04398822329266
c1432ccc-4036-14a9-50ed-a495c7b5aaba,"McWard, Cole",D,9,21.0,-0.2888700072560272,-0.1186692406225,-0.4075392478785272,-0.0452821386531696
6845c1eb-216d-4366-cda0-d3c220357faf,"Del Bel Belluz, Luca",C,11,50.0,-0.3161652385119307,-0.1836041267071145,-0.4997693652190452,-0.0454335786562768
15e46e6c-821c-e6ae-dc28-f161cd626ca5,"Brooks, Adam",C,5,23.0,-0.2872214790201283,0.0587398454097151,-0.2284816336104131,-0.0456963267220826
b26348d5-86ba-a414-caa0-1aea4d766bc3,"Stillman, Riley",D,2,6.0,-0.0904621892622669,-0.0013341965564959,-0.0917963858187629,-0.0458981929093814
42be5bc9-7952-affb-ce16-442e16f141e2,"Keeper, Brady",D,1,1.0,0.0,-0.0465117803740752,-0.0465117803740752,-0.0465117803740752
61a43f85-2e5c-ef36-a82e-322e6e622997,"Guenette, Maxence",D,17,39.0,0.5925409941284444,-1.3844179182174836,-0.7918769240890392,-0.0465809955346493
b4c49715-ce5c-cd2a-f4a2-c1bfe64fe7c7,"Novikov, Nikita",D,10,13.0,-0.1866967951715751,-0.2863517418292074,-0.4730485370007826,-0.0473048537000782
728870e3-f628-bce2-5544-711d35c037ca,"Gagner, Sam",RW,5,10.0,0.0643027411130443,-0.3016051862866739,-0.2373024451736295,-0.0474604890347259
4cbd21fa-5265-f7d5-ac2f-2fd78d7480aa,"Hirose, Akito",D,6,13.0,0.0127001757942161,-0.2987096626617471,-0.2860094868675309,-0.0476682478112551
0f019453-f052-7bc8-02ed-1016fda53512,"Harpur, Ben",D,1,1.0,0.0,-0.0477239713478175,-0.0477239713478175,-0.0477239713478175
718d4ab2-3efc-3646-2586-f9bf06d844e8,"Hagg, Robert",D,11,13.0,0.1374659494123541,-0.6625102567336604,-0.5250443073213062,-0.0477313006655732
cbbf55f5-9496-ac26-5465-bc1dd9bc474f,"Kleven, Tyler",D,16,40.0,-0.1456033470123811,-0.6306401630662729,-0.776243510078654,-0.0485152193799158
663df049-a045-0561-16e3-1db633a0723e,"Aston-Reese, Zachary",C,9,41.0,-0.0056628716694371,-0.4323375344431144,-0.4380004061125515,-0.0486667117902835
dd485778-5783-6b9b-187c-020bf03f4531,"Rifai, Marshall",D,11,15.0,-0.2013459544771189,-0.3348157373123528,-0.5361616917894718,-0.048741971980861
b18a382f-18a4-2fd8-10e5-fa3a3726fe0d,"Khaira, Jujhar",C,4,9.0,-0.0388380633741317,-0.1571201154031669,-0.1959581787772986,-0.0489895446943246
cea95974-dc8a-a373-919e-beb7ff91d488,"Murray, Brett",LW,13,59.0,-0.1763404828314874,-0.4606396718079941,-0.6369801546394817,-0.0489984734338062
e189f09c-ba3d-6a94-95bf-30aaa84cf98d,"Svozil, Stanislav",D,10,20.0,0.0884286355162062,-0.578735993253423,-0.4903073577372167,-0.0490307357737216
1f96dae9-d63f-c6da-686b-351c8fc8c14c,"Day, Logan",D,6,16.0,0.0302203938299021,-0.3291295025545844,-0.2989091087246823,-0.049818184787447
11fbe5d4-66ec-34ba-9657-09704f893154,"Toninato, Dominic",C,5,14.0,0.1399676404322736,-0.3903648048904271,-0.2503971644581534,-0.0500794328916306
92a1bf87-e138-f25a-ebab-c92e182b701e,"Pilon, Garrett",C,16,62.0,-0.4010051333736644,-0.4035498585087208,-0.8045549918823852,-0.050284686992649
404acd2e-e1d1-ca7b-0a92-cd6563e260db,"Moverare, Jacob",D,6,28.0,-0.1001459478735323,-0.2029358621646577,-0.30308181003819,-0.050513635006365
facc5b54-f018-45c4-6044-abe2eba5d33a,"Ponomarev, Vasiliy",C,9,42.0,0.1000690352796163,-0.5577205107971779,-0.4576514755175615,-0.0508501639463957
9cdb062f-6fc7-e205-1858-d4f6f32237a4,"Johansson, Albert",D,11,26.0,-0.1346925326795045,-0.434387032917983,-0.5690795655974875,-0.0517345059634079
9e79de97-35f6-4db9-5b4d-bdb166ba4de0,"Oesterle, Jordan",D,6,14.0,-0.1847551273893,-0.1301509132946814,-0.3149060406839814,-0.0524843401139969
e4245dd4-69d2-7fa5-6473-a4f26787eed9,"Jobst, Mason",C,17,68.0,-0.7180822447529446,-0.1749571393655542,-0.8930393841184988,-0.0525317284775587
b7459409-30b2-bc6e-e869-0a99b09589c8,"Jones, Caleb",D,1,4.0,0.0,-0.0526425709896814,-0.0526425709896814,-0.0526425709896814
2d0eb54e-169a-5f00-7761-2ca898c78da7,"Filipe, Matt",LW,10,26.0,0.08151308025182,-0.6101395415835453,-0.5286264613317253,-0.0528626461331725
eb83ef82-3ad4-8464-b716-671f53e373c8,"Newkirk, Reece",F,2,9.0,0.0252914297547738,-0.13156902200783,-0.1062775922530562,-0.0531387961265281
5801ee51-cb4c-15b8-3d9d-757bd846feae,"Tufte, Riley",F,10,41.0,-0.4170160358419223,-0.1174378992469851,-0.5344539350889075,-0.0534453935088907
9c3292d5-92cc-3760-dada-631102753a82,"Poganski, Austin",RW,15,65.0,-0.0796354575935088,-0.7385118132914448,-0.8181472708849536,-0.0545431513923302
75af17b8-2f42-25a1-947f-299ac164603e,"Hillis, Cam",RW,1,2.0,-0.0399866295622388,-0.0146245383264021,-0.054611167888641,-0.054611167888641
92ba8cca-e560-cb08-e2d6-15259ce631d1,"MacEwen, Zack",RW,2,5.0,-0.0868850185043015,-0.0225679318814901,-0.1094529503857916,-0.0547264751928958
aa7242ad-c419-33d4-6be1-f8132fc80b23,"Skinner, Hunter",D,6,11.0,0.2049084388208341,-0.5369074594345185,-0.3319990206136843,-0.0553331701022807
7e254e63-e8be-d9ca-6ad5-d6c350f4b59b,"Koch, Patrik",D,14,26.0,-0.1390545199059372,-0.6435914426359326,-0.7826459625418699,-0.0559032830387049
ee133fc2-90e8-4f9f-b9da-0150fd7acd75,"Doan, Josh",RW,9,43.0,-0.7501363869271657,0.2466798276468469,-0.5034565592803187,-0.0559396176978131
bc2abfcb-4444-082a-2f24-73a1a10338f5,"Biro, Brandon",F,15,68.0,-0.539523102631581,-0.3146108588805641,-0.854133961512145,-0.0569422641008096
332983fd-d9b9-3b78-fe67-9b985bf20d66,"Olofsson, Gustav",D,3,11.0,-0.1262048704462256,-0.0465117784924113,-0.1727166489386369,-0.0575722163128789
938c52ed-067f-8299-e70a-998704932bfd,"Sanford, Zach",LW,15,64.0,-0.3868102262062586,-0.4782299033949654,-0.865040129601224,-0.0576693419734149
62d8d552-b95a-dea2-1bdd-bb508f1d8a81,"Fitzgerald, Cavan",D,8,10.0,-0.3824638913508935,-0.0822285053937204,-0.464692396744614,-0.0580865495930767
672c5ab2-c18e-1dff-3366-1739eadb7e5b,"Middleton, Keaton",D,11,29.0,-0.3237760254813842,-0.3191657305184897,-0.6429417559998739,-0.058449250545443
c9060c85-0600-ed69-de2d-6aa7611fc7bc,"Gaunce, Brendan",C,9,25.0,-0.1478195676233581,-0.3787468519883023,-0.5265664196116604,-0.0585073799568511
ad355380-2d07-14ba-406d-9239a635419e,"Kokkonen, Mikko",D,8,20.0,0.0627671522548201,-0.5393742506454902,-0.47660709839067,-0.0595758872988337
89d6fd61-dc6a-4969-d01a-a672c177757f,"Hughes, Cameron",F,12,45.0,-0.1646005607906351,-0.5580656720144274,-0.7226662328050625,-0.0602221860670885
a4939932-d13e-4c1e-b534-699402d2888a,"Laczynski, Tanner",F,16,69.0,-0.0482315818853549,-0.9180748486836284,-0.9663064305689832,-0.0603941519105614
647565e5-1012-bd7f-f56f-3fc756a2ad52,"Millman, Mason",D,3,3.0,0.0,-0.1818193010078772,-0.1818193010078772,-0.0606064336692923
df3c2b16-0554-1f80-bea5-3560b9b6a998,"Woo, Jett",D,12,34.0,-0.092169667127931,-0.635749347378303,-0.7279190145062341,-0.0606599178755195
912119f4-6991-e717-ea68-1137c057d277,"Vrana, Jakub",RW,7,26.0,-0.1050140043917359,-0.320041234254027,-0.425055238645763,-0.0607221769493947
3d5d0fd7-9f6f-134b-217b-a762b833d6ad,"Wesley, Josh",D,3,11.0,-0.0587561917370953,-0.1250254884216219,-0.1837816801587173,-0.0612605600529057
0fc2aec6-40be-303c-e3c0-f99a7402a6c5,"Barre-Boulet, Alex",C,2,7.0,-0.3604196386131661,0.2378587444636852,-0.1225608941494809,-0.0612804470747404
a7b49f9f-e2f6-f3c2-9e38-58a8cafb36e2,"Afanasyev, Egor",LW,18,65.0,-0.3377950319935246,-0.7673154096748744,-1.105110441668399,-0.0613950245371332
ef6ffa30-eb7b-716c-b66b-d0db438b2268,"Strome, Matthew",RW,23,93.0,-0.1694447755391222,-1.2514080623169328,-1.420852837856055,-0.0617762103415676
61b3f3d2-10b6-46fd-9416-8976a893ef23,"Highmore, Matthew",C,13,56.0,0.0834212080508489,-0.8893940170146163,-0.8059728089637673,-0.0619979083818282
e70f8783-350d-ffc7-9c50-bb5f21a9c1e9,"Mailloux, Logan",D,16,31.0,-0.0768134068055843,-0.9172940511252724,-0.9941074579308566,-0.0621317161206785
8bd8e696-4514-a5d5-792b-80b002761f46,"Hirose, Taro",LW,14,44.0,-0.4444235310874712,-0.4264101483351626,-0.8708336794226339,-0.0622024056730452
003a207c-5852-cbf5-bae2-cbd94421b4db,"Fitzgerald, Casey",D,19,44.0,-0.4595860459712944,-0.7410470662018116,-1.200633112173106,-0.0631912164301634
a6b4086e-956a-6a17-e22c-83858e92ef99,"Condotta, Lucas",LW,20,92.0,-0.2091902547836601,-1.0647985687035983,-1.2739888234872585,-0.0636994411743629
9d227775-ff40-8878-dbd2-b275f291952a,"Karlstrom, Fredrik",LW,14,63.0,-0.2729124005005923,-0.6200384730314147,-0.892950873532007,-0.0637822052522862
cd5a8c34-6586-e86b-765b-2dff9f65c51d,"Andrae, Emil",D,12,28.0,-0.3791621948715076,-0.3896199311876207,-0.7687821260591283,-0.064065177171594
0ac29755-f1de-15b2-904e-d17a9ed4fac8,"Fleury, Cale",D,6,21.0,-0.2677835322510248,-0.1181450421633197,-0.3859285744143445,-0.0643214290690574
bc6177f1-4c3d-37fa-47dd-452cfcc446d1,"Merkulov, Georgi",LW,14,54.0,0.0868364824069425,-0.9959633494965006,-0.909126867089558,-0.0649376333635398
2169a8c5-6ecd-6471-78be-1fd91f858e82,"Chibrikov, Nikita",LW,17,86.0,-0.160663245497066,-0.9445597401470116,-1.1052229856440776,-0.0650131168025928
dc5a9c10-c8d3-52bc-fd80-b7186f383b34,"McKown, Hunter",C,11,50.0,-0.0979351031317311,-0.6268815398096202,-0.7248166429413514,-0.0658924220855774
af1d2155-8151-1411-7139-22b219311670,"Perreault, Jacob",RW,13,44.0,-0.3169861091177705,-0.5464370812098936,-0.8634231903276641,-0.0664171684867434
6a7002cd-5825-1e0b-1847-6f2197cc2190,"Karow, Michael",D,17,23.0,0.0174127674460244,-1.1552114418795472,-1.137798674433523,-0.0669293337902072
c0cc293f-af8f-d0d6-d86a-65f9e3ad1df1,"Damiani, Riley",F,10,28.0,-0.2417475466752689,-0.431057605412345,-0.6728051520876139,-0.0672805152087614
5ca139e0-c1ce-a588-4a40-483273d8754c,"Smith, Nathan",C,15,63.0,-0.1552994958289065,-0.8600691398740976,-1.015368635703004,-0.0676912423802002
a23408ce-f1c0-03b6-d7ef-60da484f7212,"Nylander, Alexander",RW,7,33.0,0.1889523026723139,-0.6631229095515079,-0.474170606879194,-0.0677386581255991
6eb43e9b-bd2f-9c8c-d063-d60cbb31c2a4,"Gurianov, Denis",F,2,4.0,-0.0472189678237751,-0.0886990180518331,-0.1359179858756082,-0.0679589929378041
e2214881-b6b0-b1c9-6e83-a6b289c4f33f,"Primeau, Mason",F,4,19.0,-0.1550587601680391,-0.116891779295539,-0.2719505394635782,-0.0679876348658945
d9161211-1630-84bf-6d4d-423ce053cd83,"Abruzzese, Nicholas",LW,16,75.0,0.1956407654722932,-1.2934509499321178,-1.0978101844598245,-0.068613136528739
fe72eceb-4367-8d2c-8559-ccfb83481eb2,"Kannok-Leipert, Alex",D,4,18.0,-0.0544062992142524,-0.222472583816413,-0.2768788830306655,-0.0692197207576663
72ca1126-3d98-e9b2-12ea-6b65e429a53b,"White, Gavin",D,1,,-0.0562986014054814,-0.0132185012102127,-0.0695171026156941,-0.0695171026156941
0601a4ed-1515-44af-ec9e-749318820437,"Wheatcroft, Chase",F,1,,-0.0562986014054814,-0.0132185012102127,-0.0695171026156941,-0.0695171026156941
88947b55-b654-777f-1975-626f9ea28095,"Bezeau, Riley",F,2,,-0.0565266202423174,-0.0825075849890708,-0.1390342052313883,-0.0695171026156941
3e888030-0357-1ee0-55fe-24b435d565ea,"Giles, Patrick",F,1,,-0.0521257979439297,-0.0173913046717643,-0.0695171026156941,-0.0695171026156941
fed895a2-f838-f5cc-d4a6-a4306ab324de,"Mast, Ryan",D,1,,-0.0117393223212758,-0.0577777802944183,-0.0695171026156941,-0.0695171026156941
951d13b9-5872-4030-e350-fde01da2db5a,"Korczak, Ryder",F,1,,-0.0521257979439297,-0.0173913046717643,-0.0695171026156941,-0.0695171026156941
d49cdcaf-2064-d35c-0aff-7d8aa8e3be32,"Spacek, David",D,1,,-0.0117393223212758,-0.0577777802944183,-0.0695171026156941,-0.0695171026156941
fea18a05-3370-0f25-8fbb-927342eeefcb,"Boudon, Louis",C,1,,-0.0117393223212758,-0.0577777802944183,-0.0695171026156941,-0.0695171026156941
bd19400c-e2c9-2485-9923-3d621df406c2,"Boucher, Tyler",RW,2,,-0.0638651202652056,-0.0751690849661827,-0.1390342052313883,-0.0695171026156941
79bc71d8-67c6-ad0c-a7ff-56571d3a5536,"Dornbach, Casey",C,1,,-0.0117393223212758,-0.0577777802944183,-0.0695171026156941,-0.0695171026156941
e8c906a5-ad53-39cf-455e-9abd2e047646,"Yoon, Bryan",D,1,,-0.0521257979439297,-0.0173913046717643,-0.0695171026156941,-0.0695171026156941
74b34051-a8e4-0c93-c92e-e234ad2695de,"Schmelzer, Ryan",C,2,,-0.0565266202423174,-0.0825075849890708,-0.1390342052313883,-0.0695171026156941
272de64a-7d31-21fc-c289-c314245517bf,"Gendron, Alexis",F,1,,-0.0117393223212758,-0.0577777802944183,-0.0695171026156941,-0.0695171026156941
67c9940a-3733-2962-f9b4-f523a2d1df8f,"Ciona, Lucas",LW,1,,-0.0459876907633343,-0.0235294118523597,-0.0695171026156941,-0.0695171026156941
6d2da62b-0ab1-541a-7398-f2997a37927c,"Kidney, Riley",F,1,,-0.0117393223212758,-0.0577777802944183,-0.0695171026156941,-0.0695171026156941
c56cc222-6863-5331-3f3b-fdf23e0e6a8b,"Bernard, Xavier",D,1,,-0.0129133311675587,-0.0566037714481353,-0.0695171026156941,-0.0695171026156941
ceb902b0-32d0-36e3-14ef-891ac5662cce,"Vilen, Topias",D,1,,-0.0044008222983876,-0.0651162803173065,-0.0695171026156941,-0.0695171026156941
72f57d8b-f777-4c6e-65a8-d286a9fb5684,"Gourley, Jarrod",D,1,,-0.0459876907633343,-0.0235294118523597,-0.0695171026156941,-0.0695171026156941
c5258da6-5caf-3b59-ba84-ef3308239868,"Chromiak, Martin",F,1,,-0.0521257979439297,-0.0173913046717643,-0.0695171026156941,-0.0695171026156941
07b9d16f-b1ac-d33d-ef04-aef2855f5bf7,"Conley, Kevin",F,1,,-0.0117393223212758,-0.0577777802944183,-0.0695171026156941,-0.0695171026156941
e778beec-dfe7-a6c8-352f-d42ec0b01ced,"Parent, Xavier",F,1,,-0.0521257979439297,-0.0173913046717643,-0.0695171026156941,-0.0695171026156941
947511da-26e3-7172-699d-971b808818b7,"Vaisanen, Kalle",F,1,,-0.0521257979439297,-0.0173913046717643,-0.0695171026156941,-0.0695171026156941
506ed90c-046c-1355-5f4b-198a95c3b689,"Howe, Travis",RW,1,,-0.0129133311675587,-0.0566037714481353,-0.0695171026156941,-0.0695171026156941
38337d0c-d847-3281-c6cd-ee7361785511,"Hicketts, Joe",D,1,,-0.0521257979439297,-0.0173913046717643,-0.0695171026156941,-0.0695171026156941
0fa13fd5-ec65-dc47-fa79-66e4a160144f,"Stromgren, William",LW,1,,-0.0459876907633343,-0.0235294118523597,-0.0695171026156941,-0.0695171026156941
bb2c81a7-ec5a-c3c3-28e2-077918bc20a3,"Jones, Nick",F,1,,-0.0521257979439297,-0.0173913046717643,-0.0695171026156941,-0.0695171026156941
7ec37cf1-8c7b-2297-4f37-342ce98affbc,"Crnkovic, Kyle",LW,1,,-0.0129133311675587,-0.0566037714481353,-0.0695171026156941,-0.0695171026156941
de15bfab-6926-999d-bbe8-641620573a47,"Mysak, Jan",C,1,,-0.0117393223212758,-0.0577777802944183,-0.0695171026156941,-0.0695171026156941
ba2bb7e1-15a0-1473-7e9a-f985226ddac1,"Corcoran, Connor",D,1,,-0.0129133311675587,-0.0566037714481353,-0.0695171026156941,-0.0695171026156941
650d3032-1d13-5ad8-b295-80e86c324b0f,"Stillman, Chase",RW,2,,-0.0565266202423174,-0.0825075849890708,-0.1390342052313883,-0.0695171026156941
00b3ed6a-d8bb-6e88-4eb7-2d088ef5cf51,"MacKinnon, Will",D,1,,-0.0521257979439297,-0.0173913046717643,-0.0695171026156941,-0.0695171026156941
d911dcc4-447c-8f68-c2b9-3d9d5be03c88,"Senden, Mark",C,2,,0.0117963616516988,-0.1508305668830871,-0.1390342052313883,-0.0695171026156941
4ef5c53e-1983-c344-befb-1a03b450bc7c,"Kemell, Joakim",F,1,,-0.0129133311675587,-0.0566037714481353,-0.0695171026156941,-0.0695171026156941
7cbfd18a-87fc-1935-d240-d08c0ca78a00,"Savoie, Carter",LW,1,,-0.0129133311675587,-0.0566037714481353,-0.0695171026156941,-0.0695171026156941
a22368c1-7f43-4c9e-20c1-482af6c7ce36,"Trudeau, William",D,1,,-0.0521257979439297,-0.0173913046717643,-0.0695171026156941,-0.0695171026156941
0bfc03fb-71ed-510a-01d1-3e6e6a1ff531,"Torgersson, Daniel",LW,1,,-0.0521257979439297,-0.0173913046717643,-0.0695171026156941,-0.0695171026156941
db9c8af3-01e3-2f51-4cfd-cabf439c3c0f,"Skoog, Wilmer",F,1,,0.0161971839500864,-0.0857142865657806,-0.0695171026156941,-0.0695171026156941
f6f7de10-882f-8def-cca2-93b0af174148,"Barbashev, Maxim",LW,1,,-0.0521257979439297,-0.0173913046717643,-0.0695171026156941,-0.0695171026156941
ee8879eb-2f2a-d7c5-6173-cb7eb3ffa0c5,"Betts, Kyle",C,1,,-0.0521257979439298,-0.0173913046717643,-0.0695171026156941,-0.0695171026156941
7d668396-9a80-257b-e522-9587e8d1015a,"Friedmann, T.J.",F,1,,-0.0129133311675587,-0.0566037714481353,-0.0695171026156941,-0.0695171026156941
d15b7347-90d7-1d06-a06e-c323170ae988,"Saulnier, Brennan",LW,1,,-0.0521257979439298,-0.0173913046717643,-0.0695171026156941,-0.0695171026156941
81b31cdc-d76d-a42f-88d9-2ade366ffb25,"Engaras, Filip",C,1,,-0.0129133311675587,-0.0566037714481353,-0.0695171026156941,-0.0695171026156941
546e5d35-2029-44d0-117a-403784a2cc7b,"Middendorf, Erik",F,1,,-0.0129133311675587,-0.0566037714481353,-0.0695171026156941,-0.0695171026156941
1fe967f3-4573-d760-8359-eb0d9acc3756,"Wall, Kevin",RW,11,47.0,0.2841548263508326,-1.0585805779850763,-0.7744257516342437,-0.0704023410576585
1da47f43-7819-0b12-6759-4d9cbe68416c,"Stewart, Dean",D,8,35.0,0.1451954234801587,-0.7140135944420366,-0.5688181709618778,-0.0711022713702347
5e97725c-294e-9f96-1be5-1960f6b93d17,"Gallant, Alex",LW,12,34.0,-0.4473904451045086,-0.4082485654815914,-0.8556390105861,-0.071303250882175
829fe83b-5b79-50a7-0b5a-837f3db608d1,"Suzuki, Ryan",C,12,42.0,-0.2395520667121938,-0.6162607756677445,-0.8558128423799384,-0.0713177368649948
b01afbd7-6ec9-96e1-f267-7cc7dee4dea0,"Bemstrom, Emil",RW,5,14.0,-0.1320146966957785,-0.2272851347171458,-0.3592998314129244,-0.0718599662825848
c5bb348a-a28c-3c1a-4f75-6eda7f448443,"Simek, Radim",D,14,28.0,-0.4434777766806759,-0.5632871103027425,-1.0067648869834185,-0.0719117776416727
8127c1a5-26ad-e502-64ef-c7ff9b63667f,"Foote, Cal",D,4,12.0,0.0807274425725342,-0.3717443605491116,-0.2910169179765774,-0.0727542294941443
93dd4a43-8051-720f-47cc-fa4250b969ed,"Cederqvist, Filip",LW,10,38.0,-0.1795234757057252,-0.5517771836141486,-0.7313006593198739,-0.0731300659319873
0e547df4-db0d-2b34-7e18-2ad196cc9192,"Brown, Patrick",C,7,34.0,-0.4070319333978341,-0.107341027307189,-0.5143729607050233,-0.073481851529289
e9ef1506-4a97-1586-e7b4-a1dfbec02e4e,"Fix-Wolansky, Trey",RW,7,33.0,-0.3302900701626565,-0.1870198345354555,-0.517309904698112,-0.0739014149568731
e4f4914a-cdb7-1be0-bfb6-d756aa6b7b8d,"Johansson, Simon",D,10,23.0,0.1088454747788413,-0.8565722204775403,-0.747726745698699,-0.0747726745698699
47ec1584-2245-2836-a706-e0835ffee601,"Andersson, Lias",C,11,43.0,-0.050454662237361,-0.7732299143362799,-0.8236845765736409,-0.0748804160521491
630a1773-ff25-478d-a32d-4109d5924b0c,"Kiersted, Matt",D,11,15.0,-0.3227942271623211,-0.5117880478919051,-0.8345822750542262,-0.0758711159140205
8cd5c3e3-9a48-051a-d12f-0065c690b66e,"Jarventie, Roby",RW,4,11.0,-0.2968270536213567,-0.0067870436342191,-0.3036140972555758,-0.0759035243138939
ceba5090-f6e0-e944-7ceb-e629c8348684,"McLain, Mitch",F,17,45.0,-0.2597031939299568,-1.052066984986637,-1.311770178916594,-0.0771629517009761
57416be2-68df-99d1-ada5-d3b6d3ef77b0,"Lavoie, Raphael",F,12,48.0,0.3140455075969433,-1.2456192930311614,-0.931573785434218,-0.0776311487861848
29bef5a1-cfab-3a79-60d0-9389a42a0e4a,"Cassels, Cole",F,18,77.0,-0.5437838028182882,-0.854836341808813,-1.3986201446271012,-0.07770111914595
40b0831f-a686-8996-c0d1-ffbaf8b68616,"Carlile, Declan",D,9,12.0,-0.1337994744772243,-0.5656440921975461,-0.6994435666747704,-0.0777159518527522
cb28bb02-f73f-42c5-9e45-d1b51de84254,"Lopina, Josh",C,2,,-0.0264134752228706,-0.1300000056624412,-0.1564134808853118,-0.0782067404426559
8e21faad-e800-5bc9-c0ab-dd31c702e09f,"Mackey, Connor",D,8,23.0,-0.2172814679799425,-0.4085861221679129,-0.6258675901478554,-0.0782334487684819
98e46ae5-eff9-0b8e-979e-9310c0f4d553,"Jonsson-Fjallby, Axel",RW,6,19.0,0.079848822548654,-0.5526767525074753,-0.4728279299588213,-0.0788046549931368
ff9b6097-e007-85c3-f8fb-f86935bcb875,"Pettersen, Mathias Emilio",LW,13,36.0,0.0213013277650434,-1.04653632870578,-1.0252350009407365,-0.0788642308415951
393edf9b-c8b4-b93c-4a23-c0b2ed585c9d,"Thompson, Keaton",D,1,2.0,0.0127696584893664,-0.0916619969387003,-0.0788923384493339,-0.0788923384493339
d29ba519-c5d9-1220-eda7-e0ec41379e99,"Nikolayev, Ilya",F,8,23.0,-0.1590331202420397,-0.4766969761153911,-0.6357300963574308,-0.0794662620446788
e11c278e-bb24-1555-240d-8556a7f63afb,"Sutter, Riley",C,19,90.0,-0.2808043921505301,-1.23098441627197,-1.5117888084225002,-0.0795678320222368
9f84fbe2-cd0a-9663-0184-4398a58d7d29,"Quinney, Gage",F,10,29.0,-0.3256352834446488,-0.4738698478564074,-0.7995051313010564,-0.0799505131301056
5e07be36-1384-d298-ee92-4894ea6da4da,"Francis, Ryan",F,3,8.0,0.0491006348914395,-0.2896461887716806,-0.2405455538802411,-0.0801818512934137
8eeee104-b93e-904a-fca1-953e9b5ecef8,"Krygier, Cole",D,8,24.0,-0.2111448338994157,-0.4315940522050887,-0.6427388861045044,-0.080342360763063
88e216a2-1386-7181-fda4-1819e8611ca5,"Wise, Jake",F,11,42.0,-0.07635364368443,-0.80801744465319,-0.88437108833762,-0.0803973716670563
7779d05b-bf33-9acd-a1a5-bb2e852f4a3f,"Fensore, Domenick",D,1,4.0,-0.0456324668082009,-0.0350647750443519,-0.0806972418525528,-0.0806972418525528
6379a6a3-1514-33bc-effa-81a9344f2d13,"Barteaux, Dawson",D,9,20.0,-0.0517856194628973,-0.6758408062119379,-0.7276264256748353,-0.0808473806305372
f4273f89-7803-88f9-bdc0-01625b90fc63,"Holmberg, Pontus",RW,2,8.0,-0.008004142906914,-0.1540338623535065,-0.1620380052604206,-0.0810190026302103
5b0ef27c-6a26-8323-1b85-bf91f79d76d2,"Stephens, Mitchell",F,9,43.0,-0.1034597382695053,-0.6392689292109779,-0.7427286674804833,-0.0825254074978314
969d3085-fa53-17ab-7c5f-74979791c28c,"Maltsev, Mikhail",F,11,47.0,-0.5485883068850526,-0.3592083253567264,-0.907796632241779,-0.0825269665674344
3234f05b-aafa-95e9-07e3-c23dea148f88,"Joseph, Pierre-Olivier",D,1,1.0,-0.0442917185111372,-0.0400142380903916,-0.0843059566015288,-0.0843059566015288
79afc51c-33ef-42b7-d824-12c175fedd9b,"Farrance, David",D,1,1.0,-0.0848266259622101,0.0,-0.0848266259622101,-0.0848266259622101
f9495ec1-9ceb-683b-3649-a79f99f3622d,"Perlini, Brendan",RW,8,27.0,-0.4492493517737246,-0.2382592339725458,-0.6875085857462704,-0.0859385732182838
2f46ba90-e46e-6371-ac00-07be713995a2,"Sasson, Max",C,15,68.0,-1.0379779993333085,-0.2514947282457713,-1.2894727275790796,-0.0859648485052719
de69fd7b-5c3f-76c2-b9c9-7e39a9e9b91d,"Fritz, Tanner",C,5,14.0,-0.067737374353571,-0.3641996896963075,-0.4319370640498785,-0.0863874128099757
e01e67b9-2150-d1a5-ad6e-0588b64a281c,"Lee, Andre",F,9,40.0,0.6012778661227255,-1.379949875974244,-0.7786720098515184,-0.0865191122057242
080a4b83-a144-5887-3f0e-084a2fbeb039,"Asselin, Samuel",F,14,54.0,-0.4375873912646032,-0.7771413562903383,-1.2147287475549415,-0.0867663391110672
ec1ce0f1-da94-b52d-8de7-fe60510f16bc,"Sjalin, Calle",D,11,27.0,-0.2038934942082224,-0.7567039494366374,-0.96059744364486,-0.0873270403313509
54c92034-9ece-4a76-ae9d-be434c2eef82,"Hain, Gavin",C,6,13.0,-0.2161852831566283,-0.3197655692170987,-0.5359508523737271,-0.0893251420622878
e75ad40d-06f3-a0e9-0b73-d4b75b83749f,"Koppanen, Joona",C,8,26.0,-0.3160363143008075,-0.4034001337068912,-0.7194364480076987,-0.0899295560009623
15f4d004-953c-10f0-c9f3-d5e55866559b,"Pederson, Lane",C,13,40.0,-0.413068170315239,-0.7591679738034929,-1.172236144118732,-0.0901720110860563
8cdcb61e-d733-bde6-a101-ef3140e48149,"L'Esperance, Joel",RW,14,44.0,-0.2324461981385084,-1.043964999198295,-1.2764111973368035,-0.0911722283812002
71eb162b-840b-6a04-acbb-8d076fc857d1,"Warren, Brendan",LW,5,13.0,-0.2551673028201527,-0.217378226923519,-0.4725455297436718,-0.0945091059487343
672ffc35-8e85-ea3b-657e-edb622ab1ab6,"Kemp, Phil",D,9,16.0,0.0217523280793424,-0.87393143407326,-0.8521791059939177,-0.0946865673326575
09acb688-56e4-f841-9840-99924478fb13,"Dowling, Justin",C,11,29.0,-0.7062391640219918,-0.3390850769672134,-1.0453242409892052,-0.0950294764535641
c904de64-762a-0721-4c8f-90dfc7fbf289,"Lucchini, Jake",C,10,41.0,0.1999052691791693,-1.1533774278380522,-0.9534721586588828,-0.0953472158658882
54ad8812-393e-5ec6-9bf7-c683bb59ab88,"Vukojevic, Michael",D,13,28.0,-0.0553987987470667,-1.1948807309948053,-1.250279529741872,-0.0961753484416824
b9f1b352-9b5d-ada7-2fc9-1ce3ed96cfa1,"McPhee, Graham",LW,4,13.0,-0.0642164872358597,-0.3205451138891871,-0.3847616011250468,-0.0961904002812617
ac67f786-2de5-43b4-d0af-ae6afd5f161e,"Pysyk, Mark",D,3,6.0,-0.2332609651651481,-0.0566668531797972,-0.2899278183449453,-0.0966426061149817
f19f09de-127d-97a1-6265-d5a27b837129,"Thomson, Lassi",D,13,46.0,0.3867952533883309,-1.6714778018685172,-1.2846825484801865,-0.0988217344984758
00f266b8-6b50-005b-cde2-3aa1f6d30db3,"Helgeson, Seth",D,8,12.0,-0.3569796137659409,-0.4425155032494078,-0.7994951170153488,-0.0999368896269186
1b82a2ec-e891-f657-0e2c-842e3a0fd79f,"Suess, C.J.",C,15,54.0,-0.0110445196308844,-1.5012463520902248,-1.5122908717211092,-0.1008193914480739
f6797690-ed0a-2b75-0a01-496610012676,"Mutter, Navrin",LW,3,9.0,-0.2183691692264679,-0.0841119913720416,-0.3024811605985096,-0.1008270535328365
7bb84983-aea1-e050-01cb-3b9caba8dea9,"Cicek, Nick",D,13,48.0,-0.7145528402299878,-0.6025033166788605,-1.317056156908848,-0.1013120120699113
ed669304-9d26-cfe7-8e5c-4bb862411534,"Ginning, Adam",D,7,13.0,-0.3144641168363916,-0.3973425655115469,-0.7118066823479385,-0.1016866689068483
c7554bfa-9d55-0c17-9b33-0f223ea3f85a,"Currie, Josh",F,11,28.0,-0.2402664518831679,-0.8841031769339396,-1.1243696288171074,-0.1022154208015552
3fa9dd4a-efae-a4f4-e00c-d5885556b815,"Meyers, Ben",C,3,30.0,-0.0566578906476197,-0.251244612925102,-0.3079025035727218,-0.1026341678575739
62d071bf-6133-a7ae-90ad-66b34dc7b39c,"Lundmark, Simon",D,12,38.0,-0.3767902485866212,-0.8611703781705942,-1.2379606267572154,-0.1031633855631012
def7057c-c63b-ba5b-6622-d71d6a64838f,"Strand, Austin",D,9,16.0,-0.2635976370633484,-0.6673520931303336,-0.930949730193682,-0.1034388589104091
018b6c78-d796-f123-d662-5ca0a63393f1,"Aspirot, Jonathan",D,10,28.0,-0.1854550753592501,-0.8501366823383634,-1.0355917576976137,-0.1035591757697613
a0ee2ae4-f345-5203-c3b7-60b728f5f7fb,"Bichsel, Lian",D,2,5.0,-0.0447763062550805,-0.1627955997747527,-0.2075719060298333,-0.1037859530149166
5ce2531f-d048-1233-61ba-2fc6398d8ec3,"Sgarbossa, Michael",C,8,25.0,-0.1742253814965228,-0.6564276698734719,-0.8306530513699948,-0.1038316314212493
f487f33a-87b9-43cd-d79f-02dac52c3dfe,"Meireles, Greg",RW,12,40.0,-0.7611066827189694,-0.5030191168394472,-1.2641257995584168,-0.105343816629868
60a256f4-156e-1e04-ed00-29e7b5fc2243,"Bourque, Gabriel",LW,14,64.0,-0.0433155803422711,-1.441034966696933,-1.4843505470392042,-0.1060250390742288
4152b475-2bfd-8f22-09a7-f721c76d1a90,"Poulin, Samuel",C,4,13.0,-0.1428192337990983,-0.2813370373607808,-0.4241562711598792,-0.1060390677899698
c8faf786-d902-4a0e-cfdd-3326fa37b797,"Burke, Cal",F,9,41.0,-0.5643972598396159,-0.397761284859103,-0.9621585446987188,-0.1069065049665243
8200c442-154b-1e44-603c-432165892a57,"Shore, Devin",F,3,7.0,-0.2136492614687881,-0.1154141797731492,-0.3290634412419373,-0.1096878137473124
3df1ae9b-2aa4-e9cb-6921-02b059b862b6,"Caamano, Nicholas",RW,14,51.0,0.5766200781566904,-2.119756787289427,-1.5431367091327368,-0.1102240506523383
9698f020-7131-d04b-2552-c55a16afa91f,"Hodgson, Cody",C,6,24.0,-0.3215661759301578,-0.3402565666664003,-0.6618227425965582,-0.1103037904327596
8db09dda-0ac0-252d-5cca-f2178f63ee43,"Thompson, Tyce",F,14,54.0,-0.6780185796923486,-0.8696444507851995,-1.547663030477548,-0.1105473593198248
ea7c79f4-a992-0dfc-7f0c-913a5c701c2f,"Korczak, Kaedan",D,5,30.0,-0.0441663423528174,-0.5099743737976874,-0.5541407161505049,-0.1108281432301009
1b8bd0ac-fac4-d900-2d3e-411db1939181,"Massie, Jake",D,4,9.0,-0.1767000643792796,-0.2674866321524095,-0.4441866965316892,-0.1110466741329223
b4bdcf7d-af7f-59d1-384b-4f207395ee19,"Brink, Bobby",RW,1,3.0,-0.0722083654649799,-0.0389514782210627,-0.1111598436860427,-0.1111598436860427
b1d28ddf-4bc2-2b56-a1c2-123e233a2f2f,"Loewen, Jermaine",LW,2,16.0,0.0341128018951152,-0.2570920652063214,-0.2229792633112062,-0.1114896316556031
1ba1e45d-14a5-3375-cbbe-45fc4ef4fe77,"Stevens, Nolan",C,11,34.0,-0.8370175464426635,-0.4017995538257808,-1.2388171002684445,-0.1126197363880403
ae1aa801-5655-af70-d031-019a9c091f86,"Puljujarvi, Jesse",RW,1,7.0,-0.0278675457106629,-0.0858945356686999,-0.1137620813793628,-0.1137620813793628
24aca8e8-c87f-6a40-46fc-afb2373d9531,"Shea, Ryan",D,3,12.0,-0.1788022557140836,-0.1731070204865835,-0.3519092762006671,-0.117303092066889
ebf31f99-7cf9-b77d-1a16-1da7f96aed4c,"Halonen, Brian",F,6,19.0,-0.1128615338460976,-0.5911338094836927,-0.7039953433297903,-0.1173325572216317
d1008d47-7d9a-b5ce-a5c4-11335e021805,"McKegg, Greg",F,14,53.0,0.3452005082578024,-1.992633223552405,-1.6474327152946024,-0.1176737653781858
0f6b8de7-1366-c197-e438-c2cb772c1f3e,"Johnstone, Marc",RW,7,41.0,-0.1785277857359964,-0.7192501855599664,-0.8977779712959629,-0.1282539958994232
531dd357-139b-1c75-674c-f969c000c7ae,"Zboril, Jakub",D,6,15.0,-0.2222706879340045,-0.5501025433486626,-0.7723732312826671,-0.1287288718804445
8e72a880-86a7-efa3-ddfd-a1127df16d89,"Bowers, Shane",RW,6,23.0,-0.1898443385940506,-0.6015539598668008,-0.7913982984608514,-0.1318997164101419
705342fb-5233-cb03-d7e0-2823602d0ca7,"Jenkins, Blade",F,2,4.0,-0.3001430220999407,0.0305231666894906,-0.26961985541045,-0.134809927705225
1ec06797-c8bc-e24a-19ff-cf29896403c7,"Studnicka, Jack",F,11,45.0,-0.5201682584727801,-0.9640384167704994,-1.4842066752432794,-0.1349278795675708
c2820307-4226-fef5-3594-74ac709a6b6c,"Tomasino, Philip",RW,7,33.0,0.0576529284348159,-1.0166284430816863,-0.9589755146468706,-0.13699650209241
2930b9a2-e32f-9bc1-bad9-327d514a020e,"Phillips, Matthew",RW,1,1.0,-0.1178255371982352,-0.0217391308397054,-0.1395646680379407,-0.1395646680379407
e5ed606b-7c57-ce3e-d45b-80682aa56dbc,"Fitzgerald, Ryan",LW,2,7.0,-0.126566993264665,-0.1622639564441432,-0.2888309497088083,-0.1444154748544041
8c0ebec8-d71e-d044-0d5d-0bbc79aa9155,"MacDonald, Jacob",D,1,1.0,0.0,-0.1448585830020654,-0.1448585830020654,-0.1448585830020654
b8c6b250-84bc-2be1-fefe-d5c971f905cd,"Lettieri, Vinni",C,2,10.0,-0.0321629694137174,-0.258304479045997,-0.2904674484597145,-0.1452337242298572
9d5f9778-e77b-d632-be6a-b05e1df07de4,"Inamoto, Tyler",D,1,1.0,0.0090695074421499,-0.1556407714226338,-0.1465712639804838,-0.1465712639804838
a3992b3e-5431-d578-46ae-c846ac78852b,"Hamblin, James",C,2,8.0,-0.0957249961155072,-0.1997179608162204,-0.2954429569317277,-0.1477214784658638
d6cacecd-ace5-db8f-d62d-72f51f65b089,"Swaney, Nick",RW,1,3.0,-0.0232446348942981,-0.1250741935430531,-0.1483188284373512,-0.1483188284373512
ab2f8c0e-cfd3-c0ac-74f5-8164c48764b2,"Hodgson, Hayden",RW,8,39.0,-0.0905645966690412,-1.1148398996195978,-1.2054044962886392,-0.1506755620360799
05017054-7f2a-ab0a-f2bf-9c685b7f0789,"Mastrosimone, Robert",LW,10,48.0,-0.6306963191928434,-0.885636872041298,-1.5163331912341411,-0.1516333191234141
9b9236f2-e096-ef85-f4a8-1e2d657d99a2,"Legare, Nathan",RW,12,63.0,-0.3518094930234097,-1.4811273926439474,-1.8329368856673571,-0.1527447404722797
0b85f915-4c74-a01b-ed14-6943a16bae21,"Romano, Anthony",F,2,10.0,-0.0640716799050269,-0.2420898483318502,-0.3061615282368772,-0.1530807641184386
ee5122aa-cce5-d4fe-9403-b87023179682,"Pivonka, Jacob",F,1,5.0,0.0472999056759974,-0.2008071592876411,-0.1535072536116437,-0.1535072536116437
05b95071-fc69-bd44-2833-e883e840dcf9,"Fasching, Hudson",RW,2,3.0,0.2730062482757617,-0.5924858501961328,-0.319479601920371,-0.1597398009601855
65487019-1991-79e8-c505-981beb0636d0,"Ohgren, Liam",LW,1,9.0,-0.0794157655570108,-0.0906093096336034,-0.1700250751906143,-0.1700250751906143
61cf0567-90c5-3e07-99d9-8b08b22c623d,"Walford, Scott",D,1,3.0,-0.1773522561386861,0.0009168845465895,-0.1764353715920965,-0.1764353715920965
eaab14dd-8505-cdf5-3f38-9f935e6969f3,"Nemec, Simon",D,3,5.0,0.0530676927401026,-0.5844196487575046,-0.5313519560174019,-0.1771173186724673
c189c220-2085-6731-4cab-1c94102e687e,"Aman, Nils",C,2,3.0,-0.0751264951949632,-0.2830188571859316,-0.3581453523808949,-0.1790726761904474
b5612f31-b1a0-8934-f8b5-5f980f2cb2a0,"Luneau, Tristan",D,2,3.0,-0.0347383094595471,-0.3358151555738357,-0.3705534650333828,-0.1852767325166914
8287ec3b-6cc4-cfd8-ded5-d59e0b7b60de,"Pavlychev, Nikita",C,5,17.0,-0.2380034146672282,-0.7372065968431076,-0.975210011510336,-0.1950420023020672
f4d0b772-1f4e-66ba-7ed2-54024c2c659b,"Reichel, Kristian",F,9,45.0,-0.2505468436059862,-1.5053012177660383,-1.7558480613720246,-0.195094229041336
27588d0d-69a7-2290-9289-ec66dce9bd74,"Miromanov, Daniil",D,2,7.0,-0.193147089975531,-0.2140867044628768,-0.4072337944384079,-0.2036168972192039
7ff9ba0c-7a28-4512-c9e5-a10afc5bbd83,"Bellerive, Jordy",RW,7,22.0,-0.7068903966863657,-0.7268263120618823,-1.433716708748248,-0.2048166726783211
472ae96c-4b00-987d-520b-b7574439702c,"Carpenter, Ryan",C,1,7.0,-0.2075900986092998,-0.0230495274411333,-0.2306396260504331,-0.2306396260504331
3728a22e-e32e-cf71-be16-1a6317838f86,"Doucet, Alexandre",LW,2,14.0,0.068934215896197,-0.5375740085110755,-0.4686397926148785,-0.2343198963074392
cfb46079-cb96-b7c5-442e-26ea0e34e136,"Robertson, Nick",LW,1,5.0,-0.2411940196218895,-0.0271846786713261,-0.2683786982932156,-0.2683786982932156
fb7c222c-ebe7-4beb-3638-c0b60a15a0fd,"Chartier, Rourke",F,4,20.0,-0.4112714864412543,-0.6758750199165793,-1.0871465063578336,-0.2717866265894584
e18b4827-dcbd-4cb7-b666-8529df7441bc,"Polei, Evan",LW,2,6.0,-0.2826331012115871,-0.2783678471316803,-0.5610009483432674,-0.2805004741716337
e25ac5dd-5c9f-292e-3d0d-98f423829cce,"Anisimov, Artem",C,1,12.0,-0.0395615487421302,-0.2938216101457955,-0.3333831588879258,-0.3333831588879258
34f1d587-08e6-10f2-c48d-54fb50d3b881,"Firstov, Vladislav",F,1,4.0,0.093499940372625,-0.4834083629276924,-0.3899084225550674,-0.3899084225550674
4a958778-ad3e-a99e-3fd3-f9d53cc6e145,"Megna, Jaycob",D,1,5.0,-0.1035681784947513,-0.445769022363006,-0.5493372008577573,-0.5493372008577573
