player_id,player_name,position,n_forechecks,n_rows,pos_total,exec_total,press_total,press_per_forecheck
4d495b06-e706-89e3-59ae-b670e6ace70f,"Koch, Davis",F,1,6.0,0.4705962996788971,0.1818181872367859,0.652414486915683,0.652414486915683
5833dbf2-d4d6-e001-2cd5-74d2a3bac7c2,"Boucher, Matthew",LW,1,4.0,0.585747824225711,0.0397744466186795,0.6255222708443906,0.6255222708443906
b3762305-438c-1b85-1c59-1a831d98849c,"Pekar, Matej",F,1,5.0,0.4548017942351462,0.1152263936739231,0.5700281879090694,0.5700281879090694
6aaec354-e7a5-0c0d-7584-6746ffd4aabb,"Foudy, Liam",F,3,12.0,0.5671951290301418,0.6485174706683202,1.215712599698462,0.4052375332328206
bcd88228-d322-91a4-38aa-2ac368186ee3,"Holloway, Dylan",LW,1,4.0,0.2823322763073132,0.0201290096045789,0.3024612859118922,0.3024612859118922
9692be3e-1840-be44-346f-17fd56755724,"Henman, Luke",F,3,7.0,0.8164649665448609,0.0873898347655345,0.9038548013103954,0.3012849337701318
ee6f66a2-297c-c175-476d-a4390ead7eb4,"Campbell, Alexander",LW,1,2.0,0.2928739121105628,0.0,0.2928739121105628,0.2928739121105628
fc4b5423-4463-8a2b-f319-30916f7c8928,"Olofsson, Fredrik",C,2,9.0,-0.0774799869968414,0.583518411030011,0.5060384240331696,0.2530192120165848
adce8fef-8cdf-c45c-6d59-68ef391c977a,"Kisakov, Alexander",F,2,2.0,-0.007334703830646,0.446717438283771,0.4393827344531249,0.2196913672265624
2766277d-aa8c-2da8-d328-62f1cbf03279,"Duehr, Walker",RW,1,4.0,0.0,0.212685858620745,0.212685858620745,0.212685858620745
f2811315-a63a-c5b6-95d0-80e2cb18975e,"Pospisil, Martin",C,1,5.0,0.2056720581868252,0.0054574902380188,0.2111295484248441,0.2111295484248441
6082f959-421e-173b-b5e4-e1ffd5fc7d18,"Pelletier, Jakob",LW,5,20.0,0.7515530964422532,0.2973008625845055,1.0488539590267587,0.2097707918053517
6478e1ee-af93-5c31-b87a-97218a8236b2,"Wolff, Nick",D,2,4.0,0.5857478242238493,-0.1852006296955671,0.4005471945282822,0.2002735972641411
5ed92cf2-bc71-8b27-ceef-13805029dcbc,"Lapierre, Hendrix",C,3,7.0,0.0809859197500277,0.5137949588109242,0.5947808785609519,0.1982602928536506
0753b094-9e2f-976d-85c8-d22a1d280e8d,"Jiricek, David",D,6,19.0,1.3538265927888995,-0.2173488159099972,1.1364777768789025,0.1894129628131503
d85ec4b9-edd3-0949-8aa2-d27637d19918,"Crookshank, Angus",LW,5,15.0,0.291388625121232,0.6520949814101746,0.9434836065314066,0.1886967213062813
4ef5382c-6459-519f-de86-96aa6ab54c2e,"Welinski, Andy",D,4,10.0,0.6193736204016398,0.1340433802358357,0.7534170006374755,0.1883542501593688
fcc211ea-3d12-1067-28c0-3465b4cb586d,"Hajek, Libor",D,2,4.0,0.0,0.3511234435461982,0.3511234435461982,0.1755617217730991
b90aa353-979c-854a-6f54-5a714d009b15,"Hall, Curtis",C,5,22.0,0.5768318800123095,0.3001938474059181,0.8770257274182276,0.1754051454836455
0ca4f9ef-7e7a-d691-6e1c-16d394e84bfe,"Baddock, Brandon",LW,11,39.0,1.1411707244737823,0.7286816437895257,1.869852368263308,0.169986578933028
db0333ab-7807-d7a0-6a75-e78b8401080d,"Fogarty, Steven",RW,28,133.0,1.647705856940903,3.051720239233918,4.699426096174821,0.1678366462919578
0fec22fb-1012-3b71-e15a-fa49606b54ed,"Hunt, Dryden",LW,3,12.0,0.5275671026552609,-0.0283749606063437,0.4991921420489171,0.1663973806829723
eae0f98c-c856-b1d8-3723-60b369cbf5c9,"Hardman, Mike",LW,11,53.0,1.314482000941077,0.49641728977176,1.810899290712837,0.1646272082466215
6c78afc0-6490-5b83-db5f-7f87839dc862,"Hoelscher, Mitchell",C,3,12.0,0.6191146991657175,-0.1273651745609427,0.4917495246047748,0.1639165082015916
800573f9-983d-f26c-6768-3c97219f0f85,"Allan, Nolan",D,1,,-0.0161416639594484,0.1792452856898307,0.1631036217303823,0.1631036217303823
af4b1383-6455-2988-0dab-f2fd733e167b,"Zhilkin, Danny",C,1,,-0.0651572474294897,0.2282608691591895,0.1631036217296997,0.1631036217296997
da5bdc30-ff02-7a26-4d8b-79c87b128ab4,"Ford, Parker",RW,1,,-0.0651572474294897,0.2282608691591895,0.1631036217296997,0.1631036217296997
3ed6a15c-aa34-a886-9041-868c9e52bc0e,"Bauer, Tyrel",D,1,,-0.0651572474294897,0.2282608691591895,0.1631036217296997,0.1631036217296997
ad46103a-4d3e-9234-dee6-f970fd779e79,"Blidh, Anton",F,12,38.0,0.7218294041599331,1.233182805558345,1.955012209718278,0.1629176841431898
cfe456f6-9907-e4df-333f-27b358f49ebc,"Rybinski, Henry",C,8,36.0,0.3389742786290527,0.9324685464610002,1.271442825090053,0.1589303531362566
5bd9a56b-e7ed-0f23-4c35-63587ff2bd90,"Kaspick, Tanner",F,13,53.0,-0.4427282589623414,2.4622016670515907,2.019473408089249,0.1553441083145576
967d9997-756d-44cc-889a-8c024fc10a3c,"Robins, Tristen",F,7,38.0,0.7315120243135349,0.3505285504013516,1.0820405747148865,0.1545772249592694
69aa4743-6d37-4847-9c9e-f55a0d888150,"Weatherby, Jasper",F,8,25.0,0.2171631295912264,0.9784423988544996,1.195605528445726,0.1494506910557157
5a19d98a-9812-e36d-7c3e-df3822110857,"Furry, Brendan",LW,2,,0.1010079008908215,0.1925786182278041,0.2935865191186256,0.1467932595593128
68314a41-fbd6-d896-fb13-c348f321b1e6,"Wedman, Matthew",LW,8,28.0,0.6062687833978069,0.5564990262209009,1.1627678096187075,0.1453459762023384
9fe3605d-f4f9-9c7f-e12d-760d6cc2d387,"Jost, Tyson",C,4,12.0,0.4749217357410942,0.1023926753458103,0.5773144110869046,0.1443286027717261
b2485777-a1f9-23e9-5c28-c99761cd10e2,"Grimaldi, Rocco",F,9,34.0,0.2257248319473958,1.0344799092337047,1.2602047411811006,0.1400227490201223
e0dac365-8533-2a57-86d0-8b89b436e72b,"Stastney, Spencer",D,3,5.0,0.3130045220437384,0.0841118874667601,0.3971164095104986,0.1323721365034995
78821ac8-2fb6-cafd-71d8-bf5d718e6703,"Matteau, Stefan",LW,3,15.0,0.3160008182885951,0.0777188813353537,0.3937196996239489,0.1312398998746496
1e248371-8cd8-2ae1-7132-6212cfafbe89,"Holland, Peter",F,4,21.0,0.4123677339846846,0.1119640978176745,0.5243318318023591,0.1310829579505897
e65ca9b5-c8df-ffbc-89b2-817c38cf0efc,"Nielsen, Tristen",LW,1,,-0.01291333114556,0.1433962285518646,0.1304828974063045,0.1304828974063045
09ebb57b-5c02-284e-ddc1-6b5bb2245be0,"Stevens, John",C,1,,-0.01291333114556,0.1433962285518646,0.1304828974063045,0.1304828974063045
267ce9a0-5304-abb8-bc45-091992187107,"Edmonds, Lucas",RW,1,,-0.0117393223188882,0.142222219705265,0.1304828973863767,0.1304828973863767
335244ec-3806-b028-c666-93782915701e,"Allard, Tristan",C,2,,-0.0234786446400746,0.2844444394104186,0.260965794770344,0.130482897385172
b54241e0-9df6-0411-9ef3-72a06b7f6b73,"Wylie, Wyatte",D,1,,0.0260948809218417,0.104388016462326,0.1304828973841678,0.1304828973841678
4166d06f-c778-e270-abf2-d125f7494262,"Helenius, Samuel",C,1,,0.0260948809218417,0.104388016462326,0.1304828973841678,0.1304828973841678
21555bc9-a08d-032e-ef88-be32e61cd8a0,"D'Amato, Daniel",LW,1,,0.0861894222330944,0.0442934751509734,0.1304828973840679,0.1304828973840679
d028de61-a5f1-fc1b-87ce-7160b5ebbe16,"Chayka, Daniil",D,1,,0.0861894222330944,0.0442934751509734,0.1304828973840679,0.1304828973840679
b3585f9c-6b5b-057f-4b5f-0931b9714c57,"Brabenec, Jakub",F,1,,0.0861894222330944,0.0442934751509734,0.1304828973840679,0.1304828973840679
0ab603b4-dfe0-01a2-90a2-e98048b67f73,"Guay, Patrick",LW,1,,0.0861894222330944,0.0442934751509734,0.1304828973840679,0.1304828973840679
09f381c0-6a47-8eff-31ea-e1c938853285,"Mcallister, Ryan",F,1,,0.094119259936746,0.0363636374472945,0.1304828973840405,0.1304828973840405
c1474ad5-07a3-1a49-8e6a-f6d82239ff1b,"Element, Shawn",F,1,,-0.0117393223211863,0.1422222197051536,0.1304828973839672,0.1304828973839672
2e4b21f4-9426-ca70-4bb7-b7107d5d3c93,"Groshev, Maxim",D,1,,-0.0117393223211863,0.1422222197051536,0.1304828973839672,0.1304828973839672
968696dc-b172-bf02-b39b-747e1d1433c0,"Ahcan, Roman",LW,1,,0.1171495648453294,0.0133333325385881,0.1304828973839176,0.1304828973839176
ad4b002b-5fc6-4cdc-1d16-192ced8c9b16,"Gaudet, Jake",C,1,,0.1171495648453294,0.0133333325385881,0.1304828973839176,0.1304828973839176
d54b6c97-2380-f382-7937-732841fca283,"Pearson, Justin",LW,1,,0.1171495648453294,0.0133333325385881,0.1304828973839176,0.1304828973839176
27be5d93-9bc0-8a87-41dd-e96fea901efc,"Ceulemans, Corson",D,1,,0.1171495648453294,0.0133333325385881,0.1304828973839176,0.1304828973839176
e2e9d274-2a93-02e4-c3ce-b61e1a6e6599,"Kyrou, Christian",D,1,,0.0828638526033379,0.0476190447805326,0.1304828973838706,0.1304828973838706
cd489321-0cb6-1202-edc1-5fdf801b7738,"McDonald, Kyle",RW,1,,0.0828638526033379,0.0476190447805326,0.1304828973838706,0.1304828973838706
c7b3f922-86b9-8842-3b94-49930e85939c,"Chiasson, Jake",RW,1,,0.0828638526034374,0.0476190447803613,0.1304828973837987,0.1304828973837987
d151950a-074c-744d-f04a-0487129cf9e0,"Berglund, Carl",F,1,,0.0828638526034374,0.0476190447803613,0.1304828973837987,0.1304828973837987
62290f70-c057-68ae-6d76-548e7fc1a2c2,"Petrov, Matvei",LW,1,,-0.0129133311673579,0.1433962285510407,0.1304828973836828,0.1304828973836828
9e078fa3-39e8-f4e1-f5f6-285848105a57,"Franco, Dominic",C,1,,-0.0044008222983876,0.1348837196818419,0.1304828973834542,0.1304828973834542
3b5ef339-2b52-54ae-e4df-883f892a0f9c,"Novak, Pavel",F,1,,0.1171495648453873,0.0133333325380042,0.1304828973833915,0.1304828973833915
4547b0f8-61ed-35aa-c402-92122503bf23,"O'Leary, Mike",C,1,,0.1171495648453873,0.0133333325380042,0.1304828973833915,0.1304828973833915
b2928a2f-57af-15cf-fb3f-b3917e2f5b6a,"Masters, Kyle",D,1,,0.1171495648453873,0.0133333325380042,0.1304828973833915,0.1304828973833915
cbabf9a6-fbd2-f2f6-6f08-ba10e8ea843f,"Mermis, Dakota",D,1,,0.1171495648453873,0.0133333325380042,0.1304828973833915,0.1304828973833915
0e6b8ebb-9a77-586f-1784-a1fbbdac5c71,"Wisdom, Zayde",C,1,,0.1171495648447703,0.0133333325385739,0.1304828973833443,0.1304828973833443
a340d31a-27b5-a8d5-bfb1-edfe27cf1e5d,"Gicewicz, Carson",C,1,,0.09048289976838,0.0399999976143134,0.1304828973826935,0.1304828973826935
fbcf5c7b-e2f6-d4dc-e865-f537963946fc,"Melanson, Jacob",F,2,,0.1433256272924955,0.1176401674717514,0.260965794764247,0.1304828973821235
da1e315e-d850-b54c-fd20-780097393ec1,"McKinnon, Ian",F,1,,0.0161971839496697,0.114285713431227,0.1304828973808968,0.1304828973808968
7140c5e3-c7b4-5dbc-61bf-89b315e97277,"Petman, Ville",F,1,,0.0161971839496697,0.114285713431227,0.1304828973808968,0.1304828973808968
2dbd1b27-fe28-9015-7542-92463860eb84,"Hinds, Tyson",D,1,,0.0066733749939013,0.1238095223851017,0.1304828973790031,0.1304828973790031
82b3d9a5-d885-129a-d048-8a61788abdb8,"Pastujov, Sasha",LW,1,,0.0066733749939013,0.1238095223851017,0.1304828973790031,0.1304828973790031
57c6f70d-40e1-30b6-e92f-b01c49faf541,"Wagner, Ryan",LW,1,,0.0828638526034486,0.0476190447660903,0.1304828973695389,0.1304828973695389
98eea6fc-1c6b-1d5e-b49a-1805806aa62d,"Seeley, Ronan",D,1,,0.0828638526034486,0.0476190447660903,0.1304828973695389,0.1304828973695389
70440719-b72e-82a5-613d-20867495af20,"Marino, Kyle",RW,1,,0.0828638526034486,0.0476190447660903,0.1304828973695389,0.1304828973695389
d1a331a3-4e1a-510a-2fe8-8f36981fd3f4,"Turcotte, Alex",C,5,13.0,0.8258703295967831,-0.18906651075384,0.636803818842943,0.1273607637685886
5f6e7132-7315-97d1-1833-90ef2671c403,"Regenda, Pavol",LW,13,45.0,1.2605536375285635,0.364172943922936,1.6247265814514995,0.1249789678039615
31afd5bc-827c-9211-5784-f7a96764b140,"Rondbjerg, Jonas",F,10,40.0,0.7238349670643444,0.5160157457712861,1.2398507128356304,0.123985071283563
c622c5d2-2a49-f3e5-6bf7-0e23fa29032e,"Crozier, Max",D,6,10.0,0.069246597429246,0.665135553721914,0.73438215115116,0.12239702519186
64897768-18c0-5c24-3bc4-1137682f7c4f,"Felhaber, Tye",LW,7,17.0,0.593298515265281,0.2390975010446975,0.8323960163099785,0.1189137166157112
b8906cf1-9e34-5011-6bc4-1b7f5edaf259,"Raska, Adam",F,9,31.0,0.4333814272472984,0.6326214671394474,1.066002894386746,0.1184447660429717
9b4ee081-3050-ae6e-ca41-47d034838030,"Dach, Colton",C,13,53.0,0.1835190136438929,1.3536424587119444,1.537161472355837,0.1182431901812182
ca8cc0d1-c1a3-322e-5d98-ffa66cded990,"McIlrath, Dylan",D,8,24.0,0.739369875779651,0.2025323767148641,0.9419022524945152,0.1177377815618143
ec19bc8b-8413-3a35-3a64-922eeb62d5a7,"Jankowski, Mark",LW,9,25.0,1.2567103348634858,-0.2093520553532485,1.0473582795102372,0.1163731421678041
08c60c80-c4d5-92b9-4f37-459db0d51fe9,"Caulfield, Judd",RW,11,50.0,0.5620389527129463,0.7139466347903977,1.275985587503344,0.1159986897730312
bcfc449f-d442-64d4-e387-32dabfcda765,"DiLiberatore, Peter",D,5,18.0,0.5578360781326022,0.0133520860840354,0.5711881642166375,0.1142376328433275
bce6bdea-4c8a-8917-a11b-59ecf9c30b51,"Gardner, Rhett",F,6,15.0,0.4082026545007384,0.2628457743006946,0.6710484288014331,0.1118414048002388
8dfc4cd9-4bed-d27e-f82a-aac7483571b8,"Stankoven, Logan",C,6,29.0,0.3402376102153924,0.3264894127091379,0.6667270229245303,0.1111211704874217
be8e81a6-ec2f-39eb-ef48-6264cf6f5d01,"Harkins, Jansen",C,4,19.0,0.2573099979871588,0.1865423267934708,0.4438523247806297,0.1109630811951574
f01b2f76-df10-daf6-f8e2-f2a3968f6d64,"Dalpe, Zac",C,13,40.0,0.813285470334066,0.6249189237515531,1.438204394085619,0.1106311072373553
58b0c680-a304-643d-ce76-6451b920519a,"Rau, Kyle",F,9,35.0,0.9559195837314916,0.0389312518492585,0.9948508355807502,0.1105389817311944
f8513815-ad09-b742-fef8-9814f2313b80,"Steen, Oskar",RW,3,8.0,-0.0979902541011377,0.4222221970553529,0.3242319429542152,0.1080773143180717
6e6168a5-df29-f732-cbd8-5e5d3ccfc780,"Back, Oskar",C,14,64.0,0.5727473296310748,0.9175337890547012,1.4902811186857758,0.1064486513346982
bfcaa06a-42fc-68bf-aeb2-f26f3d6c02f7,"Ibragimov, Timur",LW,14,50.0,0.1453675419582654,1.339129663950959,1.4844972059092243,0.1060355147078017
425891d3-f7cd-c14c-6c9e-25c8e218baed,"Helleson, Drew",D,13,39.0,1.0473213162585118,0.3276272977781816,1.374948614036693,0.1057652780028225
5dfe0fd2-51d9-4615-89ff-9ee6a2db9028,"Houde, Samuel",C,2,7.0,-0.0733877467155474,0.2800679707060461,0.2066802239904986,0.1033401119952493
a811daaa-9356-2318-9e10-11e1e2dea90f,"Gaunce, Cameron",D,10,26.0,0.551667096019994,0.4797558537878039,1.0314229498077978,0.1031422949807797
ab173ecf-50c8-bf70-2a27-3f32cb95d28f,"Othmann, Brennan",F,11,42.0,0.2874745979036474,0.8441487605808125,1.13162335848446,0.1028748507713145
ebb72d23-6b12-208b-62ee-393071bdb363,"Schwindt, Cole",RW,14,47.0,1.1169177536204022,0.3197731670589166,1.4366909206793188,0.1026207800485227
45a2c93b-c050-c12e-b8d2-9d002eef5804,"Zary, Connor",C,2,7.0,0.227554234937374,-0.0235565684239849,0.203997666513389,0.1019988332566945
3c97dc1d-a952-5220-56df-de7a5c64c208,"Mcging, Hugh",F,18,59.0,1.114208500127808,0.7177603524855078,1.831968852613316,0.1017760473674064
9e7656e6-afdd-5100-adf6-0e1485917da6,"Thompson, Jack",D,13,35.0,0.4919745341381251,0.8003116070615438,1.292286141199669,0.0994066262461283
c10719af-87b4-f64d-abda-4dd75b197b9d,"Kniazev, Artemi",D,4,9.0,0.3423309392593064,0.0550965601762378,0.3974274994355443,0.099356874858886
0197019c-0e19-f14e-cdab-ce4bb3630856,"Laferriere, Mathias",RW,17,62.0,1.7509593629439322,-0.0634135858753525,1.6875457770685796,0.0992673986510929
de965666-84cc-36f5-8129-ad04ec59d185,"Heineman, Emil",LW,5,20.0,0.7287231585350236,-0.2438231860149447,0.4848999725200787,0.0969799945040157
e8fea67a-8042-8fda-08b4-f058368fe357,"Bolduc, Zachary",RW,14,54.0,-0.0779828340868124,1.4039387705591944,1.325955936472382,0.0947111383194558
0ae96538-0067-681c-06a1-290633a469a2,"Vande Sompel, Mitchell",D,5,17.0,0.5963564028400877,-0.1246872644620309,0.4716691383780567,0.0943338276756113
3bc06bbe-5d1f-aa0b-c51e-f0c83f70803a,"Petan, Nic",F,19,73.0,1.095815357575164,0.6455100637811243,1.7413254213562883,0.091648706387173
34c9b6d7-581c-e992-d276-c44d50fff88d,"Smith, Dalton",LW,8,38.0,0.635820818187973,0.0842505124883502,0.7200713306763232,0.0900089163345404
178c4dba-943e-4f43-64ea-51402c33f28d,"Miroshnichenko, Ivan",LW,4,20.0,0.0616648822614457,0.296276633203681,0.3579415154651268,0.0894853788662817
a0555634-4279-dde8-209b-5fb7664923b9,"Wilson, Garrett",LW,12,56.0,1.003355442533901,0.0602939737428609,1.063649416276762,0.0886374513563968
44ad96dc-c0b6-9c77-310a-42c86826d41a,"Cormier, Lukas",D,10,27.0,0.516369532962235,0.3635128850679717,0.8798824180302067,0.0879882418030206
b0ca309f-321f-7119-6c17-cf1437cc9bd8,"Elynuik, Hudson",F,7,21.0,0.9500302396399573,-0.3368524978181808,0.6131777418217765,0.0875968202602538
9c5a0e11-4272-5962-2621-08678ba1b301,"Kolyachonok, Vladislav",D,7,21.0,0.4486593574009494,0.1617740447739827,0.6104334021749321,0.087204771739276
0ddb9eb2-2352-dab2-b22d-f0d30ee231ef,"Reedy, Scott",F,2,9.0,0.085481315852336,0.0869131738896472,0.1723944897419832,0.0861972448709916
1a8b325b-f423-4cca-aafc-bd79e3ab00b6,"Schmiemann, Quinn",D,5,8.0,0.3947537258139564,0.0361332856557112,0.4308870114696677,0.0861774022939335
be80e6a7-4664-2ddb-bcd5-cd4e5085e1b5,"McGregor, Ryan",C,16,65.0,1.007182377940099,0.3688026812904064,1.3759850592305054,0.0859990662019065
d7535706-ab13-a4e2-1b01-b80ac5ff0720,"Andonovski, Corey",RW,7,25.0,0.5847735097699067,0.0143855160191935,0.5991590257891002,0.0855941465413
b460c5a3-506f-26e8-0bd1-3e354b96b1b5,"Sourdif, Justin",RW,17,56.0,1.78802603418922,-0.3377929112254859,1.4502331229637342,0.0853078307625726
62266127-46c0-5420-5d10-5a6068de1b5d,"Lockwood, Will",F,8,27.0,0.9766032812443404,-0.2972761540095598,0.6793271272347805,0.0849158909043475
936ad397-0a05-0d42-2c84-a8d14ddf2971,"Kozak, Tyson",C,7,25.0,0.5488350943193891,0.0454467102615991,0.5942818045809883,0.0848974006544269
b7040b98-e0ad-fc0e-361b-5bbecc555942,"Evans, Ryker",D,7,13.0,0.4686116827889962,0.1237357894762019,0.5923474722651981,0.0846210674664568
9365e946-bed1-6103-1e8a-2e9ba06d1dc2,"Winterton, Ryan",C,10,43.0,1.0252197078803946,-0.1992580706862122,0.8259616371941825,0.0825961637194182
77a3c50b-31ff-8311-b5bd-79aa901df22c,"Farrell, Sean",F,14,58.0,0.6029933453028811,0.5417121325141547,1.1447054778170358,0.0817646769869311
30a82081-452f-1e14-177e-d25c40f895a3,"Beecher, John",C,10,45.0,0.6693328991798001,0.1433986676211374,0.8127315668009375,0.0812731566800937
594759ce-c137-f893-62f5-d6b5ee7db55c,"Merela, Waltteri",RW,17,60.0,1.2321207292913177,0.1413306096838867,1.3734513389752043,0.0807912552338355
c50ee147-78c1-e97c-f042-2810c51adffc,"Shaw, Mason",LW,7,19.0,0.1131389259016935,0.4410971798281361,0.5542361057298297,0.0791765865328328
561c6f7f-ceeb-36da-d6e4-f2586e2e8316,"Ostapchuk, Zack",C,23,79.0,1.7776934912447746,-0.0021005713001395,1.775592919944635,0.0771996921715058
e14d8b1e-280b-fcd3-8676-f0ec14a86d80,"Hirvonen, Roni",C,13,46.0,0.9421065552786736,0.0568103597901208,0.9989169150687944,0.0768397626975995
05d1d579-7092-686f-82ea-789112b87f0f,"Steeves, Alex",C,13,60.0,1.3029092495645924,-0.3095527703737831,0.9933564791908092,0.0764120368608314
a385df53-a241-ed83-c64f-34d4b4da77da,"Roy, Joshua",LW,8,32.0,0.6825560358231937,-0.0849180918429952,0.5976379439801984,0.0747047429975248
17494d44-9ff1-9cf3-5f99-cc754342c12f,"Bishop, Clark",C,11,50.0,-0.0347413683158768,0.8524156124255999,0.8176742441097231,0.074334022191793
8b43652c-1ab8-e931-e045-ca9cd839d10b,"McCormick, Max",F,8,35.0,-0.0560015756527663,0.6492717785748818,0.5932702029221155,0.0741587753652644
73f11278-21e8-9bd9-f271-70e5cf8d41e7,"Kessy, Kale",LW,3,10.0,-0.3596623570831582,0.5809688903771141,0.2213065332939559,0.0737688444313186
3cfc8139-e81a-8949-e3fc-0a6728b63ab3,"Washkurak, Keean",LW,8,32.0,0.5037259447840012,0.0737639268011804,0.5774898715851817,0.0721862339481477
e936a4e7-0304-42aa-1ad8-269904d96714,"Karlsson, Linus",C,15,81.0,-0.2100793721921821,1.2918892564066502,1.081809884214468,0.0721206589476312
5d03b81f-67cb-341f-bd17-e8a0a6527423,"Hunt, Brad",D,15,43.0,0.6661130126462178,0.4150878110720769,1.0812008237182948,0.072080054914553
3f1cb8fd-1aa5-5b5c-a0f1-d8dbb7756d87,"Durandeau, Arnaud",LW,16,55.0,0.5865465723418517,0.5555722148339084,1.14211878717576,0.071382424198485
48ab1f72-0e6e-a7c9-0c5d-a978d9ace0fc,"Abramov, Mikhail",F,9,45.0,0.5248483577071438,0.100943333873236,0.6257916915803798,0.0695324101755977
4b1c4f85-f533-4ddb-1d2e-b0f38afa4cf4,"Matinpalo, Nikolas",D,11,28.0,0.7885458314668794,-0.027704648329542,0.7608411831373374,0.0691673802852124
83210d48-c6d5-b414-a3fb-fb523e0d9a31,"Cholowski, Dennis",D,6,13.0,-0.0037363727602924,0.4120440145519163,0.4083076417916238,0.0680512736319373
3a3be5e0-324a-1af9-5d4c-39b304b8d17d,"Hebig, Cameron",C,14,48.0,1.019874686172649,-0.0802601903426157,0.9396144958300332,0.0671153211307166
e850e12b-4214-353a-3bbe-aad41042acd5,"Griffith, Seth",LW,9,29.0,-0.0161393774810933,0.610293820536735,0.5941544430556417,0.0660171603395157
a498fb15-dea2-c999-7f8c-63aa786b7bb7,"Gambardella, Joseph",C,7,30.0,1.080717043409265,-0.6203578670020387,0.4603591764072263,0.0657655966296037
5cee66d8-083a-7d7b-bf0f-b11fb30cbebb,"Tracey, Brayden",RW,14,50.0,1.623198559332439,-0.7100287884900296,0.9131697708424094,0.0652264122030292
bc0c9735-bac9-f48e-c06b-01df0bfd052a,"Truchon-Viel, Jeffrey",LW,13,44.0,1.0762135270419668,-0.2312841933024112,0.8449293337395556,0.0649945641338119
54a93710-8748-9bc6-3c84-913918590be7,"Snively, Joe",LW,10,34.0,0.9455294967292134,-0.2961655692362538,0.6493639274929596,0.0649363927492959
f2566bc6-bfea-c074-e304-be4d0e8006e2,"Kambeitz, Dino",RW,3,,0.0570371902686728,0.1344115018833151,0.1914486921519879,0.0638162307173293
e816e950-29af-f11a-16dc-9be28900788e,"Maillet, Philippe",C,11,44.0,1.0555163387107565,-0.3616087821536304,0.693907556557126,0.0630825051415569
ae3c26e4-6536-f078-6e78-8ca2db85def8,"Conacher, Cory",RW,12,40.0,0.4231655407512443,0.3299991887778734,0.7531647295291177,0.0627637274607598
195db92d-b85c-e1c2-0f7e-6f1cb57dde82,"Hudon, Charles",F,15,56.0,0.5564154830779058,0.381808663778169,0.9382241468560748,0.0625482764570716
e8165ae5-3c31-795b-1801-ef1618fd451f,"Hollowell, Mac",D,10,24.0,0.3464573960810628,0.2718910891850218,0.6183484852660847,0.0618348485266084
2f0d296c-e9df-b8b7-f0e0-a135b8802329,"Soderblom, Elmer",LW,28,103.0,1.3792273184150794,0.3256314730952466,1.704858791510326,0.0608878139825116
a792d2b1-ce98-c030-e583-39536e721171,"Clarke, Graeme",F,22,83.0,0.3447168040110252,0.9911451630699776,1.3358619670810028,0.0607209985036819
5c7cca9d-bfc2-3931-363d-daaebc4da409,"Willman, Maxwell",LW,13,42.0,1.151214367254522,-0.3633185096439857,0.7878958576105364,0.0606073736623489
4f269c7a-99a5-bd2f-9bb8-5ffeec578d52,"Henriksson, Karl",C,12,43.0,0.4897229891091986,0.2349048771464206,0.7246278662556193,0.0603856555213016
eeb81509-6a0d-5320-8d5a-2c1e58d83af5,"Lycksell, Olle",RW,20,82.0,1.1325306825966115,0.0725280549764681,1.20505873757308,0.060252936878654
3aa7c517-7091-0133-341a-3abc7d3a674f,"McKenzie, Curtis",LW,7,27.0,0.4449944350588663,-0.0249364329038823,0.420058002154984,0.0600082860221405
e32c54a9-ee8c-8682-2ead-a00fcc67c40f,"Mete, Victor",D,13,27.0,-0.1054275230473985,0.88425700397848,0.7788294809310814,0.0599099600716216
db07a598-848d-2552-6cca-9e1ecaa9fd45,"Kent Elson, Turner",F,5,25.0,-0.0235313615608843,0.3196050845743338,0.2960737230134494,0.0592147446026898
9b65e913-a13d-a05b-9427-55f8feacc295,"Bitten, William",F,11,39.0,0.0689733902378494,0.5804665468903651,0.6494399371282146,0.0590399942843831
f2e05df5-d44c-ae54-40b6-64ec7d896201,"Haman Aktell, Hardy",D,8,18.0,0.3018154061026895,0.1408060643424187,0.4426214704451082,0.0553276838056385
41c74b24-2875-6f45-d954-11ac6d6c410b,"Sutter, Brett",LW,16,59.0,0.8192440975722044,0.0552477463668186,0.874491843939023,0.0546557402461889
e0cea5f8-086b-dec5-d799-9f09a23f8d52,"Gambrell, Dylan",C,16,82.0,0.9509980999195284,-0.0884115993951763,0.862586500524352,0.053911656282772
4140108e-fd7c-f6c9-17ed-54d6cb083bb4,"Clifford, Kyle",LW,9,30.0,0.6625939533430641,-0.1848455099278609,0.4777484434152033,0.053083160379467
cf9158fc-30e9-680c-b9e5-b65717e1e000,"Czarnik, Austin",C,8,28.0,-0.115812914495628,0.536815333878982,0.4210024193833538,0.0526253024229192
c8d33732-42a1-d13e-323a-6457dc42307a,"Richards, Justin",C,11,35.0,0.0504974416157086,0.5205538737870654,0.5710513154027741,0.0519137559457067
2b318d4d-2e7b-6d8c-98a7-7d85c71436c5,"Walker, Sammy",F,19,72.0,1.4232455480575463,-0.4407488973168003,0.982496650740746,0.0517103500389866
68d2ade0-47ab-96bb-f22e-8f98b3aeb212,"Klimovich, Danila",RW,3,5.0,0.2986819136021489,-0.144873977235908,0.1538079363662408,0.0512693121220802
b9289963-36ff-72f3-2e0f-5d1c271974dc,"Gruden, Jonathan",C,11,55.0,0.4730361749418558,0.0868437752395752,0.5598799501814311,0.050898177289221
3368d715-4eb3-12ac-5ca3-637be728e649,"Comtois, Maxime",F,10,52.0,-0.0935725183339891,0.5984569264182172,0.5048844080842281,0.0504884408084228
955da2f1-7e1c-2664-a321-5bb6d9f549bd,"Mukhamadullin, Shakir",D,14,35.0,0.629483928093566,0.0683076170547436,0.6977915451483097,0.0498422532248792
9fe70024-cd66-80eb-aa49-5618b43fa865,"Knyzhov, Nikolai",D,4,13.0,0.267548388423049,-0.0687241561188602,0.1988242323041887,0.0497060580760471
97bce0c4-5f30-32b1-ab97-83c174303222,"Misyul, Daniil",D,9,20.0,-0.0279555014785398,0.4738911566572308,0.445935655178691,0.0495484061309656
8682f8c1-304a-51d9-6663-158ca58fa6c9,"Didier, Josiah",D,10,18.0,0.0802018236843126,0.4083579647938027,0.4885597884781154,0.0488559788478115
7a213ae8-292c-bc7f-83dd-7b14bdcadde1,"Berggren, Jonatan",RW,11,31.0,-0.4255300961305538,0.9605607052425302,0.5350306091119764,0.0486391462829069
9108f109-2f27-6e12-5e0a-b692517acf4c,"Carrick, Connor",D,17,40.0,-0.0624867220386339,0.8750651971802884,0.8125784751416545,0.047798733831862
7f87b4e4-74a0-39b3-ec2d-526b02fbdfe0,"Wolanin, Christian",D,7,14.0,0.4560250554822473,-0.1221824376737921,0.3338426178084552,0.047691802544065
12845e0c-fc7d-d76a-f026-bb69d8aad07e,"De Leo, Chase",LW,15,52.0,-0.4114501567102886,1.117056017923307,0.7056058612130185,0.0470403907475345
6488121e-ed37-2c24-34b7-84a6b947486c,"Carroll, Joe",LW,9,35.0,-0.0173637856214897,0.4302612686804902,0.4128974830590005,0.0458774981176667
9c74b325-0fa9-5486-dd3f-f6b577678042,"Pavel, Ondrej",F,9,57.0,0.3165170007809205,0.0931483878985256,0.4096653886794461,0.0455183765199384
5a453d9b-d3e9-d3cf-af18-be043e9650b3,"Rempal, Sheldon",F,8,35.0,0.8954097304654007,-0.5332451797969114,0.3621645506684893,0.0452705688335611
81f67e82-04fb-7536-2181-669ac1247363,"MacLean, Kyle",C,8,27.0,0.389310781455975,-0.0303056087821278,0.3590051726738471,0.0448756465842308
f1937835-c76d-d8c7-30ed-20c1c5ef0297,"Stephens, Devante",D,9,18.0,0.3869658891618834,0.0166456444066264,0.4036115335685098,0.0448457259520566
356d4cb6-7726-b23f-7070-1e5eaf602524,"Saarela, Antti",LW,4,23.0,0.2973521435877942,-0.1190761181616269,0.1782760254261672,0.0445690063565418
34f46eb8-532d-889d-33f8-51b226bd083d,"Vecchione, Mike",F,10,31.0,1.0341206593216938,-0.5888196084758781,0.4453010508458157,0.0445301050845815
b8a27cdb-ea33-924d-f963-724d7c48d713,"Mayo, Dysin",D,11,22.0,-0.0182288490838155,0.5059070338260352,0.4876781847422196,0.0443343804311108
6702a3ca-377e-db75-149b-2621c1febba3,"Belzile, Alex",F,14,51.0,0.7145684941652493,-0.1097570257024906,0.6048114684627586,0.0432008191759113
4b82112b-52bb-febc-3fbb-b51f3d1a7dd1,"Brind'Amour, Skyler",C,10,36.0,0.8445327111795935,-0.4129645789674925,0.431568132212101,0.0431568132212101
0f052c34-6cd2-f4fd-a861-d9051a8e86e4,"Angle, Tyler",F,10,52.0,0.5807074249939786,-0.1527176817596013,0.4279897432343773,0.0427989743234377
9bb10472-226c-b81a-f090-f474f37bf428,"LaDue, Paul",D,6,18.0,0.051182609369434,0.2016505604410703,0.2528331698105044,0.042138861635084
65c9be45-0771-6bcb-0263-5b74fc8423af,"Carrick, Trevor",D,15,31.0,0.2755680370435125,0.3562106939439287,0.6317787309874413,0.0421185820658294
4772aa22-208f-44a0-8e47-0029da368b48,"Kasper, Marco",C,24,88.0,0.5738696038810349,0.4365523824674983,1.0104219863485333,0.0421009160978555
8b41332b-b440-ce88-6f7c-1d51e70c4c6a,"Davies, Jeremy",D,11,30.0,0.2006996083275115,0.2573736089013615,0.458073217228873,0.0416430197480793
675635e1-14fe-6bdd-0302-1323e92737eb,"Guttman, Cole",C,6,26.0,0.0666777449878136,0.1831226347126351,0.2498003797004488,0.0416333966167414
251a2f59-76d1-290c-b7a1-729a090a8aaf,"Donovan, Matt",D,12,21.0,-0.0770835650535572,0.5673608615202848,0.4902772964667275,0.0408564413722272
f6385516-0e06-82f5-5e29-9d38bdbb771a,"Blankenburg, Nick",D,6,12.0,0.5208626294790215,-0.2759949302859426,0.2448676991930789,0.0408112831988464
a55a9dc4-0d17-6c79-1200-0e6282e49b76,"True, Alexander",C,13,62.0,0.7289838009346034,-0.20997323228542,0.5190105686491833,0.039923889896091
caea29a5-fbb3-0a09-a224-442a8a2efb50,"Rees, Jamieson",LW,6,29.0,0.0895394353984227,0.1462536867502091,0.2357931221486318,0.0392988536914386
a6be81da-fbf0-100c-170a-9db635d86749,"Morelli, Mason",F,20,98.0,1.7645609008959686,-0.9798224049068434,0.7847384959891253,0.0392369247994562
e88acb6b-d5da-6c45-42b6-b77998c3203f,"Rousek, Lukas",RW,5,24.0,-0.0220702919135582,0.2131775685550226,0.1911072766414643,0.0382214553282928
fc27738e-0887-ed94-4db2-89b7229b368c,"Barron, Travis",LW,13,66.0,0.710133568440093,-0.2139160163102362,0.4962175521298567,0.0381705809330659
2bac8c42-d730-5703-9583-b7cebb96c736,"Thrun, Henry",D,3,6.0,0.1075707545889217,0.0017838287329942,0.1093545833219159,0.0364515277739719
91ecbdb7-a405-57e1-23d6-910efcb6de2a,"Butler, Cameron",RW,14,56.0,0.530744382086018,-0.0226378833021711,0.508106498783847,0.0362933213417033
cb889642-eedd-496a-9c02-563f569c6359,"Roos, Filip",D,11,39.0,0.0846276133495883,0.29793592327167,0.3825635366212584,0.0347785033292053
1d2778e0-9709-3b32-491b-3b3f32c7bb09,"Gignac, Brandon",C,11,41.0,0.5412322998122462,-0.1604237416551214,0.3808085581571248,0.0346189598324658
4b99d7b8-d6b5-992f-cfee-3024717ea00e,"Polin, Jason",F,5,15.0,0.2546121271402854,-0.0846511862239088,0.1699609409163766,0.0339921881832753
432d0e7c-2d69-f44f-69c9-227f410e8f8b,"Balinskis, Uvis",D,8,19.0,0.1892002025572948,0.0823042907664181,0.2715044933237129,0.0339380616654641
4447229a-e693-b7a3-6bbe-f464ae9917c4,"Pyyhtia, Mikael",LW,17,71.0,0.5790770094172453,-0.005370662164493,0.5737063472527522,0.0337474321913383
41273737-16e3-50f4-d08a-03a1fc11edf5,"Bourque, Mavrik",C,13,44.0,-0.0058979094606692,0.4308004903523113,0.424902580891642,0.0326848139147416
3009ca76-0ff6-9da5-c8b6-6fd357f7a7e1,"McLaughlin, Marc",F,23,80.0,0.5077320779307934,0.2410059854784924,0.7487380634092858,0.0325538288438819
7198f83d-2f1a-fa7f-fa4c-a2119e877247,"St. Ivany, Jack",D,6,8.0,0.6191146990816001,-0.4246175702353653,0.1944971288462348,0.0324161881410391
fd49836f-d5af-212e-d04d-32c44ef24a8e,"Sykora, Adam",F,15,50.0,0.1752625541287972,0.3091368517636387,0.4843994058924359,0.0322932937261623
e64fc75f-ab07-a14e-a0ae-46ea4a5afc54,"Duszak, Joseph",D,12,34.0,0.3329243540720885,0.0523741336363562,0.3852984877084447,0.032108207309037
6c8d8731-c18f-5a5e-aa78-2fc912cba75e,"Kaiser, Wyatt",D,5,23.0,0.192722884574236,-0.0328975895312979,0.159825295042938,0.0319650590085876
3d5bcc97-ee74-7ffb-a3c3-9bb7facf831f,"Kirkland, Justin",C,5,31.0,0.2603217110774316,-0.1010345690731329,0.1592871420042986,0.0318574284008597
9deea627-59bf-c37e-d041-5160edc3ac73,"Boqvist, Jesper",C,7,46.0,0.3629173327302939,-0.1413194874045971,0.2215978453256968,0.0316568350465281
c2ac142e-72a6-58c2-9f0a-acc2ae622a90,"Agozzino, Andrew",C,14,50.0,0.676199165071431,-0.2378278883253007,0.4383712767461302,0.031312234053295
015f554a-21c0-99bc-0a31-a176810b40c6,"Shine, Dominik",RW,12,51.0,0.0286175033994547,0.340244782341455,0.3688622857409098,0.0307385238117424
c9830dad-b858-24e2-28af-9755c724d0c9,"Seminoff, Matthew",F,2,,0.02656525122484,0.0344005435718951,0.0609657947967352,0.0304828973983676
5baf9274-110b-c144-384d-72f5733f935d,"Rassell, Mark",LW,2,,0.02656525122484,0.0344005435718951,0.0609657947967352,0.0304828973983676
f6d8202b-236b-bc18-e141-f14240c3c246,"Schaefer, Reid",LW,2,,0.0775695686118206,-0.0166037738303896,0.060965794781431,0.0304828973907155
49d42dd2-3278-16e3-d4fd-22c863adfade,"Svechkov, Fyodor",C,2,,0.0775695686118206,-0.0166037738303896,0.060965794781431,0.0304828973907155
df12ad2d-04ed-754c-05a4-f9c7cfef7a32,"Gaucher, Jacob",F,2,,0.1054102425240114,-0.0444444477558443,0.0609657947681671,0.0304828973840835
89496936-17db-d59b-7685-79638c1412b6,"Samson, Ethan",D,2,,0.1054102425240114,-0.0444444477558443,0.0609657947681671,0.0304828973840835
022e15e8-84c5-2103-7225-91ae7102aaa0,"Lysell, Fabian",RW,8,45.0,0.1957264344887892,0.042743565564717,0.2384700000535062,0.0298087500066882
8d804f94-929c-61f0-d793-406c27b0f3f5,"Johansson, Filip",D,14,28.0,-0.152842116699292,0.5694376208684129,0.4165955041691208,0.0297568217263657
815dbceb-8111-3b17-f4aa-3b5c7a6c0c43,"Coghlan, Dylan",D,9,34.0,-0.1207707166206361,0.3878573916073674,0.2670866749867312,0.0296762972207479
f7bf7586-8882-91c7-304d-4b970c52c9d5,"Larsson, Jacob",D,17,36.0,0.2984309635269454,0.2057508174863644,0.5041817810133099,0.0296577518243123
28fee7d1-3bbb-19df-abd4-2e0febaadcea,"McIsaac, Jared",D,6,16.0,0.0053080373718287,0.1724897898561019,0.1777978272279306,0.0296329712046551
d9cf213c-8aa3-ec29-2aa1-29c82ed7d5bb,"Raty, Aku",RW,18,82.0,0.2875530238777767,0.2306816576103294,0.5182346814881063,0.0287908156382281
efe32eee-dd5c-b72b-7da9-d193d8e04efc,"Klapka, Adam",RW,16,54.0,0.8445922856996071,-0.3856201282498985,0.4589721574497086,0.0286857598406067
234b7ce2-888e-e9aa-4752-601f5b79ea81,"Walsh, Reilly",D,7,27.0,0.1996291936473038,0.0009182719095895,0.2005474655568933,0.028649637936699
eeb9d4d1-0d23-550d-2796-42a09d440711,"Pouliot, Derrick",D,10,23.0,-0.0151124597358593,0.2844327994825897,0.2693203397467304,0.026932033974673
06aa1b16-e3ee-cce4-0a42-b0f70600c477,"Laberge, Samuel",LW,18,67.0,0.0283092876910195,0.4513863567427905,0.4796956444338101,0.0266497580241005
e687b686-2fb1-2fe6-dce2-df6b6c938539,"Ahcan, Jack",D,17,62.0,0.4907963127472061,-0.0381423103201425,0.4526540024270635,0.0266267060251213
7356658c-38e1-ed2f-84ec-a3abbaceff57,"MacEachern, MacKenzie",LW,11,41.0,0.2572589744561384,0.0345490883946151,0.2918080628507535,0.0265280057137048
8f7dc0f4-ca8a-10e4-040e-574cba9e71b1,"Drew, Hunter",RW,9,48.0,0.2810747577903544,-0.0502150190745896,0.2308597387157648,0.0256510820795294
8d839886-a557-ba77-cbae-bc2af117408e,"Teasdale, Joel",LW,14,53.0,0.8338187450517095,-0.4781492866039141,0.3556694584477954,0.0254049613176996
3a10f482-4800-bee5-3045-86b128ec6420,"Rempe, Matthew",C,12,54.0,0.4491042239929548,-0.1496345983583542,0.2994696256346006,0.0249558021362167
fc414242-12e8-6043-d405-65eef24051c1,"Olausson, Oskar",F,12,40.0,0.112859864657249,0.1863248725903775,0.2991847372476265,0.0249320614373022
bc22e636-a3aa-30c6-baab-dbd6d5403b03,"Lindblom, Oskar",LW,8,32.0,-0.4366520288770865,0.6357721009282167,0.1991200720511302,0.0248900090063912
3e10ec46-6aa6-2444-d4b2-c9c1fde3004e,"Hayes, Avery",RW,8,34.0,0.747497654036434,-0.5518150604353952,0.1956825936010388,0.0244603242001298
7f835c52-5af6-f4e1-eff4-ebe21be0a4bb,"Denisenko, Grigori",F,13,50.0,0.6137844800941585,-0.2964114018079667,0.3173730782861917,0.0244133137143224
2dc963e5-038d-5671-aa35-9c6e6edec835,"Brisson, Brendan",F,19,90.0,0.880039119344256,-0.4335808484739099,0.4464582708703462,0.0234978037300182
23976a10-6bbf-0e35-6025-abd653ad2dd6,"Raty, Aatu",C,22,103.0,-0.6698377120417403,1.1707109677771674,0.5008732557354272,0.0227669661697921
7b2af16f-2fcd-866c-38c3-e85484494645,"Del Mastro, Ethan",D,12,27.0,0.1567091079589004,0.1154698496488881,0.2721789576077886,0.022681579800649
001f8fd1-bc74-2cc8-3e59-09a02532c938,"Nesterenko, Nikita",C,15,59.0,0.9428575511201712,-0.6043798734255016,0.3384776776946697,0.0225651785129779
0f1cb51b-ffed-b0a3-4bb4-5521cdddbf60,"Xhekaj, Arber",D,6,16.0,0.0646974963211841,0.0695698067776299,0.1342673030988141,0.0223778838498023
65195a5e-8639-a163-d566-03adc8582060,"Tuomisto, Antti",D,11,26.0,0.0926081503424847,0.1496681087434347,0.2422762590859195,0.0220251144623563
8442a8c0-dd62-152e-c0ce-60870675dd26,"Wanner, Maximus",D,2,,0.0177066051778645,0.0258799139407561,0.0435865191186206,0.0217932595593103
7e3477b8-f45a-94a8-5f27-568c76857979,"Twarynski, Carsen",LW,3,9.0,-0.1232632674438668,0.1885135377897925,0.0652502703459256,0.0217500901153085
5e597523-3951-4de6-6d47-6d3fe982366b,"Schneider, Cole",F,8,16.0,0.1545088035295351,0.0188208843826108,0.1733296879121459,0.0216662109890182
d06b76a3-3d86-0789-4ece-8c2bbb8dac2a,"Bischoff, Jake",D,11,34.0,0.1716255134390159,0.0657681147608706,0.2373936281998866,0.0215812389272624
f3da2b72-e9b7-6d05-ee3e-834953f9f070,"Marody, Cooper",RW,7,29.0,0.0714517211581026,0.0768384595683341,0.1482901807264367,0.0211843115323481
7e9f0d8e-e3cb-c9d9-5986-30ccc588774a,"McLaughlin, Blake",F,5,9.0,-0.0142812161175503,0.1191190764388379,0.1048378603212875,0.0209675720642575
e1386a3b-c1fb-9641-bb06-7ba06bb4d88c,"Caggiula, Drake",LW,10,32.0,0.1977076739488116,0.0103489398502755,0.2080566137990872,0.0208056613799087
eeab9820-8fb9-1fe7-a710-54c9e7a4e778,"Chisholm, Declan",D,2,6.0,0.0,0.0411966916532309,0.0411966916532309,0.0205983458266154
47d857f2-7d2a-edfc-e1c5-73767c716a2f,"Sweezey, Billy",D,9,38.0,0.5211811684040131,-0.3385516386877497,0.1826295297162634,0.0202921699684737
321ccb94-26f9-bf52-17cf-db4a8b4d324d,"McCartney, Ben",F,9,38.0,0.4760902641930011,-0.299406763910621,0.1766835002823801,0.0196315000313755
cb681adf-c005-f9ab-1da3-15257b4f1bdf,"Douglas, Curtis",C,9,47.0,0.1812052208459262,-0.0090616358696584,0.1721435849762677,0.019127064997363
8885b7bb-ab37-274e-de67-e4e0cb571d11,"Farinacci, John",C,13,48.0,-0.3178507636764788,0.5652734656047127,0.2474227019282339,0.019032515532941
45600aff-c442-b856-6e9a-ae22ed437997,"Attard, Ronald",D,11,42.0,0.0299040430109856,0.1780418587731616,0.2079459017841472,0.0189041728894679
05673e68-1d9f-8728-7874-b41679600750,"Anderson, Joey",RW,3,13.0,0.0762490030748667,-0.0202737234514349,0.0559752796234317,0.0186584265411439
3f6ad3c6-b702-04a6-5fc9-ffe9845026b1,"Simoneau, Xavier",C,7,20.0,0.1799941048971062,-0.0528570630021632,0.127137041894943,0.0181624345564204
728870e3-f628-bce2-5544-711d35c037ca,"Gagner, Sam",RW,5,10.0,0.2929004909010446,-0.2028380948483765,0.090062396052668,0.0180124792105336
d8fed174-fcfd-8e02-be75-ae2b239ab2cd,"Green, Alex",D,6,17.0,-0.1108142088215484,0.2186185731939981,0.1078043643724496,0.0179673940620749
585986b6-3712-2c35-2fca-81686469bf23,"Allison, Wade",F,18,87.0,1.420767142682973,-1.0974958398219674,0.3232713028610057,0.0179595168256114
d7d794dc-6f3b-8c9c-7614-23859008aea2,"Gross, Jordan",D,4,7.0,0.0,0.0708019170299137,0.0708019170299137,0.0177004792574784
9bfe9ddc-4b06-ca9d-ed9a-9fbda2f10d8b,"Kero, Tanner",C,11,60.0,-0.274835021860583,0.4676656216389848,0.1928305997784017,0.0175300545253092
eaf6e42d-fc9b-2620-d315-6f442cf5afa0,"Bardreau, Cole",F,23,107.0,-0.4642042787132373,0.8647573550513623,0.400553076338125,0.0174153511451358
2edb2923-a2c9-13d1-fa88-d6659c99b38e,"Malott, Jeff",LW,14,67.0,-0.0250675073548479,0.2673382791412683,0.2422707717864204,0.0173050551276014
963e7b7e-ada7-34b2-b447-eebe01c946c0,"Mitchell, Ian",D,13,39.0,0.3030391435492822,-0.085749798759743,0.2172893447895391,0.0167145649838107
3558373a-9473-802d-31f9-667a44e97b57,"Scanlin, Brandon",D,8,13.0,-0.2740817553129575,0.4072188720442248,0.1331371167312673,0.0166421395914084
a855a24c-10d7-480c-5f02-f40cacd514f9,"Luff, Matt",RW,9,37.0,0.1796606465716532,-0.0313038135832763,0.1483568329883769,0.0164840925542641
a2e5ba9a-a3d2-3c36-25f5-6b71426f884d,"Kuhlman, Karson",RW,11,51.0,-0.2777780031305769,0.454442541208641,0.1766645380780641,0.0160604125525512
e2268782-d1cd-c267-e7ab-c1fd76d2e34f,"Connauton, Kevin",D,16,41.0,0.2654849993289495,-0.0109127091203453,0.2545722902086041,0.0159107681380377
42e3b869-a651-df12-3291-53f0f3320501,"Gettinger, Timothy",LW,12,51.0,-0.5766669133938754,0.7675717707033239,0.1909048573094485,0.0159087381091207
1b0ec3d0-fbd0-112f-f859-6c6696f55dee,"Beckman, Adam",LW,19,79.0,0.3279226294828615,-0.0362279979668439,0.2916946315160176,0.0153523490271588
2cb7c2e9-6da3-f835-9636-f6c67c6c362e,"Lajoie, Maxime",D,8,23.0,0.1261827484726098,-0.0093703966567175,0.1168123518158922,0.0146015439769865
aac0832e-8972-5a3d-7f15-1ac5c9e80727,"Shaw, Logan",F,16,62.0,0.1567495637756177,0.0739537406261474,0.2307033044017651,0.0144189565251103
a89675de-e91c-1bde-8b0b-ba8780b2295c,"Brazeau, Justin",RW,12,44.0,0.4025191600009401,-0.2342838060176924,0.1682353539832476,0.0140196128319373
48d0d556-7f19-8d92-f6ff-b83120c8c32b,"Hofer, Ryan",RW,10,53.0,0.6067744680692674,-0.4696322566221438,0.1371422114471235,0.0137142211447123
1f87233d-cd1d-1ebf-d866-e777d5b45092,"Edstrom, Adam",C,11,38.0,0.2705587979183135,-0.1212557758564674,0.149303022061846,0.0135730020056223
b1e9d040-a917-bccd-657f-2da715dce2a5,"Madden, Tyler",F,19,88.0,0.8876239888571348,-0.6302465088621482,0.2573774799949866,0.0135461831576308
bba30af5-560c-b50d-0be3-319e7be45c4d,"Nash, Riley",F,7,26.0,-0.0685029570038876,0.1607739779340496,0.0922710209301619,0.0131815744185945
d5cbd975-fd60-baee-98cf-7ef20bd4859f,"Gauthier, Julien",RW,4,9.0,0.0041064117774924,0.0480893809817556,0.052195792759248,0.013048948189812
cb8a6b8b-c5a6-4bfe-10b7-15c784b83a7d,"Bjork, Marcus",D,11,36.0,0.4798235826749851,-0.3364994737916175,0.1433241088833676,0.0130294644439425
1528eac5-8aa1-8745-fd3f-52cb7c35ab0d,"Seney, Brett",F,11,42.0,-0.0708102446626411,0.2070632456506974,0.1362530009880563,0.0123866364534596
6619f4e6-237f-7851-e50f-2f41769d8604,"Belpedio, Louie",D,10,21.0,-0.0442549057792985,0.1606646450176756,0.1164097392383771,0.0116409739238377
0f5d506b-581b-3d01-5aaf-a5b5d36bdfab,"Rosen, Calle",D,16,34.0,0.0750419136933818,0.1103588092019637,0.1854007228953456,0.0115875451809591
f6efd579-5ea6-2224-2dac-5197e2f9090c,"Myers, Philippe",D,18,39.0,-0.3099766033117928,0.515099870770948,0.2051232674591551,0.0113957370810641
af933b87-4f83-feaa-feff-6f90363db186,"Sabourin, Scott",F,12,44.0,-0.0803515579734025,0.2124701852205983,0.1321186272471957,0.0110098856039329
58ff86bf-e659-f9dc-3f5f-6a51741e47ab,"Zohorna, Radim",C,6,30.0,-0.1023020310134033,0.1679064996580485,0.0656044686446451,0.0109340781074408
f689ab68-ff09-c472-b41e-9fe5260553a8,"Imama, Bokondji",LW,13,55.0,0.3221346443150902,-0.1816198616893354,0.1405147826257548,0.0108088294327503
1d33070c-e556-fb1e-bc44-0073a18d3693,"Miller, Brenden",D,12,22.0,0.021117377730958,0.0985931317429647,0.1197105094739227,0.0099758757894935
b5213912-a849-6bc0-e07c-2b66d599713e,"Dean, Zachary",F,11,38.0,0.21489429694469,-0.1101012591568282,0.1047930377878617,0.0095266397988965
8c885fad-a1cf-d44e-ff3c-1975721abdbc,"DeSimone, Nick",D,2,6.0,0.0,0.0186109163103031,0.0186109163103031,0.0093054581551515
596db0b3-b0e7-ce8e-41f6-7008175ce45c,"Gust, David",F,21,96.0,-0.2266267045835277,0.4188631311653333,0.1922364265818056,0.0091541155515145
987b6366-d0e8-ced6-e37d-95f8ca177630,"Carlsson, Lucas",D,12,28.0,0.2057734598965491,-0.1033987771530121,0.102374682743537,0.0085312235619614
6110cbf6-1606-3431-643c-78b0e035f5ff,"Gawdin, Glenn",F,23,86.0,0.4291175301900864,-0.2384837012426555,0.1906338289474309,0.0082884273455404
a0c15a5d-c635-d29e-06a4-421921529350,"Dunne, Josh",C,11,43.0,-0.0118816402204238,0.1027627513706825,0.0908811111502586,0.008261919195478
a642a014-b17e-3674-5214-a0c41b7836ba,"Mayhew, Gerald",C,11,35.0,0.039692877655142,0.0423163878037428,0.0820092654588848,0.0074553877689895
41628483-4877-7355-2278-bf4aca0a7017,"Teply, Michal",F,20,70.0,0.6195539687702086,-0.4745526975324877,0.1450012712377208,0.007250063561886
262628d6-d96f-8dea-72e2-0aece98b7fff,"Brouillard, Nikolas",D,11,15.0,-0.0246526534888346,0.0947849642165105,0.0701323107276759,0.0063756646116069
c5c3387a-6e3e-1ae9-824c-315974f6414e,"Berard, Brett",F,13,53.0,0.0132421234090434,0.0654896969235793,0.0787318203326227,0.0060562938717402
8f7c6f8d-3bdb-a0bb-1ec6-89d287eacff5,"Lambert, Brad",F,15,59.0,0.2476501664054062,-0.1628050766727152,0.0848450897326909,0.0056563393155127
e8fcf932-3019-3ccc-543b-67b8c8e584bb,"Petrovic, Alexander",D,10,24.0,0.0549609568579972,-0.0113054322305609,0.0436555246274363,0.0043655524627436
2e33542c-6735-7a9d-beb1-3911e384f921,"McDonough, Aidan",LW,11,41.0,0.1664082213327767,-0.1184823389966454,0.0479258823361313,0.0043568983941937
5d88c997-487b-2fcb-c49f-64757c86548e,"Dries, Sheldon",C,9,27.0,0.0091761246491611,0.028783983677221,0.0379601083263822,0.0042177898140424
b275b038-e474-6565-4b4b-a2265fec696a,"Irwin, Matt",D,11,29.0,0.1508873826652686,-0.1123652640170313,0.0385221186482373,0.0035020107862033
4eecd58b-a888-e165-9a1a-0d284825ae25,"Kulich, Jiri",C,11,34.0,-0.2436962831192658,0.2802940831386635,0.0365978000193976,0.0033270727290361
579da99e-0b65-5601-e4eb-7bf837211c3f,"Morrison, Cameron",LW,5,25.0,-0.0313633174076595,0.0443568641970583,0.0129935467893988,0.0025987093578797
19c643ff-fb68-0999-d76d-840158053e4a,"Doty, Jacob",F,11,46.0,0.6249968519671504,-0.5974668658574014,0.0275299861097489,0.0025027260099771
ee172400-aed4-5013-4ad3-4a4798d72b3e,"Tynan, TJ",F,17,72.0,0.4316997586654632,-0.392111165801695,0.0395885928637681,0.0023287407566922
b1af8af7-bec4-8140-315c-a328ad668097,"Livingstone, Jake",D,12,29.0,0.0984347821877338,-0.0716370211783219,0.0267977610094119,0.0022331467507843
f2bc8771-8044-2f22-b289-2e910a46dfce,"Heatherington, Dillon",D,7,17.0,-0.1138995763921321,0.1245833240132548,0.0106837476211227,0.0015262496601603
e69dd394-c120-c096-00ba-2db135c0a1b1,"Dube, Pierrick",RW,11,31.0,0.1545862380481323,-0.1399007561905507,0.0146854818575815,0.0013350438052346
d11d3df7-7ef8-fb46-8220-3f5604bec3b8,"Robinson, Eric",LW,6,18.0,0.0222366320692493,-0.0160089418776777,0.0062276901915716,0.0010379483652619
cfba3301-eead-3014-a5aa-d4daa9cf5d3b,"Cajkovic, Maxim",F,2,7.0,0.2238430838914169,-0.2224760537112054,0.0013670301802114,0.0006835150901057
6b02137d-510a-65ed-24a8-c60dffebc9f3,"Giroux, Damien",C,6,24.0,-0.0646315854066627,0.066954647597627,0.0023230621909643,0.0003871770318273
0ac29755-f1de-15b2-904e-d17a9ed4fac8,"Fleury, Cale",D,6,21.0,-0.0001941461853587,0.0016305405942801,0.0014363944089214,0.0002393990681535
15e46e6c-821c-e6ae-dc28-f161cd626ca5,"Brooks, Adam",C,5,23.0,-0.1692515406853709,0.1703986863448799,0.0011471456595089,0.0002294291319017
a434fff2-8e1b-5bc6-1759-b545496778b5,"Edvinsson, Simon",D,8,18.0,0.1199319758445375,-0.118806914103946,0.0011250617405914,0.0001406327175739
d5313105-925e-e8bd-e752-74e47b2ca328,"Robertson, Matthew",D,14,24.0,-0.1352892144431257,0.1363512762950955,0.0010620618519698,7.586156085498794e-05
aed2833c-1982-2c81-12d6-ce42690c132f,"Anderson-Dolan, Jaret",C,1,2.0,0.0,0.0,0.0,0.0
a5d99bd5-04ad-cc18-c4b4-2e2ac07cd3e5,"Chinakhov, Yegor",RW,1,2.0,0.0,0.0,0.0,0.0
75af17b8-2f42-25a1-947f-299ac164603e,"Hillis, Cam",RW,1,2.0,0.0,0.0,0.0,0.0
4e579c02-16bc-bac7-ced8-63eecf89a8b9,"Foote, Nolan",LW,2,3.0,0.0,0.0,0.0,0.0
17bf6332-f9af-d4f3-c60a-ed7cd976f2cc,"Bayreuther, Gavin",D,1,1.0,0.0,0.0,0.0,0.0
6815a801-6584-a22a-0db0-2dc6e23d8928,"Capobianco, Kyle",D,10,46.0,0.561964512624163,-0.5665465670806041,-0.0045820544564411,-0.0004582054456441
829fe83b-5b79-50a7-0b5a-837f3db608d1,"Suzuki, Ryan",C,12,42.0,-0.0476843840525373,0.0400712968257827,-0.0076130872267546,-0.0006344239355628
58783cc8-82b3-f9f3-fcf1-fec74713086f,"Soderstrom, Victor",D,18,47.0,-0.0383984406340068,0.0257110763350773,-0.0126873642989295,-0.0007048535721627
cdc94907-804c-5cef-ce85-830a04ee6718,"Hickey, Brandon",D,5,13.0,0.2398042155683832,-0.2459614777485033,-0.00615726218012,-0.001231452436024
71bee4d1-8889-3ec6-e934-ef86eca81be9,"Walcott, Daniel",LW,17,59.0,-0.5407083214747062,0.5182250807043622,-0.0224832407703439,-0.0013225435747261
8b9a3cb8-fe56-bdee-92ab-9dd83fa15593,"Asplund, Rasmus",C,18,52.0,-0.5661370321464222,0.5407125532980132,-0.025424478848409,-0.0014124710471338
397ed1a1-984e-b4e0-ef52-0edc268d59bc,"Kessel, Matt",D,13,23.0,-0.0599178465428085,0.0413846761251972,-0.0185331704176112,-0.0014256284936624
ce6e3edf-e901-06ab-00b5-185583eeb8ae,"Ouellet, Xavier",D,4,6.0,0.0,-0.0074314035535839,-0.0074314035535839,-0.0018578508883959
5cfb433e-f489-5965-e0f1-6ccb5d7a2b2c,"Nikkanen, Henri",C,13,46.0,0.1543106522471297,-0.1785855550059688,-0.024274902758839,-0.0018673002122183
faf301b4-fa0d-303d-9cc5-6e5633143bc1,"Knazko, Samuel",D,6,16.0,0.0171807894847991,-0.0302716653942471,-0.013090875909448,-0.0021818126515746
629d5563-2754-3120-3402-3b116164482f,"Bellows, Kieffer",LW,11,31.0,0.1207143517746724,-0.1450055644078789,-0.0242912126332065,-0.0022082920575642
4a330c37-6650-01f9-b5c3-76e54ed5a565,"Blumel, Matej",F,14,65.0,-0.4145656331431447,0.3802025818421867,-0.034363051300958,-0.0024545036643541
0ce6b03a-1c53-674c-856d-df3b6dbfd50d,"O'Reilly, Cal",C,20,86.0,0.0190178273950239,-0.0728525782831491,-0.0538347508881252,-0.0026917375444062
8bf524f6-7499-1f04-dd8e-e7e80934fb0f,"Kuntar, Trevor",LW,7,34.0,0.4201095976597634,-0.4397289801466684,-0.0196193824869049,-0.0028027689267007
b26348d5-86ba-a414-caa0-1aea4d766bc3,"Stillman, Riley",D,2,6.0,-0.0651572474299122,0.0595238059746777,-0.0056334414552344,-0.0028167207276172
f3bbce09-c265-0be1-5e2e-71431ffa9edc,"Gaucher, Nathan",C,3,,-0.0179792784949332,0.0094279706949929,-0.0085513077999403,-0.0028504359333134
9f51a34c-54a1-ed9f-ac4a-2983803bd170,"Benning, Michael",D,3,,0.0581906459452015,-0.0667419537902103,-0.0085513078450088,-0.0028504359483362
dcfd5d40-4240-1426-b224-8da9ede17716,"Khodorenko, Patrick",C,3,,0.1059156215891086,-0.1144669294351923,-0.0085513078460836,-0.0028504359486945
2864d29b-c2b5-a160-af4f-33bd2c5150ac,"Moberg, Cole",D,1,1.0,0.0,-0.0029510594769218,-0.0029510594769218,-0.0029510594769218
f0eb7a58-4ead-3515-a883-490e844538f4,"Podkolzin, Vasily",RW,15,55.0,0.4979379718050094,-0.5428992832609904,-0.0449613114559809,-0.002997420763732
9123cf74-4ebf-4134-8942-ac14445c836b,"Todd, Nathan",F,14,43.0,0.6278270139264606,-0.6727079231248152,-0.0448809091983546,-0.0032057792284539
805e3414-06c4-31b9-75fc-b1ca4a97ae2c,"Peters, Alexander",D,9,19.0,-0.0018033228544723,-0.0365883769620814,-0.0383916998165538,-0.0042657444240615
00107e79-8a36-de05-69c7-86087051c558,"Lombardi, Amadeus",C,18,71.0,0.3126579702185043,-0.3916209038222928,-0.0789629336037885,-0.0043868296446549
cce167f2-c8fd-27c9-a350-0a4931c5b132,"Megna, Jayson",C,15,64.0,0.3244693064488098,-0.3946909673755552,-0.0702216609267454,-0.004681444061783
3c2ab360-a121-0ed0-f646-981b7b371eda,"Gleason, Benjamin",D,9,17.0,-0.168257923860104,0.1207130797369208,-0.0475448441231832,-0.0052827604581314
8928e094-1450-a2f0-bb6f-6fd697d469c4,"Terry, Chris",F,12,47.0,0.193446594343287,-0.2590130931662053,-0.0655664988229183,-0.0054638749019098
fb734863-ed94-8167-1f2c-039c70f6fed7,"Heinola, Ville",D,15,37.0,0.406217757566138,-0.502472171004974,-0.0962544134388359,-0.0064169608959223
9ef6d4ec-63a9-9da3-2580-cc0bfca09b47,"Malone, Brad",C,12,40.0,-0.3910337520169784,0.3131875792364159,-0.0778461727805625,-0.0064871810650468
b8541c9c-40ff-8902-1a40-af7c2916bfaa,"Geertsen, Mason",LW,7,36.0,0.2968433408736317,-0.3460138955592085,-0.0491705546855767,-0.0070243649550823
c6548f66-32fe-d071-8807-3d92f9c63357,"Clurman, Nathan",D,7,18.0,-0.1158618376906029,0.0664071856564344,-0.0494546520341684,-0.0070649502905954
ca8bc734-74c0-cc3e-db09-72ea657f75e2,"Clague, Kale",D,6,13.0,-0.1715991145385882,0.1283344827221997,-0.0432646318163884,-0.007210771969398
68279cec-5e6b-21a0-ab19-e021e0f21161,"Kampfer, Steven",D,11,52.0,-0.1239748379759135,0.0443644386118208,-0.0796103993640927,-0.0072373090330993
4d3e2b74-879a-b997-e31f-715ee7403cb7,"Mersch, Michael",RW,16,55.0,0.0871529026494825,-0.2142173400017688,-0.1270644373522862,-0.0079415273345178
6b15df6f-e4cb-a8f9-2f8f-1985efc31e8d,"Kubiak, Jeff",F,22,105.0,0.0380360883193272,-0.2218103869724275,-0.1837742986531002,-0.0083533772115045
18661cc1-b9d0-2e30-154e-9ae1b75e54e8,"Healey, Josh",D,8,18.0,-0.2244798541174446,0.1571040746568634,-0.0673757794605811,-0.0084219724325726
aa62c9e1-6b63-f21c-d006-de303c37b321,"Grubbe, Jayden",C,3,,-0.0909839097603374,0.0650533262633485,-0.0259305834969889,-0.0086435278323296
eea2f5b1-7f49-aeed-2bad-ceff85f41700,"Dumont, Gabriel",C,11,44.0,0.1689346486461091,-0.2666957189886649,-0.0977610703425557,-0.0088873700311414
d163f9d0-a5ca-a57a-ab12-4e96fc510ae2,"Rathbone, Jack",D,13,31.0,0.1119573754794524,-0.2308034295523023,-0.1188460540728498,-0.0091420041594499
eae1ab79-80df-8541-6b6a-a86ae9097d08,"Slaggert, Graham",C,12,47.0,0.1050049479924383,-0.2162032420581001,-0.1111982940656618,-0.0092665245054718
16639321-8e4f-7071-4f1a-276266715f99,"Peca, Matthew",C,12,42.0,-0.3436505714409889,0.2287671931606187,-0.1148833782803702,-0.0095736148566975
8750d372-0576-0fce-74d6-1a871d154ade,"Renouf, Dan",D,10,25.0,-0.0172403501941085,-0.0815830149411928,-0.0988233651353013,-0.0098823365135301
b12fdd9e-316f-4faf-3cac-069ae626093c,"Kinnunen, Santtu",D,12,23.0,0.1823858881899118,-0.3025195947815089,-0.1201337065915971,-0.0100111422159664
73819ce9-d8cf-b983-9994-bf279611d66f,"Hutton, Grant",D,6,11.0,0.0,-0.0619912538197868,-0.0619912538197868,-0.0103318756366311
42d8748f-fc64-ecc4-7d4b-36f4f690f0a6,"Malinski, Sam",D,11,34.0,0.0042756645661061,-0.1226515813598617,-0.1183759167937555,-0.0107614469812505
7a8b62e2-0b6b-1e9b-788c-0338df40543e,"Regula, Alec",D,11,29.0,0.1813869137558627,-0.3003140741225602,-0.1189271603666974,-0.0108115600333361
69c1e284-b220-e453-250a-66413a82618e,"Studenic, Marian",LW,12,55.0,0.3000584608177007,-0.4318505396958899,-0.1317920788781892,-0.0109826732398491
40f7ce41-67aa-9b1e-4629-14ea33e8799f,"Cates, Jackson",F,14,62.0,-0.2935605143204209,0.1376337007394292,-0.1559268135809917,-0.0111376295414994
67e1e8ce-d6e8-927b-8a0f-0eaf39b35fc6,"Pinho, Brian",F,13,50.0,0.1237950779850879,-0.2749742578435626,-0.1511791798584747,-0.0116291676814211
ac8def35-7690-efa6-0e76-cb51ada82cf5,"Koivula, Otto",C,14,53.0,0.1674101728962784,-0.3320437468521935,-0.1646335739559151,-0.011759540996851
7f38f375-6f8b-a621-c862-3ae701f326c6,"Schueneman, Corey",D,12,40.0,-0.093504415869279,-0.0486318036051183,-0.1421362194743974,-0.0118446849561997
4a3350c4-97e1-9963-9715-c358507e8b95,"White, Colin",C,1,1.0,0.0,-0.0119343300875865,-0.0119343300875865,-0.0119343300875865
c49719c8-8490-01cc-e81b-91996b030e35,"Jenik, Jan",C,9,27.0,-0.1107844486103893,0.0016908082430246,-0.1090936403673646,-0.0121215155963738
23033c23-8f41-970b-8423-7c1eef91ab38,"Ratcliffe, Isaac",LW,16,66.0,0.9220583164044588,-1.1227422188480207,-0.2006839024435618,-0.0125427439027226
1651abe9-2976-0545-0d54-345324506c9f,"Johnson, Ryan",D,6,11.0,-0.0458661611528803,-0.0307496759283994,-0.0766158370812798,-0.0127693061802133
c05db9ee-e2c8-5bba-3a20-cee81b8b04c1,"Butcher, Will",D,6,14.0,-0.1520421037243277,0.0744777654162798,-0.0775643383080478,-0.0129273897180079
ba6ccd17-6b01-8ed6-8af9-e37cd98df349,"Fagemo, Samuel",LW,9,25.0,0.4195768060150676,-0.536112221833574,-0.1165354158185064,-0.0129483795353896
92ba8cca-e560-cb08-e2d6-15259ce631d1,"MacEwen, Zack",RW,2,5.0,-0.0109093400919303,-0.0154819641216306,-0.026391304213561,-0.0131956521067805
9ba734ab-eb7b-f21a-f8f4-737e7fd707b8,"Desnoyers, Elliot",LW,11,42.0,-0.222419172204198,0.0764804007418424,-0.1459387714623556,-0.0132671610420323
42be5bc9-7952-affb-ce16-442e16f141e2,"Keeper, Brady",D,1,1.0,0.0,-0.0132878217601623,-0.0132878217601623,-0.0132878217601623
e83be427-c991-506c-5133-ca5f4a743e97,"Day, Sean",D,7,14.0,-0.0022693943811547,-0.0927797372684413,-0.0950491316495961,-0.0135784473785137
d1070fa3-193d-812d-061f-555825538779,"Poturalski, Andrew",F,8,35.0,-0.1385139703098395,0.0279812394526161,-0.1105327308572234,-0.0138165913571529
c25ea63f-011d-ce60-d969-b7d83cf526b1,"Jones, Ben",C,12,43.0,0.37016528383817,-0.5360660634364911,-0.165900779598321,-0.0138250649665267
1ab2133d-766e-f84d-6493-58a2f096104c,"Fizer, Tarun",RW,7,18.0,-0.0737167673738807,-0.0287906872318964,-0.1025074546057771,-0.0146439220865395
9daae941-4f95-c94c-baf7-a520ad42785f,"Iskhakov, Ruslan",F,23,97.0,0.4194654569111831,-0.7602090530305117,-0.3407435961193286,-0.0148149389617099
6d2cb984-e1e6-a715-26d2-93a528bb379b,"Bjork, Anders",LW,9,50.0,-0.1533884325575311,0.0187056278011358,-0.1346828047563952,-0.0149647560840439
00afeab4-d457-7723-e196-9e398fbc4498,"Bailey, Justin",F,3,5.0,0.1037414757434329,-0.1487694895608153,-0.0450280138173824,-0.0150093379391274
83cfcd84-1391-c9fa-11b5-d3ec86ed5781,"Erne, Adam",LW,5,17.0,0.229513195107239,-0.304629854141383,-0.0751166590341439,-0.0150233318068287
a4d2e13f-2638-0209-d549-144462a538a9,"Russo, Robbie",D,12,36.0,0.4129305173778557,-0.5950560633136746,-0.1821255459358188,-0.0151771288279849
6c3c93f5-8e6b-ecc2-be4b-8d7a1788438f,"Kalynuk, Wyatt",D,7,13.0,0.0,-0.1074168357810504,-0.1074168357810504,-0.0153452622544357
647565e5-1012-bd7f-f56f-3fc756a2ad52,"Millman, Mason",D,3,3.0,0.0,-0.0464212452293701,-0.0464212452293701,-0.01547374840979
5f892ad5-e130-bc2e-c361-f6cfbd6bd692,"Malatesta, James",LW,12,46.0,-0.1613581852830403,-0.0262572732035769,-0.1876154584866172,-0.0156346215405514
f7d87866-fb2a-6a94-5317-d30145102fef,"Meyer, Carson",RW,10,30.0,-0.3587555915252618,0.2001954344003527,-0.1585601571249091,-0.0158560157124909
0af3f2e3-7646-a092-4313-a467ee77fcdd,"Hunt, Daemon",D,10,27.0,-0.1693450574438538,0.0073293917518339,-0.1620156656920198,-0.0162015665692019
8eeee104-b93e-904a-fca1-953e9b5ecef8,"Krygier, Cole",D,8,24.0,-0.0526282600319737,-0.0770251106740483,-0.129653370706022,-0.0162066713382527
9a673947-843b-c6fd-0b7e-35c0d46cf23f,"Sokolov, Yegor",F,16,73.0,0.2304428403963129,-0.4984021592440445,-0.2679593188477316,-0.0167474574279832
5bd62585-fe76-88d0-45d7-8841bb9908ce,"McKeown, Roland",D,10,18.0,-0.0137557040441057,-0.1579645261771507,-0.1717202302212565,-0.0171720230221256
533724e1-ab7f-8b95-8049-65aba9809721,"Ness, Aaron",D,10,20.0,0.0609099375453703,-0.2337404864588094,-0.172830548913439,-0.0172830548913439
5d869c26-9a71-e900-832f-2f3b45e7471c,"Lohrei, Mason",D,5,12.0,0.0271018879675801,-0.1149876800183809,-0.0878857920508008,-0.0175771584101601
355acc16-c566-85e1-999f-aebfac4b68eb,"Wotherspoon, Tyler",D,12,26.0,-0.1094492252910943,-0.103830439209383,-0.2132796645004774,-0.0177733053750397
7ded16cf-d2c8-7e4b-a0b6-edfdcf61afd0,"Friedman, Mark",D,2,2.0,0.0,-0.0357256954428051,-0.0357256954428051,-0.0178628477214025
47e607eb-374a-751f-1987-8f08b7f86fbe,"Ahac, Layton",D,8,17.0,0.0403724696975438,-0.1836033482230633,-0.1432308785255194,-0.0179038598156899
bf2ac865-06ab-adb3-95eb-a4d80117aee8,"Schuldt, Jimmy",D,14,31.0,0.0303678424854471,-0.2839244377569655,-0.2535565952715184,-0.018111185376537
85ee3269-0c02-823e-7fe2-a1a0b0566cd7,"Chaffee, Mitchell",RW,7,37.0,0.0449204136012565,-0.1726562624336439,-0.1277358488323873,-0.0182479784046267
5a5d0830-e103-4d21-f233-e649aa2cb119,"Kesselring, Mike",D,1,1.0,0.0,-0.0185641134960733,-0.0185641134960733,-0.0185641134960733
e11c278e-bb24-1555-240d-8556a7f63afb,"Sutter, Riley",C,19,90.0,-0.0683212647812072,-0.2852779272675046,-0.3535991920487119,-0.0186104837920374
c8f5ce37-256b-6dba-d068-eccc978959b9,"White, Colton",D,7,14.0,-0.0531961134749681,-0.0771418352189195,-0.1303379486938876,-0.0186197069562696
a4fe9cde-2b89-7e99-5181-d8855c55e821,"Crevier, Louis",D,12,23.0,-0.0611185637590983,-0.164792008761792,-0.2259105725208904,-0.0188258810434075
95faf17f-eeab-555e-2e51-7af990402dc6,"Samoskevich, Mackie",RW,20,66.0,0.7465602289879427,-1.128158382310858,-0.3815981533229153,-0.0190799076661457
e9ef1506-4a97-1586-e7b4-a1dfbec02e4e,"Fix-Wolansky, Trey",RW,7,33.0,-0.0141997004192565,-0.1218060433386974,-0.1360057437579541,-0.019429391965422
f3124fb4-5a13-5eb9-b17e-591923ba6356,"Morrison, Logan",F,11,44.0,0.1775068309442135,-0.3915513457544927,-0.2140445148102792,-0.0194585922554799
cf47f181-03bc-cec7-23d8-23f407701653,"Weissbach, Linus",LW,6,22.0,0.0147011544424726,-0.1319487789016907,-0.117247624459218,-0.019541270743203
75fce25f-ab8f-4f02-2e5e-41faf5ad62ef,"Wouters, Chase",C,27,115.0,-0.3586165063356817,-0.1874220485253542,-0.546038554861036,-0.0202236501800383
3bf23b92-9a1d-7c1c-38fc-d173028e1fca,"Fedun, Taylor",D,3,11.0,-0.0161416639594484,-0.0451278978984244,-0.0612695618578729,-0.0204231872859576
0d3d8f91-b7fc-3d13-09dd-0e51c390ed6f,"Crotty, Cameron",D,9,29.0,0.0383191135659855,-0.226148699033062,-0.1878295854670765,-0.0208699539407862
03e51f3c-cfff-9ae9-5b2f-cb7e72a786cd,"Kindopp, Bryce",RW,7,22.0,-0.0685237189694241,-0.078217882751799,-0.1467416017212232,-0.0209630859601747
f5fcdc05-b825-c3c6-187d-b79bb81ea956,"Rosen, Isak",RW,14,58.0,0.1021721948181103,-0.4046436915430289,-0.3024714967249186,-0.0216051069089227
499a866c-4e2f-75cc-4453-3765b766e0f0,"Thomas, Akil",F,15,51.0,0.1227925757006656,-0.4508736910905551,-0.3280811153898895,-0.0218720743593259
55083278-5797-8647-ed4f-5deab1f4fb43,"Barron, Justin",D,7,13.0,-0.0719020722727221,-0.0830979770552192,-0.1550000493279413,-0.0221428641897059
24e877cf-3574-a5f2-8b07-8dbb117f561d,"Gravel, Kevin",D,7,14.0,0.023868561157528,-0.1802373215574647,-0.1563687603999367,-0.0223383943428481
3b45ddb8-fde0-99cf-6165-f66bd4462ddb,"Salo, Robin",D,12,23.0,0.0598938339582968,-0.3305234750155498,-0.270629641057253,-0.0225524700881044
8dd277fe-98ea-6fe2-f846-af1ff688112e,"Leonard, John",LW,20,76.0,-0.4349300660682791,-0.0224167642859224,-0.4573468303542015,-0.02286734151771
aa7242ad-c419-33d4-6be1-f8132fc80b23,"Skinner, Hunter",D,6,11.0,0.3023807991526915,-0.4407718152159197,-0.1383910160632281,-0.0230651693438713
5c67bc38-5487-75fa-57e0-2d6811c164b6,"Galipeau, Olivier",D,10,34.0,0.0185931799278171,-0.256890601076972,-0.2382974211491549,-0.0238297421149154
2f0f6eea-d3b1-2226-ceaa-3779abcbff69,"Szuber, Maksymilian",D,11,22.0,0.0167559398493097,-0.2794274074930475,-0.2626714676437378,-0.0238792243312488
94c58fec-e597-77fa-ea7c-b64e8dec79d8,"Froese, Byron",F,8,32.0,0.0522596091521787,-0.244947299388302,-0.1926876902361232,-0.0240859612795154
cbbf55f5-9496-ac26-5465-bc1dd9bc474f,"Kleven, Tyler",D,16,40.0,0.2614702132499934,-0.654805986757214,-0.3933357735072206,-0.0245834858442012
11147770-b835-0375-d510-285823af4af9,"Beaucage, Alex",RW,10,45.0,-0.2371162488400888,-0.0156239955412836,-0.2527402443813724,-0.0252740244381372
f4381702-541d-bbce-d4ad-9ada397f80ec,"Cracknell, Adam",F,12,62.0,0.5322498722999938,-0.8387785205415204,-0.3065286482415266,-0.0255440540201272
987469e8-a8b0-b09d-8171-9c3094253328,"Samorukov, Dmitri",D,12,27.0,0.0953889734932927,-0.4035150229555576,-0.3081260494622648,-0.025677170788522
2622a685-e219-c5e7-e7f1-d413e86d75cc,"Pitlick, Rem",LW,8,43.0,0.0945559545033522,-0.3025234796710025,-0.2079675251676502,-0.0259959406459562
cea95974-dc8a-a373-919e-beb7ff91d488,"Murray, Brett",LW,13,59.0,0.026523603641327,-0.3688619263106147,-0.3423383226692877,-0.0263337171284067
af6ab9b3-a019-9b82-fa37-120d97e9f0b6,"Coronato, Matthew",RW,6,20.0,0.0003426013083469,-0.1620000953527987,-0.1616574940444518,-0.0269429156740753
6e63d926-1cb1-c092-8a03-de277ae4bf98,"Priskie, Chase",D,15,22.0,0.3829550333512111,-0.7872059858753389,-0.4042509525241277,-0.0269500635016085
0e576680-d92a-8954-1c02-51bab3e6670c,"Kelemen, Milos",F,13,63.0,-0.2214825004711521,-0.1297430362494155,-0.3512255367205676,-0.0270173489785052
9e0e0f1c-bcac-2b93-5f18-622924dfb131,"Gawanke, Leon",D,10,22.0,0.3021065120804932,-0.5747706429857696,-0.2726641309052764,-0.0272664130905276
b515a4d8-b6ba-5e9c-808c-3ab9484fcd14,"Zellweger, Olen",D,7,21.0,-0.0329497337695159,-0.1584387978565056,-0.1913885316260215,-0.0273412188037173
718d4ab2-3efc-3646-2586-f9bf06d844e8,"Hagg, Robert",D,11,13.0,0.1865578172405361,-0.4878222307191984,-0.3012644134786623,-0.0273876739526056
47e6d280-b60f-6e84-96d8-a374b5a662a6,"Norlinder, Mattias",D,7,19.0,0.010782181555257,-0.2033575532746504,-0.1925753717193934,-0.0275107673884847
add3d394-1378-64cf-5d00-dc6027bcf5bd,"Slavin, Josiah",LW,20,78.0,-0.582437992258336,0.0244664511178923,-0.5579715411404437,-0.0278985770570221
6b122583-dd65-ac45-1516-8d861b35db24,"Bjornfot, Tobias",D,1,1.0,0.0,-0.028436140711692,-0.028436140711692,-0.028436140711692
65327d7e-6886-5ff4-3e14-b0a655b531a4,"Santini, Steven",D,10,21.0,-0.1604591040164758,-0.1302788106365846,-0.2907379146530605,-0.029073791465306
0fc2aec6-40be-303c-e3c0-f99a7402a6c5,"Barre-Boulet, Alex",C,2,7.0,-0.2438601134656963,0.1848531471018373,-0.059006966363859,-0.0295034831819295
392760f4-597a-e47c-633f-1b9d29568423,"Leschyshyn, Jake",C,11,37.0,-0.0853885699891726,-0.2416424346290736,-0.3270310046182463,-0.0297300913289314
fc2fdeb8-f765-d874-c079-e534fe36e8a2,"Hillman, Blake",D,4,6.0,-0.0972629203863598,-0.0218827247505955,-0.1191456451369553,-0.0297864112842388
a4939932-d13e-4c1e-b534-699402d2888a,"Laczynski, Tanner",F,16,69.0,0.2257552866125129,-0.7051977279689352,-0.4794424413564223,-0.0299651525847763
0216a2f3-905b-a0cc-78d2-1ace22850834,"Richard, Anthony",LW,11,41.0,0.1190708520907577,-0.4549024410555156,-0.3358315889647579,-0.0305301444513416
650eabdc-aab3-679a-03a2-d086646b86b9,"Pare, Cedric",F,15,61.0,0.404809024290271,-0.8644697044998033,-0.4596606802095322,-0.0306440453473021
d9161211-1630-84bf-6d4d-423ce053cd83,"Abruzzese, Nicholas",LW,16,75.0,0.2790983368465842,-0.7719854851424219,-0.4928871482958377,-0.0308054467684898
e189f09c-ba3d-6a94-95bf-30aaa84cf98d,"Svozil, Stanislav",D,10,20.0,0.0725117489414486,-0.3885478928112248,-0.3160361438697762,-0.0316036143869776
b2f264ba-1fa2-c297-2cf2-a5109e7b99d9,"Reinhardt, Cole",LW,12,48.0,-0.4790209610036665,0.0994474057416675,-0.379573555261999,-0.0316311296051665
6d76255c-3247-8cd9-1e45-d4543ce11e86,"Hayden, John",F,15,57.0,1.0839720654155056,-1.5599230404100075,-0.4759509749945019,-0.0317300649996334
cb92f717-6ee3-40c7-6ac2-daeb4eb54954,"Bains, Arshdeep",LW,17,73.0,0.131260913232702,-0.6709874284860905,-0.5397265152533886,-0.0317486185443169
a8b58f4d-a821-d7b0-b74e-f537ad471336,"Sautner, Ashton",D,8,27.0,-0.1075831503542152,-0.1482144609201047,-0.25579761127432,-0.03197470140929
9175a5a9-9fbd-0d4b-8db1-799ddc3b65e7,"Osmanski, Austin",D,5,6.0,-0.0909681393010241,-0.0731950278687912,-0.1641631671698153,-0.032832633433963
dd036e87-28ae-a770-1287-111ca91925a2,"Hinostroza, Vinnie",C,9,41.0,0.1973992496078894,-0.4969842233790765,-0.299584973771187,-0.0332872193079096
2169a8c5-6ecd-6471-78be-1fd91f858e82,"Chibrikov, Nikita",LW,17,86.0,-0.053078930489206,-0.5129941897288937,-0.5660731202180997,-0.0332984188363588
11ae7263-a7e4-4c1e-e2c2-45387d3e3070,"Nousiainen, Kim",D,11,19.0,-0.0448275371706985,-0.3223597947965814,-0.36718733196728,-0.03338066654248
ecbd0ea2-3043-731c-3cbf-94053cd3f09b,"Callahan, Michael",D,12,33.0,-0.1843819022478047,-0.2196928502626587,-0.4040747525104634,-0.0336728960425386
933793a1-349e-90c0-babf-a1dd14e6511f,"Hatakka, Santeri",D,7,23.0,-0.0106225996297369,-0.2251808523823263,-0.2358034520120633,-0.0336862074302947
362b2b25-ce8a-9b00-6da7-0d1b8c2fe3d9,"Angello, Anthony",C,5,20.0,0.0288984705921083,-0.1993181527695579,-0.1704196821774496,-0.0340839364354899
efbd8365-7b4a-13f4-6a00-d77d11d64910,"Christiansen, Jake",D,15,39.0,-0.103079472010474,-0.4111187922177276,-0.5141982642282017,-0.0342798842818801
5d3ec04f-99d1-f8e7-920a-64e25e9453a6,"Lyle, Brady",D,13,21.0,-0.1107153794403736,-0.3394834869452514,-0.450198866385625,-0.0346306820296634
604d9f76-2548-d1b7-d7db-bbeccf411412,"Walker, Nathan",LW,11,41.0,-0.6828733674451516,0.2952067292038741,-0.3876666382412774,-0.0352424216582979
7e254e63-e8be-d9ca-6ad5-d6c350f4b59b,"Koch, Patrik",D,14,26.0,-0.034637425734807,-0.4597738494251523,-0.4944112751599593,-0.0353150910828542
b5612f31-b1a0-8934-f8b5-5f980f2cb2a0,"Luneau, Tristan",D,2,3.0,0.0,-0.071418697989971,-0.071418697989971,-0.0357093489949855
a2931977-2953-a366-84f6-402e39590fc9,"Melnick, Josh",C,10,38.0,-0.2060214807686514,-0.1520907940439678,-0.3581122748126193,-0.0358112274812619
06813969-3aca-1417-ec01-0de8fb823a64,"Benson, Tyler",RW,4,21.0,0.0679010400734363,-0.2122508638891542,-0.1443498238157179,-0.0360874559539294
b7459409-30b2-bc6e-e869-0a99b09589c8,"Jones, Caleb",D,1,4.0,0.0,-0.0368253366977976,-0.0368253366977976,-0.0368253366977976
befd7372-8a19-ca5a-c1db-88c82ad4500b,"Criscuolo, Kyle",C,16,63.0,0.4072497209280089,-1.0043733148157432,-0.5971235938877344,-0.0373202246179834
a4295efe-fc21-2338-bbe4-dced606dadca,"Wallinder, William",D,14,36.0,-0.0605401045506479,-0.4622177584658865,-0.5227578630165345,-0.0373398473583238
62962656-a554-8ab3-7d7f-5669fa932604,"Goncalves, Gage",C,14,39.0,-0.5797076538944328,0.0470928913869628,-0.53261476250747,-0.0380439116076764
46121515-ed91-d0e4-56cf-d0aca14a8b5a,"Koepke, Cole",LW,11,37.0,-0.5478924081157377,0.1288655482665997,-0.4190268598491379,-0.0380933508953761
a2f8a1c4-75eb-63d8-4e1d-dbb361fdaeb0,"Foudy, Jean-Luc",RW,3,11.0,0.0269709327900594,-0.1415459045906431,-0.1145749718005837,-0.0381916572668612
fe72eceb-4367-8d2c-8559-ccfb83481eb2,"Kannok-Leipert, Alex",D,4,18.0,-0.0464632556513584,-0.1070659691490143,-0.1535292248003728,-0.0383823062000932
de69fd7b-5c3f-76c2-b9c9-7e39a9e9b91d,"Fritz, Tanner",C,5,14.0,0.1909494567327526,-0.3838953979626789,-0.1929459412299263,-0.0385891882459852
3a14b096-ab58-d9b4-31a1-4431e06e9893,"Del Gaizo, Marc",D,9,23.0,-0.0281231537079129,-0.32112542759095,-0.349248581298863,-0.0388053979220958
9d5f9778-e77b-d632-be6a-b05e1df07de4,"Inamoto, Tyler",D,1,1.0,0.0,-0.0396030977960709,-0.0396030977960709,-0.0396030977960709
623d5826-500c-1a77-1262-248a6f10c0f5,"Hoefenmayer, Noel",D,4,10.0,-0.1401191080815523,-0.0186787588077992,-0.1587978668893516,-0.0396994667223379
5ad461c4-01e6-3090-18c9-0aa215276809,"Gushchin, Danil",F,14,55.0,0.2381460441411599,-0.8023786239294716,-0.5642325797883117,-0.0403023271277365
c9060c85-0600-ed69-de2d-6aa7611fc7bc,"Gaunce, Brendan",C,9,25.0,-0.0687906469652273,-0.2973180785625382,-0.3661087255277656,-0.0406787472808628
647a31e3-83fc-035d-c92c-bedd256d0c59,"Brisebois, Guillaume",D,2,3.0,0.0,-0.0815677347428689,-0.0815677347428689,-0.0407838673714344
f01abcfa-44e5-5d4c-df7c-876f3b8011d1,"Bordeleau, Thomas",F,5,15.0,-0.0459753166966495,-0.1601114088486743,-0.2060867255453239,-0.0412173451090647
55cc8f3f-7a32-8ad1-8610-b07c2a765fd7,"Rafferty, Brogan",D,17,37.0,-0.1783447388320602,-0.5289689925614312,-0.7073137313934914,-0.04160669008197
0a1c9c34-5a23-e5ef-85e7-5ea4c9f85af2,"Kuznetsov, Yan",D,12,31.0,0.0996495392143948,-0.5995206702853823,-0.4998711310709874,-0.0416559275892489
0fb7c364-441d-653d-bab6-b5081b90ce08,"Peterson, Jacob",C,5,12.0,-0.029729166666722,-0.1785989915874609,-0.208328158254183,-0.0416656316508366
86d443fb-d036-6a5f-adfe-abd2286c4a74,"Blandisi, Joseph",F,14,52.0,-0.3849339423348528,-0.2000195709524606,-0.5849535132873135,-0.0417823938062366
a65308f1-5c3e-a5de-87e2-cead7d9f44a7,"Guenther, Dylan",RW,5,19.0,-0.359071765327669,0.1483786283153395,-0.2106931370123295,-0.0421386274024659
e4245dd4-69d2-7fa5-6473-a4f26787eed9,"Jobst, Mason",C,17,68.0,-0.5456609769474642,-0.1747271879976302,-0.7203881649450944,-0.0423757744085349
b4c49715-ce5c-cd2a-f4a2-c1bfe64fe7c7,"Novikov, Nikita",D,10,13.0,-0.1615177416003393,-0.2629766125210038,-0.4244943541213432,-0.0424494354121343
3081fce7-ed01-b163-8b6f-08e12202de8f,"Wright, Shane",C,14,54.0,0.0182246219733401,-0.6129463608419076,-0.5947217388685674,-0.0424801242048976
c4ebf006-49c8-4653-9f36-08b55190b8b2,"Dufour, William",F,14,49.0,-0.2804399755252814,-0.3165979273358166,-0.597037902861098,-0.0426455644900784
79b63b9f-49dc-162b-951e-053b32088ce5,"Smallman, Spencer",C,8,26.0,-0.1713996226554937,-0.1707751125909309,-0.3421747352464246,-0.042771841905803
4cbd21fa-5265-f7d5-ac2f-2fd78d7480aa,"Hirose, Akito",D,6,13.0,-0.0117393223212758,-0.2568975052985004,-0.2686368276197762,-0.044772804603296
5bb494aa-a79b-c741-618c-a11e145668e0,"Cecconi, Joseph",D,8,10.0,0.0480560088153567,-0.4069768381431339,-0.3589208293277771,-0.0448651036659721
e3640c9a-f167-a9fb-5b42-88d88654fe8a,"Lind, Kole",F,8,26.0,0.0056081864762834,-0.3645993877641382,-0.3589912012878548,-0.0448739001609818
4a0e87a5-8802-a049-3d39-4dcf34e5a10c,"Johansen, Lucas",D,10,28.0,0.1276180940199297,-0.5764303107490916,-0.4488122167291618,-0.0448812216729161
61b3f3d2-10b6-46fd-9416-8976a893ef23,"Highmore, Matthew",C,13,56.0,0.028155129659021,-0.6128792156719252,-0.5847240860129042,-0.0449787758471464
92a1bf87-e138-f25a-ebab-c92e182b701e,"Pilon, Garrett",C,16,62.0,-0.3295138823991407,-0.4032120647307083,-0.7327259471298491,-0.0457953716956155
9e79de97-35f6-4db9-5b4d-bdb166ba4de0,"Oesterle, Jordan",D,6,14.0,-0.1920296770676644,-0.0832837077629503,-0.2753133848306147,-0.0458855641384357
bc2abfcb-4444-082a-2f24-73a1a10338f5,"Biro, Brandon",F,15,68.0,-0.4504812058295174,-0.2564750807307339,-0.7069562865602514,-0.0471304191040167
332983fd-d9b9-3b78-fe67-9b985bf20d66,"Olofsson, Gustav",D,3,11.0,-0.0868763298971139,-0.0550902834339516,-0.1419666133310655,-0.0473222044436885
4e110e5d-1ce8-74cf-5df3-63609c738785,"Gaudette, Adam",RW,20,67.0,-0.1240626302646743,-0.8248792928901977,-0.948941923154872,-0.0474470961577436
d7316683-35a0-0b3d-fcba-5391daa9bf86,"Prow, Ethan",D,7,10.0,-0.2068376416888032,-0.1266788924242759,-0.3335165341130792,-0.0476452191590113
912119f4-6991-e717-ea68-1137c057d277,"Vrana, Jakub",RW,7,26.0,-0.1271679556133473,-0.2076586280095669,-0.3348265836229143,-0.0478323690889877
5371f79b-fb56-50aa-237a-c28b6dbbd831,"Mendel, Griffin",D,4,11.0,0.0648442557897158,-0.2563355760660968,-0.1914913202763809,-0.0478728300690952
6c770e87-d5d7-763f-0cca-765dbe76e8ef,"Brodzinski, Jonny",C,4,16.0,-0.0815476688478419,-0.1110414877237032,-0.1925891565715451,-0.0481472891428862
393edf9b-c8b4-b93c-4a23-c0b2ed585c9d,"Thompson, Keaton",D,1,2.0,0.0,-0.0482578163978674,-0.0482578163978674,-0.0482578163978674
938c52ed-067f-8299-e70a-998704932bfd,"Sanford, Zach",LW,15,64.0,-0.274322715310944,-0.4502441562352778,-0.7245668715462219,-0.0483044581030814
8a45aeeb-45e5-0a8f-5837-39bccade3f72,"Phillips, Isaak",D,10,17.0,-0.1350863835437716,-0.353942897108593,-0.4890292806523647,-0.0489029280652364
ef6ffa30-eb7b-716c-b66b-d0db438b2268,"Strome, Matthew",RW,23,93.0,-0.1447958776467973,-0.987983300921417,-1.1327791785682144,-0.0492512686334006
c1432ccc-4036-14a9-50ed-a495c7b5aaba,"McWard, Cole",D,9,21.0,-0.2768264176570693,-0.1704823041391025,-0.4473087217961718,-0.0497009690884635
4784e648-7a45-84cb-e5d5-3e5a6ba04f7c,"Aube-Kubel, Nicolas",RW,2,7.0,0.0487025918302951,-0.1481500102137926,-0.0994474183834974,-0.0497237091917487
c2902aae-ee02-d58c-8569-fd701d9cd9de,"Bliss, Trenton",LW,3,9.0,-0.0055010278729845,-0.1437868211735086,-0.1492878490464931,-0.049762616348831
f6ab9da2-4084-7236-c988-3ab4e0f7db49,"Johnson, Kent",C,4,14.0,-0.0843347213213583,-0.1169226636023693,-0.2012573849237277,-0.0503143462309319
df3c2b16-0554-1f80-bea5-3560b9b6a998,"Woo, Jett",D,12,34.0,0.0099284762082396,-0.6181200462997096,-0.60819157009147,-0.0506826308409558
c0cc293f-af8f-d0d6-d86a-65f9e3ad1df1,"Damiani, Riley",F,10,28.0,-0.1793969639102768,-0.3310740348085768,-0.5104709987188536,-0.0510470998718853
2fcd5eda-6ffa-3088-c189-0b3342a16345,"Fortier, Gabriel",C,10,40.0,-0.4947159306901058,-0.0167848859516016,-0.5115008166417074,-0.0511500816641707
ee133fc2-90e8-4f9f-b9da-0150fd7acd75,"Doan, Josh",RW,9,43.0,-0.6393403564199884,0.1787846180097005,-0.4605557384102878,-0.0511728598233653
d2958a70-f21e-b550-6791-91289dab5521,"Kupari, Rasmus",C,1,9.0,-0.0018988395233414,-0.0495141269228331,-0.0514129664461746,-0.0514129664461746
f2672d3d-1839-4bbf-958e-0af6458a7c50,"Broberg, Philip",D,6,11.0,-0.0998868371333182,-0.2101971114748116,-0.3100839486081299,-0.0516806581013549
d1008d47-7d9a-b5ce-a5c4-11335e021805,"McKegg, Greg",F,14,53.0,0.3802220699826416,-1.103866233248128,-0.7236441632654864,-0.0516888688046776
9f84fbe2-cd0a-9663-0184-4398a58d7d29,"Quinney, Gage",F,10,29.0,-0.3114116921531945,-0.2114186350584559,-0.5228303272116505,-0.052283032721165
9b73814b-a50e-958a-a5e4-15cf0373d762,"Parssinen, Juuso",C,10,33.0,0.0005701835085435,-0.525872670365334,-0.5253024868567905,-0.052530248685679
e1eda887-4254-92a8-6144-360df62f16c1,"Arseneau, Vincent",LW,7,23.0,-0.2646688606865575,-0.1041341928951292,-0.3688030535816867,-0.0526861505116695
41e53b2c-3ed6-f9b5-29a4-68ffe996db5f,"Dineen, Cam",D,10,28.0,0.6117664900119457,-1.1510234524270135,-0.5392569624150678,-0.0539256962415067
a6b4086e-956a-6a17-e22c-83858e92ef99,"Condotta, Lucas",LW,20,92.0,0.0465781137315779,-1.1348037551198582,-1.0882256413882805,-0.054411282069414
c5bb348a-a28c-3c1a-4f75-6eda7f448443,"Simek, Radim",D,14,28.0,-0.4895402506742876,-0.2731271956930409,-0.7626674463673285,-0.0544762461690949
dc5a9c10-c8d3-52bc-fd80-b7186f383b34,"McKown, Hunter",C,11,50.0,0.1602712122073082,-0.760524362805891,-0.6002531505985828,-0.0545684682362348
ceba5090-f6e0-e944-7ceb-e629c8348684,"McLain, Mitch",F,17,45.0,-0.0282750867880664,-0.905293430185759,-0.9335685169738256,-0.0549157951161073
af1d2155-8151-1411-7139-22b219311670,"Perreault, Jacob",RW,13,44.0,-0.3340709699583049,-0.38391121808761,-0.717982188045915,-0.0552293990804549
9cdb062f-6fc7-e205-1858-d4f6f32237a4,"Johansson, Albert",D,11,26.0,-0.0641992183766569,-0.5445988211144234,-0.6087980394910804,-0.0553452763173709
8127c1a5-26ad-e502-64ef-c7ff9b63667f,"Foote, Cal",D,4,12.0,0.0202183490752826,-0.2446152041386553,-0.2243968550633726,-0.0560992137658431
61a43f85-2e5c-ef36-a82e-322e6e622997,"Guenette, Maxence",D,17,39.0,0.662567284329598,-1.6261863864202497,-0.9636191020906516,-0.0566834765935677
cd5a8c34-6586-e86b-765b-2dff9f65c51d,"Andrae, Emil",D,12,28.0,-0.1999552812128113,-0.4812944639789298,-0.6812497451917411,-0.0567708120993117
89d6fd61-dc6a-4969-d01a-a672c177757f,"Hughes, Cameron",F,12,45.0,-0.1624641488626083,-0.5198964269245848,-0.6823605757871932,-0.0568633813155994
beb04132-9c13-08d6-e1fb-01fa5272d50c,"Kiviranta, Joel",LW,3,23.0,-0.0493285751351546,-0.1212887420643879,-0.1706173171995426,-0.0568724390665142
066364b9-b235-6207-1061-3d0155cb2b66,"Smith, Ty",D,8,34.0,-0.0149424645623556,-0.4433981294562352,-0.4583405940185909,-0.0572925742523238
fd505638-2f70-f361-176c-a6c89bd97850,"Iorio, Vincent",D,13,32.0,-0.2134711524095838,-0.532678963183718,-0.7461501155933019,-0.0573961627379463
facc5b54-f018-45c4-6044-abe2eba5d33a,"Ponomarev, Vasiliy",C,9,42.0,0.0033538137721681,-0.520065229794916,-0.5167114160227478,-0.057412379558083
ce2b247b-205a-e275-79bc-893e80beb087,"Lilleberg, Emil",D,7,9.0,-0.5583719281914888,0.1563927325208016,-0.4019791956706872,-0.0574255993815267
6a7002cd-5825-1e0b-1847-6f2197cc2190,"Karow, Michael",D,17,23.0,0.0446173582474055,-1.0233186973714936,-0.978701339124088,-0.0575706670072993
add71ad9-21c0-6eb3-ed18-205596e41672,"Puustinen, Valtteri",RW,5,15.0,-0.1971307621468123,-0.0909014710227928,-0.2880322331696051,-0.057606446633921
672c5ab2-c18e-1dff-3366-1739eadb7e5b,"Middleton, Keaton",D,11,29.0,-0.3041602168186128,-0.3336371868487917,-0.6377974036674046,-0.0579815821515822
b18a382f-18a4-2fd8-10e5-fa3a3726fe0d,"Khaira, Jujhar",C,4,9.0,-0.0451966590864557,-0.1891765188650174,-0.2343731779514732,-0.0585932944878683
acfdf636-4d25-0dad-fe9f-a31513941939,"Becker, Jack",F,8,43.0,0.3472446667703932,-0.8160531621396531,-0.4688084953692598,-0.0586010619211574
7779d05b-bf33-9acd-a1a5-bb2e852f4a3f,"Fensore, Domenick",D,1,4.0,-0.021822017378626,-0.0371440548411909,-0.058966072219817,-0.058966072219817
24aca8e8-c87f-6a40-46fc-afb2373d9531,"Shea, Ryan",D,3,12.0,-0.0005384203513446,-0.1763937187186342,-0.1769321390699789,-0.0589773796899929
be354b10-f08f-a5cc-f750-17e7354be6d4,"Pitlick, Tyler",F,2,6.0,-0.1043834106823199,-0.0148748932623522,-0.1192583039446722,-0.0596291519723361
00f266b8-6b50-005b-cde2-3aa1f6d30db3,"Helgeson, Seth",D,8,12.0,-0.2606289897164962,-0.2204415255570097,-0.4810705152735059,-0.0601338144091882
e4f4914a-cdb7-1be0-bfb6-d756aa6b7b8d,"Johansson, Simon",D,10,23.0,-0.0321511523166031,-0.5750027204501776,-0.6071538727667808,-0.060715387276678
ad355380-2d07-14ba-406d-9239a635419e,"Kokkonen, Mikko",D,8,20.0,0.0,-0.4865083099807316,-0.4865083099807316,-0.0608135387475914
663df049-a045-0561-16e3-1db633a0723e,"Aston-Reese, Zachary",C,9,41.0,-0.1079211200091149,-0.439560921773773,-0.547482041782888,-0.0608313379758764
29bef5a1-cfab-3a79-60d0-9389a42a0e4a,"Cassels, Cole",F,18,77.0,-0.0341103323303909,-1.0748554015854417,-1.1089657339158328,-0.0616092074397684
8bd8e696-4514-a5d5-792b-80b002761f46,"Hirose, Taro",LW,14,44.0,-0.2360667475037042,-0.6267754877149645,-0.8628422352186688,-0.0616315882299049
967b2a1b-5b32-53aa-97e0-344f226f85dc,"Smejkal, Jiri",F,7,40.0,-0.0970191785653712,-0.3353824004704104,-0.4324015790357817,-0.0617716541479688
ff9b6097-e007-85c3-f8fb-f86935bcb875,"Pettersen, Mathias Emilio",LW,13,36.0,0.3793509127740554,-1.1873483496992046,-0.8079974369251491,-0.0621536489942422
1fe967f3-4573-d760-8359-eb0d9acc3756,"Wall, Kevin",RW,11,47.0,0.1857705709553447,-0.8850644842878495,-0.6992939133325047,-0.0635721739393186
47ec1584-2245-2836-a706-e0835ffee601,"Andersson, Lias",C,11,43.0,-0.0064142217918687,-0.6938089435475786,-0.7002231653394474,-0.0636566513944952
dd485778-5783-6b9b-187c-020bf03f4531,"Rifai, Marshall",D,11,15.0,-0.2519425653042735,-0.451588920981348,-0.7035314862856217,-0.0639574078441474
0f6b8de7-1366-c197-e438-c2cb772c1f3e,"Johnstone, Marc",RW,7,41.0,-0.0454117922320769,-0.4031213778123729,-0.4485331700444498,-0.0640761671492071
2d0eb54e-169a-5f00-7761-2ca898c78da7,"Filipe, Matt",LW,10,26.0,0.0587583373400938,-0.707867432282832,-0.6491090949427382,-0.0649109094942738
e70f8783-350d-ffc7-9c50-bb5f21a9c1e9,"Mailloux, Logan",D,16,31.0,-0.2505407566601927,-0.788176391346906,-1.0387171480070987,-0.0649198217504436
9d227775-ff40-8878-dbd2-b275f291952a,"Karlstrom, Fredrik",LW,14,63.0,-0.3647841827971,-0.5449263812978533,-0.9097105640949534,-0.0649793260067823
11fbe5d4-66ec-34ba-9657-09704f893154,"Toninato, Dominic",C,5,14.0,0.1460158951445974,-0.4749638579386546,-0.3289479627940571,-0.0657895925588114
57416be2-68df-99d1-ada5-d3b6d3ef77b0,"Lavoie, Raphael",F,12,48.0,0.1968276477248524,-0.9941736059027652,-0.7973459581779129,-0.066445496514826
8e72a880-86a7-efa3-ddfd-a1127df16d89,"Bowers, Shane",RW,6,23.0,0.0095865864488012,-0.4098164136859715,-0.4002298272371702,-0.066704971206195
a7b49f9f-e2f6-f3c2-9e38-58a8cafb36e2,"Afanasyev, Egor",LW,18,65.0,-0.4240874448540612,-0.7774246372012977,-1.2015120820553589,-0.0667506712252977
8e21faad-e800-5bc9-c0ab-dd31c702e09f,"Mackey, Connor",D,8,23.0,-0.1792937844122199,-0.357324894816297,-0.536618679228517,-0.0670773349035646
0e547df4-db0d-2b34-7e18-2ad196cc9192,"Brown, Patrick",C,7,34.0,-0.3886321096001141,-0.0821483851312799,-0.470780494731394,-0.0672543563901991
003a207c-5852-cbf5-bae2-cbd94421b4db,"Fitzgerald, Casey",D,19,44.0,-0.6810704100415284,-0.6046549691683687,-1.285725379209897,-0.0676697568005209
1f96dae9-d63f-c6da-686b-351c8fc8c14c,"Day, Logan",D,6,16.0,-0.0578932807338602,-0.3513316711953628,-0.409224951929223,-0.0682041586548704
eb83ef82-3ad4-8464-b716-671f53e373c8,"Newkirk, Reece",F,2,9.0,0.0,-0.1373186274674098,-0.1373186274674098,-0.0686593137337049
62d8d552-b95a-dea2-1bdd-bb508f1d8a81,"Fitzgerald, Cavan",D,8,10.0,-0.5329935055426701,-0.0218598957853526,-0.5548534013280227,-0.0693566751660028
bd19400c-e2c9-2485-9923-3d621df406c2,"Boucher, Tyler",RW,2,,-0.0638651202647904,-0.0751690847874795,-0.1390342050522699,-0.0695171025261349
72ca1126-3d98-e9b2-12ea-6b65e429a53b,"White, Gavin",D,1,,-0.0562986013784978,-0.0132185012086374,-0.0695171025871353,-0.0695171025871353
0601a4ed-1515-44af-ec9e-749318820437,"Wheatcroft, Chase",F,1,,-0.0562986013784978,-0.0132185012086374,-0.0695171025871353,-0.0695171025871353
4ef5c53e-1983-c344-befb-1a03b450bc7c,"Kemell, Joakim",F,1,,-0.0129133311565594,-0.0566037714447031,-0.0695171026012625,-0.0695171026012625
951d13b9-5872-4030-e350-fde01da2db5a,"Korczak, Ryder",F,1,,-0.0521257979382683,-0.0173913046714678,-0.0695171026097361,-0.0695171026097361
f6f7de10-882f-8def-cca2-93b0af174148,"Barbashev, Maxim",LW,1,,-0.0521257979382683,-0.0173913046714678,-0.0695171026097361,-0.0695171026097361
947511da-26e3-7172-699d-971b808818b7,"Vaisanen, Kalle",F,1,,-0.0521257979382683,-0.0173913046714678,-0.0695171026097361,-0.0695171026097361
e8c906a5-ad53-39cf-455e-9abd2e047646,"Yoon, Bryan",D,1,,-0.0521257979382683,-0.0173913046714678,-0.0695171026097361,-0.0695171026097361
bb2c81a7-ec5a-c3c3-28e2-077918bc20a3,"Jones, Nick",F,1,,-0.0521257979439297,-0.017391304669368,-0.0695171026132978,-0.0695171026132978
0bfc03fb-71ed-510a-01d1-3e6e6a1ff531,"Torgersson, Daniel",LW,1,,-0.0521257979439297,-0.017391304669368,-0.0695171026132978,-0.0695171026132978
3e888030-0357-1ee0-55fe-24b435d565ea,"Giles, Patrick",F,1,,-0.052125797941631,-0.0173913046717241,-0.0695171026133551,-0.0695171026133551
7ec37cf1-8c7b-2297-4f37-342ce98affbc,"Crnkovic, Kyle",LW,1,,-0.0129133311675587,-0.0566037714458769,-0.0695171026134357,-0.0695171026134357
506ed90c-046c-1355-5f4b-198a95c3b689,"Howe, Travis",RW,1,,-0.0129133311675587,-0.0566037714458769,-0.0695171026134357,-0.0695171026134357
00b3ed6a-d8bb-6e88-4eb7-2d088ef5cf51,"MacKinnon, Will",D,1,,-0.0521257979425588,-0.017391304671016,-0.0695171026135748,-0.0695171026135748
e778beec-dfe7-a6c8-352f-d42ec0b01ced,"Parent, Xavier",F,1,,-0.0521257979425588,-0.017391304671016,-0.0695171026135748,-0.0695171026135748
de15bfab-6926-999d-bbe8-641620573a47,"Mysak, Jan",C,1,,-0.0117393223212758,-0.0577777802923085,-0.0695171026135844,-0.0695171026135844
6d2da62b-0ab1-541a-7398-f2997a37927c,"Kidney, Riley",F,1,,-0.0117393223212758,-0.0577777802923085,-0.0695171026135844,-0.0695171026135844
88947b55-b654-777f-1975-626f9ea28095,"Bezeau, Riley",F,2,,-0.0565266202393548,-0.0825075849884303,-0.1390342052277851,-0.0695171026138925
d15b7347-90d7-1d06-a06e-c323170ae988,"Saulnier, Brennan",LW,1,,-0.0521257979435145,-0.0173913046705784,-0.069517102614093,-0.069517102614093
ee8879eb-2f2a-d7c5-6173-cb7eb3ffa0c5,"Betts, Kyle",C,1,,-0.0521257979435145,-0.0173913046705784,-0.069517102614093,-0.069517102614093
650d3032-1d13-5ad8-b295-80e86c324b0f,"Stillman, Chase",RW,2,,-0.0565266202409306,-0.0825075849883225,-0.1390342052292532,-0.0695171026146266
74b34051-a8e4-0c93-c92e-e234ad2695de,"Schmelzer, Ryan",C,2,,-0.0565266202409306,-0.0825075849883225,-0.1390342052292532,-0.0695171026146266
a22368c1-7f43-4c9e-20c1-482af6c7ce36,"Trudeau, William",D,1,,-0.0521257979433218,-0.017391304671674,-0.0695171026149958,-0.0695171026149958
fed895a2-f838-f5cc-d4a6-a4306ab324de,"Mast, Ryan",D,1,,-0.011739322321124,-0.0577777802939298,-0.0695171026150539,-0.0695171026150539
d911dcc4-447c-8f68-c2b9-3d9d5be03c88,"Senden, Mark",C,2,,0.0117963616523626,-0.1508305668824868,-0.1390342052301241,-0.069517102615062
67c9940a-3733-2962-f9b4-f523a2d1df8f,"Ciona, Lucas",LW,1,,-0.0459876907628496,-0.0235294118523074,-0.069517102615157,-0.069517102615157
0fa13fd5-ec65-dc47-fa79-66e4a160144f,"Stromgren, William",LW,1,,-0.0459876907628496,-0.0235294118523074,-0.069517102615157,-0.069517102615157
72f57d8b-f777-4c6e-65a8-d286a9fb5684,"Gourley, Jarrod",D,1,,-0.0459876907628496,-0.0235294118523074,-0.069517102615157,-0.069517102615157
272de64a-7d31-21fc-c289-c314245517bf,"Gendron, Alexis",F,1,,-0.0117393223207588,-0.0577777802944183,-0.0695171026151772,-0.0695171026151772
38337d0c-d847-3281-c6cd-ee7361785511,"Hicketts, Joe",D,1,,-0.0521257979439297,-0.0173913046714569,-0.0695171026153867,-0.0695171026153867
c5258da6-5caf-3b59-ba84-ef3308239868,"Chromiak, Martin",F,1,,-0.0521257979439297,-0.0173913046714569,-0.0695171026153867,-0.0695171026153867
81b31cdc-d76d-a42f-88d9-2ade366ffb25,"Engaras, Filip",C,1,,-0.0129133311675587,-0.0566037714478512,-0.06951710261541,-0.06951710261541
7d668396-9a80-257b-e522-9587e8d1015a,"Friedmann, T.J.",F,1,,-0.0129133311675587,-0.0566037714478512,-0.06951710261541,-0.06951710261541
546e5d35-2029-44d0-117a-403784a2cc7b,"Middendorf, Erik",F,1,,-0.0129133311675587,-0.0566037714478512,-0.06951710261541,-0.06951710261541
7cbfd18a-87fc-1935-d240-d08c0ca78a00,"Savoie, Carter",LW,1,,-0.0129133311674066,-0.056603771448087,-0.0695171026154936,-0.0695171026154936
ba2bb7e1-15a0-1473-7e9a-f985226ddac1,"Corcoran, Connor",D,1,,-0.0129133311674066,-0.056603771448087,-0.0695171026154936,-0.0695171026154936
c56cc222-6863-5331-3f3b-fdf23e0e6a8b,"Bernard, Xavier",D,1,,-0.0129133311674066,-0.056603771448087,-0.0695171026154936,-0.0695171026154936
07b9d16f-b1ac-d33d-ef04-aef2855f5bf7,"Conley, Kevin",F,1,,-0.0117393223212244,-0.0577777802943651,-0.0695171026155896,-0.0695171026155896
fea18a05-3370-0f25-8fbb-927342eeefcb,"Boudon, Louis",C,1,,-0.0117393223212244,-0.0577777802943651,-0.0695171026155896,-0.0695171026155896
d49cdcaf-2064-d35c-0aff-7d8aa8e3be32,"Spacek, David",D,1,,-0.0117393223212244,-0.0577777802943651,-0.0695171026155896,-0.0695171026155896
79bc71d8-67c6-ad0c-a7ff-56571d3a5536,"Dornbach, Casey",C,1,,-0.0117393223212244,-0.0577777802943651,-0.0695171026155896,-0.0695171026155896
ceb902b0-32d0-36e3-14ef-891ac5662cce,"Vilen, Topias",D,1,,-0.0044008222983718,-0.0651162803173065,-0.0695171026156784,-0.0695171026156784
db9c8af3-01e3-2f51-4cfd-cabf439c3c0f,"Skoog, Wilmer",F,1,,0.0161971839500864,-0.0857142865657806,-0.0695171026156941,-0.0695171026156941
5e97725c-294e-9f96-1be5-1960f6b93d17,"Gallant, Alex",LW,12,34.0,-0.553327363272825,-0.2812603257623818,-0.8345876890352069,-0.0695489740862672
5ca139e0-c1ce-a588-4a40-483273d8754c,"Smith, Nathan",C,15,63.0,-0.2892519230133377,-0.7552675745871409,-1.0445194976004786,-0.0696346331733652
9c3292d5-92cc-3760-dada-631102753a82,"Poganski, Austin",RW,15,65.0,-0.2993223077591472,-0.7457226093410602,-1.0450449171002074,-0.0696696611400138
969d3085-fa53-17ab-7c5f-74979791c28c,"Maltsev, Mikhail",F,11,47.0,-0.5638656175514705,-0.206256416220957,-0.7701220337724275,-0.0700110939793115
3d5d0fd7-9f6f-134b-217b-a762b833d6ad,"Wesley, Josh",D,3,11.0,-0.0208432356563365,-0.1915544054693769,-0.2123976411257135,-0.0707992137085711
93dd4a43-8051-720f-47cc-fa4250b969ed,"Cederqvist, Filip",LW,10,38.0,-0.273780806005677,-0.4362002993118912,-0.7099811053175682,-0.0709981105317568
40b0831f-a686-8996-c0d1-ffbaf8b68616,"Carlile, Declan",D,9,12.0,-0.0313743978914809,-0.6175076618266344,-0.6488820597181154,-0.0720980066353461
ed669304-9d26-cfe7-8e5c-4bb862411534,"Ginning, Adam",D,7,13.0,-0.2602759096176952,-0.2591350163609641,-0.5194109259786593,-0.0742015608540942
c9f1b830-ca38-5bbd-4af7-d2fe66f07865,"Wagner, Chris",C,5,29.0,-0.0390001314760325,-0.3341158870276446,-0.3731160185036771,-0.0746232037007354
71eb162b-840b-6a04-acbb-8d076fc857d1,"Warren, Brendan",LW,5,13.0,-0.199019489029655,-0.1783920088011135,-0.3774114978307686,-0.0754822995661537
bc0901c4-4d45-8b85-d17f-37826e9e5b4a,"Clarke, Brandt",D,11,19.0,-0.3659405788027828,-0.4649275874371409,-0.8308681662399238,-0.0755334696581748
db323125-e53d-b2b8-277f-f2c91384f549,"Bowlby, Henry",LW,2,9.0,0.0,-0.1512786645748775,-0.1512786645748775,-0.0756393322874387
630a1773-ff25-478d-a32d-4109d5924b0c,"Kiersted, Matt",D,11,15.0,-0.3172900519145,-0.5151899106280624,-0.8324799625425624,-0.0756799965947784
f9495ec1-9ceb-683b-3649-a79f99f3622d,"Perlini, Brendan",RW,8,27.0,-0.4742541204029243,-0.1333004708666126,-0.607554591269537,-0.0759443239086921
8c0ebec8-d71e-d044-0d5d-0bbc79aa9155,"MacDonald, Jacob",D,1,1.0,0.0,-0.0773780854019098,-0.0773780854019098,-0.0773780854019098
b233d426-2432-2abd-cb57-c1f6ca4aab46,"Wotherspoon, Parker",D,9,25.0,-0.0750065286628533,-0.6239036724833773,-0.6989102011462306,-0.0776566890162478
3234f05b-aafa-95e9-07e3-c23dea148f88,"Joseph, Pierre-Olivier",D,1,1.0,-0.0354934870672122,-0.0422847683575157,-0.0777782554247279,-0.0777782554247279
cb28bb02-f73f-42c5-9e45-d1b51de84254,"Lopina, Josh",C,2,,-0.0264134752225494,-0.1300000056048706,-0.15641348082742,-0.07820674041371
15f4d004-953c-10f0-c9f3-d5e55866559b,"Pederson, Lane",C,13,40.0,-0.3654128137276481,-0.653586824200939,-1.0189996379285873,-0.0783845875329682
6845c1eb-216d-4366-cda0-d3c220357faf,"Del Bel Belluz, Luca",C,11,50.0,-0.6379869185930158,-0.2278367282288401,-0.865823646821856,-0.0787112406201687
6379a6a3-1514-33bc-effa-81a9344f2d13,"Barteaux, Dawson",D,9,20.0,-0.0494529707234733,-0.6595188702029692,-0.7089718409264425,-0.0787746489918269
62d071bf-6133-a7ae-90ad-66b34dc7b39c,"Lundmark, Simon",D,12,38.0,-0.2550115743488471,-0.6936575750218956,-0.9486691493707428,-0.0790557624475618
2f46ba90-e46e-6371-ac00-07be713995a2,"Sasson, Max",C,15,68.0,-1.0016299628882943,-0.1895458456814188,-1.191175808569713,-0.0794117205713142
98e46ae5-eff9-0b8e-979e-9310c0f4d553,"Jonsson-Fjallby, Axel",RW,6,19.0,-0.0772791485590028,-0.4000737414900037,-0.4773528900490065,-0.0795588150081677
5b0ef27c-6a26-8323-1b85-bf91f79d76d2,"Stephens, Mitchell",F,9,43.0,-0.0414212174552497,-0.6781175977868401,-0.7195388152420898,-0.0799487572491211
66cb9389-fb62-0a30-a1e9-2be938f5ed7c,"Solovyov, Ilya",D,9,20.0,-0.0612828030552662,-0.6592867960720826,-0.7205695991273489,-0.0800632887919276
1da47f43-7819-0b12-6759-4d9cbe68416c,"Stewart, Dean",D,8,35.0,-0.0837327578889036,-0.5589908796545523,-0.642723637543456,-0.080340454692932
672ffc35-8e85-ea3b-657e-edb622ab1ab6,"Kemp, Phil",D,9,16.0,-0.0176650932165342,-0.7121895944757964,-0.7298546876923306,-0.0810949652991478
2b27457e-ba5c-020f-4ac8-e29e3726f8fb,"Lukosevicius, Jarid",RW,1,4.0,-0.0645666558259037,-0.0170987849101031,-0.0816654407360068,-0.0816654407360068
60a256f4-156e-1e04-ed00-29e7b5fc2243,"Bourque, Gabriel",LW,14,64.0,0.1064929424359164,-1.257651009921155,-1.1511580674852386,-0.0822255762489456
e75ad40d-06f3-a0e9-0b73-d4b75b83749f,"Koppanen, Joona",C,8,26.0,-0.0723706525492239,-0.5998136806896065,-0.6721843332388304,-0.0840230416548538
79afc51c-33ef-42b7-d824-12c175fedd9b,"Farrance, David",D,1,1.0,-0.084515497881011,0.0,-0.084515497881011,-0.084515497881011
ec1ce0f1-da94-b52d-8de7-fe60510f16bc,"Sjalin, Calle",D,11,27.0,-0.1212058030658384,-0.8193566192788574,-0.9405624223446958,-0.0855056747586087
e5676b25-a8f8-2cb6-6c4b-c0a127f7d5a6,"Niemelainen, Markus",D,3,3.0,-0.1037778599893539,-0.153841216404052,-0.257619076393406,-0.0858730254644686
6eb43e9b-bd2f-9c8c-d063-d60cbb31c2a4,"Gurianov, Denis",F,2,4.0,-0.0875905049642093,-0.0848497155991265,-0.1724402205633359,-0.0862201102816679
e2214881-b6b0-b1c9-6e83-a6b289c4f33f,"Primeau, Mason",F,4,19.0,-0.118062291337638,-0.2298538540370661,-0.3479161453747041,-0.086979036343676
018b6c78-d796-f123-d662-5ca0a63393f1,"Aspirot, Jonathan",D,10,28.0,-0.163911340004745,-0.7062404688764528,-0.8701518088811978,-0.0870151808881197
5801ee51-cb4c-15b8-3d9d-757bd846feae,"Tufte, Riley",F,10,41.0,-0.6609890382578786,-0.2271532128720015,-0.8881422511298801,-0.088814225112988
bc6177f1-4c3d-37fa-47dd-452cfcc446d1,"Merkulov, Georgi",LW,14,54.0,0.026695615600519,-1.2791142815597305,-1.2524186659592114,-0.0894584761399436
404acd2e-e1d1-ca7b-0a92-cd6563e260db,"Moverare, Jacob",D,6,28.0,-0.0516533246702351,-0.4896604484221837,-0.5413137730924188,-0.0902189621820698
27588d0d-69a7-2290-9289-ec66dce9bd74,"Miromanov, Daniil",D,2,7.0,-0.0623868331807034,-0.1197162765510976,-0.182103109731801,-0.0910515548659005
a23408ce-f1c0-03b6-d7ef-60da484f7212,"Nylander, Alexander",RW,7,33.0,-0.0130465893552377,-0.6246733127253664,-0.6377199020806041,-0.091102843154372
8200c442-154b-1e44-603c-432165892a57,"Shore, Devin",F,3,7.0,-0.1726886131893659,-0.1048398605433675,-0.2775284737327335,-0.0925094912442445
080a4b83-a144-5887-3f0e-084a2fbeb039,"Asselin, Samuel",F,14,54.0,-0.5380896351473935,-0.7595694607615704,-1.2976590959089638,-0.0926899354220688
65487019-1991-79e8-c505-981beb0636d0,"Ohgren, Liam",LW,1,9.0,-0.034015414162398,-0.0587882226103194,-0.0928036367727174,-0.0928036367727174
f6797690-ed0a-2b75-0a01-496610012676,"Mutter, Navrin",LW,3,9.0,-0.2204692391404815,-0.0604539830817498,-0.2809232222222313,-0.0936410740740771
54ad8812-393e-5ec6-9bf7-c683bb59ab88,"Vukojevic, Michael",D,13,28.0,-0.1870443474362234,-1.0308744276358883,-1.217918775072112,-0.0936860596209316
54c92034-9ece-4a76-ae9d-be434c2eef82,"Hain, Gavin",C,6,13.0,-0.2373256711879965,-0.3253243383890215,-0.5626500095770179,-0.0937750015961696
8cdcb61e-d733-bde6-a101-ef3140e48149,"L'Esperance, Joel",RW,14,44.0,-0.2774023237438314,-1.036199019692272,-1.3136013434361036,-0.0938286673882931
b4bdcf7d-af7f-59d1-384b-4f207395ee19,"Brink, Bobby",RW,1,3.0,-0.0642539916629636,-0.0297606089478183,-0.094014600610782,-0.094014600610782
c904de64-762a-0721-4c8f-90dfc7fbf289,"Lucchini, Jake",C,10,41.0,0.1229715159770713,-1.064265042964928,-0.9412935269878568,-0.0941293526987856
09acb688-56e4-f841-9840-99924478fb13,"Dowling, Justin",C,11,29.0,-0.6321062124312693,-0.4168691978121707,-1.04897541024344,-0.0953614009312218
215a194a-b8e9-1d59-61df-608bca39f7fa,"Carroll, Noah",D,1,1.0,0.0,-0.0983414212519186,-0.0983414212519186,-0.0983414212519186
def7057c-c63b-ba5b-6622-d71d6a64838f,"Strand, Austin",D,9,16.0,-0.2619438613319017,-0.6270319330035765,-0.8889757943354781,-0.0987750882594975
88e216a2-1386-7181-fda4-1819e8611ca5,"Wise, Jake",F,11,42.0,-0.419582226597226,-0.6701880308168988,-1.0897702574141248,-0.099070023401284
ea7c79f4-a992-0dfc-7f0c-913a5c701c2f,"Korczak, Kaedan",D,5,30.0,0.014786222419949,-0.5265357738425163,-0.5117495514225672,-0.1023499102845134
f487f33a-87b9-43cd-d79f-02dac52c3dfe,"Meireles, Greg",RW,12,40.0,-0.6902412287967412,-0.5395655163010918,-1.2298067450978332,-0.1024838954248194
ebf31f99-7cf9-b77d-1a16-1da7f96aed4c,"Halonen, Brian",F,6,19.0,-0.0688658492307856,-0.5499578979858579,-0.6188237472166436,-0.1031372912027739
4152b475-2bfd-8f22-09a7-f721c76d1a90,"Poulin, Samuel",C,4,13.0,-0.1755460147016732,-0.2376995955328879,-0.4132456102345611,-0.1033114025586402
c2820307-4226-fef5-3594-74ac709a6b6c,"Tomasino, Philip",RW,7,33.0,0.2964753039369094,-1.0219532497638384,-0.7254779458269289,-0.1036397065467041
c7554bfa-9d55-0c17-9b33-0f223ea3f85a,"Currie, Josh",F,11,28.0,-0.2749811701200662,-0.8774675652841557,-1.152448735404222,-0.1047680668549292
e01e67b9-2150-d1a5-ad6e-0588b64a281c,"Lee, Andre",F,9,40.0,0.6203781524654004,-1.5894569451581884,-0.969078792692788,-0.1076754214103097
b01afbd7-6ec9-96e1-f267-7cc7dee4dea0,"Bemstrom, Emil",RW,5,14.0,-0.2904187001505056,-0.2500026245861921,-0.5404213247366978,-0.1080842649473395
f4273f89-7803-88f9-bdc0-01625b90fc63,"Holmberg, Pontus",RW,2,8.0,-0.0322833279188969,-0.1847048465973996,-0.2169881745162966,-0.1084940872581483
5e07be36-1384-d298-ee92-4894ea6da4da,"Francis, Ryan",F,3,8.0,0.0155122263895869,-0.3482408768600343,-0.3327286504704474,-0.1109095501568158
b9f1b352-9b5d-ada7-2fc9-1ce3ed96cfa1,"McPhee, Graham",LW,4,13.0,-0.0997842397301241,-0.3491089766606327,-0.4488932163907568,-0.1122233040976892
b1d28ddf-4bc2-2b56-a1c2-123e233a2f2f,"Loewen, Jermaine",LW,2,16.0,-0.0215222186125979,-0.2036214866266081,-0.2251437052392061,-0.112571852619603
a0ee2ae4-f345-5203-c3b7-60b728f5f7fb,"Bichsel, Lian",D,2,5.0,-0.0250454665798838,-0.2005963905804319,-0.2256418571603158,-0.1128209285801579
ae1aa801-5655-af70-d031-019a9c091f86,"Puljujarvi, Jesse",RW,1,7.0,-0.0193382691421095,-0.0941037248197061,-0.1134419939618157,-0.1134419939618157
1b8bd0ac-fac4-d900-2d3e-411db1939181,"Massie, Jake",D,4,9.0,-0.1266553177414922,-0.3274641019764102,-0.4541194197179025,-0.1135298549294756
7bb84983-aea1-e050-01cb-3b9caba8dea9,"Cicek, Nick",D,13,48.0,-0.7492675652966824,-0.7285052130925824,-1.477772778389265,-0.1136748291068665
c8faf786-d902-4a0e-cfdd-3326fa37b797,"Burke, Cal",F,9,41.0,-0.5331569771458904,-0.4976154185365357,-1.0307723956824262,-0.1145302661869362
1ba1e45d-14a5-3375-cbbe-45fc4ef4fe77,"Stevens, Nolan",C,11,34.0,-0.9126156162295986,-0.3528856395933717,-1.2655012558229704,-0.1150455687111791
3fa9dd4a-efae-a4f4-e00c-d5885556b815,"Meyers, Ben",C,3,30.0,-0.1303144948598244,-0.2153272144694042,-0.3456417093292286,-0.1152139031097428
8cd5c3e3-9a48-051a-d12f-0065c690b66e,"Jarventie, Roby",RW,4,11.0,-0.4084151195098083,-0.0564525490670795,-0.4648676685768879,-0.1162169171442219
1b82a2ec-e891-f657-0e2c-842e3a0fd79f,"Suess, C.J.",C,15,54.0,-0.2815496358100625,-1.4693872205317111,-1.7509368563417738,-0.1167291237561182
a3992b3e-5431-d578-46ae-c846ac78852b,"Hamblin, James",C,2,8.0,-0.0220041114918342,-0.2122631549893043,-0.2342672664811386,-0.1171336332405693
0b85f915-4c74-a01b-ed14-6943a16bae21,"Romano, Anthony",F,2,10.0,-0.0614481978066481,-0.172999950519624,-0.2344481483262722,-0.1172240741631361
05017054-7f2a-ab0a-f2bf-9c685b7f0789,"Mastrosimone, Robert",LW,10,48.0,-0.4440361691030994,-0.7411677184889242,-1.1852038875920237,-0.1185203887592023
3df1ae9b-2aa4-e9cb-6921-02b059b862b6,"Caamano, Nicholas",RW,14,51.0,0.521338122986429,-2.2082251740209933,-1.6868870510345642,-0.1204919322167545
0f019453-f052-7bc8-02ed-1016fda53512,"Harpur, Ben",D,1,1.0,0.0,-0.1206238505823397,-0.1206238505823397,-0.1206238505823397
d6cacecd-ace5-db8f-d62d-72f51f65b089,"Swaney, Nick",RW,1,3.0,-0.0082267065088221,-0.1127545460363039,-0.1209812525451261,-0.1209812525451261
5ce2531f-d048-1233-61ba-2fc6398d8ec3,"Sgarbossa, Michael",C,8,25.0,-0.1740857380174713,-0.7977357269913048,-0.9718214650087762,-0.121477683126097
d29ba519-c5d9-1220-eda7-e0ec41379e99,"Nikolayev, Ilya",F,8,23.0,-0.4515253793719603,-0.5211635394373715,-0.9726889188093316,-0.1215861148511664
1ec06797-c8bc-e24a-19ff-cf29896403c7,"Studnicka, Jack",F,11,45.0,-0.3404177926345796,-1.0057815123144658,-1.3461993049490455,-0.1223817549953677
ab2f8c0e-cfd3-c0ac-74f5-8164c48764b2,"Hodgson, Hayden",RW,8,39.0,-0.047473300106557,-0.9651230373561682,-1.0125963374627251,-0.1265745421828406
1f7d541e-c817-b5ca-47db-11dc426dc74f,"Fleury, Haydn",D,1,3.0,-0.0050295478332805,-0.1250537886054929,-0.1300833364387735,-0.1300833364387735
ac67f786-2de5-43b4-d0af-ae6afd5f161e,"Pysyk, Mark",D,3,6.0,-0.2132459271104487,-0.1863632722980771,-0.3996091994085258,-0.1332030664695086
531dd357-139b-1c75-674c-f969c000c7ae,"Zboril, Jakub",D,6,15.0,-0.3352588419756575,-0.4677636290652788,-0.8030224710409363,-0.1338370785068227
87bd2512-ca41-d650-0517-297bbfc26a41,"Philp, Luke",C,6,34.0,-0.4703413753948865,-0.3445688298641299,-0.8149102052590165,-0.1358183675431694
8db09dda-0ac0-252d-5cca-f2178f63ee43,"Thompson, Tyce",F,14,54.0,-0.5683918441129494,-1.340844747145505,-1.9092365912584544,-0.1363740422327467
f19f09de-127d-97a1-6265-d5a27b837129,"Thomson, Lassi",D,13,46.0,0.1984911293106143,-1.9841925086887249,-1.7857013793781105,-0.1373616445675469
f4d0b772-1f4e-66ba-7ed2-54024c2c659b,"Reichel, Kristian",F,9,45.0,-0.2873751551251926,-1.020289782581857,-1.30766493770705,-0.1452961041896722
e5ed606b-7c57-ce3e-d45b-80682aa56dbc,"Fitzgerald, Ryan",LW,2,7.0,-0.1303508103152079,-0.1639737674900489,-0.2943245778052568,-0.1471622889026284
9b9236f2-e096-ef85-f4a8-1e2d657d99a2,"Legare, Nathan",RW,12,63.0,-0.3042455749454206,-1.5041273192585334,-1.808372894203954,-0.1506977411836628
9698f020-7131-d04b-2552-c55a16afa91f,"Hodgson, Cody",C,6,24.0,-0.3992075639137253,-0.5068202436233727,-0.906027807537098,-0.1510046345895163
eaab14dd-8505-cdf5-3f38-9f935e6969f3,"Nemec, Simon",D,3,5.0,0.0,-0.4682643748507976,-0.4682643748507976,-0.1560881249502658
3728a22e-e32e-cf71-be16-1a6317838f86,"Doucet, Alexandre",LW,2,14.0,0.0164192639137264,-0.334400034366661,-0.3179807704529346,-0.1589903852264673
8287ec3b-6cc4-cfd8-ded5-d59e0b7b60de,"Pavlychev, Nikita",C,5,17.0,-0.1063021973731937,-0.7010129408792646,-0.8073151382524583,-0.1614630276504916
705342fb-5233-cb03-d7e0-2823602d0ca7,"Jenkins, Blade",F,2,4.0,-0.280194526918693,-0.0434782616720103,-0.3236727885907034,-0.1618363942953517
2930b9a2-e32f-9bc1-bad9-327d514a020e,"Phillips, Matthew",RW,1,1.0,-0.1479522944882441,-0.0217391308397054,-0.1696914253279495,-0.1696914253279495
b8c6b250-84bc-2be1-fefe-d5c971f905cd,"Lettieri, Vinni",C,2,10.0,0.0,-0.3532513676698902,-0.3532513676698902,-0.1766256838349451
c189c220-2085-6731-4cab-1c94102e687e,"Aman, Nils",C,2,3.0,-0.0710158037198486,-0.2830188571499198,-0.3540346608697685,-0.1770173304348842
61cf0567-90c5-3e07-99d9-8b08b22c623d,"Walford, Scott",D,1,3.0,-0.1810222899225304,0.0,-0.1810222899225304,-0.1810222899225304
fb7c222c-ebe7-4beb-3638-c0b60a15a0fd,"Chartier, Rourke",F,4,20.0,-0.0674961989140869,-0.6652604324866802,-0.7327566314007672,-0.1831891578501918
62da8db3-43ba-54cd-41cb-1eedac95ba17,"Beaudin, Nicolas",D,3,5.0,0.0,-0.5993642709453395,-0.5993642709453395,-0.1997880903151131
7ff9ba0c-7a28-4512-c9e5-a10afc5bbd83,"Bellerive, Jordy",RW,7,22.0,-0.7453273811477624,-0.794418548542682,-1.5397459296904443,-0.2199637042414921
05b95071-fc69-bd44-2833-e883e840dcf9,"Fasching, Hudson",RW,2,3.0,0.270741990566097,-0.7155818329575785,-0.4448398423914814,-0.2224199211957407
ee5122aa-cce5-d4fe-9403-b87023179682,"Pivonka, Jacob",F,1,5.0,-0.0117947786116218,-0.2166666760896398,-0.2284614547012616,-0.2284614547012616
e25ac5dd-5c9f-292e-3d0d-98f423829cce,"Anisimov, Artem",C,1,12.0,0.0250251562272759,-0.2594389888335011,-0.2344138326062251,-0.2344138326062251
34f1d587-08e6-10f2-c48d-54fb50d3b881,"Firstov, Vladislav",F,1,4.0,0.0,-0.2426349562807266,-0.2426349562807266,-0.2426349562807266
472ae96c-4b00-987d-520b-b7574439702c,"Carpenter, Ryan",C,1,7.0,-0.2606289897176132,-0.0219743668534093,-0.2826033565710225,-0.2826033565710225
cfb46079-cb96-b7c5-442e-26ea0e34e136,"Robertson, Nick",LW,1,5.0,-0.2606289897180544,-0.0278108608882688,-0.2884398506063232,-0.2884398506063232
e18b4827-dcbd-4cb7-b666-8529df7441bc,"Polei, Evan",LW,2,6.0,-0.2826331012093593,-0.3040107910774681,-0.5866438922868275,-0.2933219461434137
4a958778-ad3e-a99e-3fd3-f9d53cc6e145,"Megna, Jaycob",D,1,5.0,-0.0645666558373685,-0.2830188572399662,-0.3475855130773347,-0.3475855130773347
