player_id,player_name,position,n_forechecks,n_rows,pos_total,exec_total,press_total,press_per_forecheck
c41b546c-c200-fe0d-b46c-fe319e2e42e6,"Rooney, Kevin",C,5,21.0,0.4233830747038616,1.0473972077598015,1.470780282463663,0.2941560564927327
3234f05b-aafa-95e9-07e3-c23dea148f88,"Joseph, Pierre-Olivier",D,7,18.0,0.4944832955733907,0.93292474951868,1.4274080450920703,0.2039154350131529
9e9f0d39-c731-c9ca-363a-b83c1659dcc9,"Lagesson, William",D,2,5.0,0.2380708810814371,0.1518502028761648,0.389921083957602,0.194960541978801
ad2dce89-80cd-8d6b-b384-e114ceaafcf6,"Bystedt, Filip",F,1,,0.0124689259981509,0.1510204076766657,0.1634893336748167,0.1634893336748167
0db6b956-4b7f-d666-f861-49683999fe78,"Guy, Brayden",F,3,11.0,0.1626564892408867,0.2839503354293625,0.4466068246702492,0.1488689415567497
f3f56298-88cb-fe2b-48b6-23b863499c12,"Swetlikoff, Alex",F,1,,-0.0181447033996996,0.1489361703395544,0.1307914669398547,0.1307914669398547
a8710019-ad52-0061-c08f-181079c2ff0e,"Johannes, Hunter",LW,1,,-0.0588992548401692,0.1896907217800237,0.1307914669398545,0.1307914669398545
c680ffcc-b3f4-241e-b204-4427348d5e37,"Berzolla, Zach",D,1,,-0.0498252724523899,0.1806167393922444,0.1307914669398545,0.1307914669398545
f238b29a-5e55-3d84-643f-638f06a70428,"Hirano, Yushiroh",RW,1,,-0.005730271827742,0.1365217387675965,0.1307914669398544,0.1307914669398544
c51c4508-f268-b8c5-0cb1-26b9859a9083,"Tverberg, Ryan",F,1,,-0.0057302718277419,0.1365217387675962,0.1307914669398543,0.1307914669398543
0ab603b4-dfe0-01a2-90a2-e98048b67f73,"Guay, Patrick",LW,3,,-0.011846264426604,0.4042206652461659,0.3923744008195619,0.1307914669398539
3b5ef339-2b52-54ae-e4df-883f892a0f9c,"Novak, Pavel",F,2,,0.0456377138861606,0.2159452199935471,0.2615829338797078,0.1307914669398539
4547b0f8-61ed-35aa-c402-92122503bf23,"O'Leary, Mike",C,2,,0.0456377138861606,0.2159452199935471,0.2615829338797078,0.1307914669398539
e51b20db-ecd3-089c-83db-53cc58eb73db,"Cataford, Mathieu",RW,1,,0.0527772838954358,0.0780141830444179,0.1307914669398538,0.1307914669398538
f5bee3f3-4729-b54f-daac-180b56d418a0,"Stinil, Michal",LW,1,,-7.273007588160508e-05,0.1308641970157354,0.1307914669398538,0.1307914669398538
8c8bb5e3-c1bf-5fe7-5c06-9c2edca91261,"Onyebuchi, Montana",D,2,,0.0756948580511927,0.1858880758285145,0.2615829338797073,0.1307914669398536
0cdec058-c5f4-0045-d7bc-01b73ecdfb07,"Theisen, Colin",F,2,,0.0756948580511927,0.1858880758285145,0.2615829338797073,0.1307914669398536
f9459d9f-883c-1e56-921f-2f33d390fccc,"Lipkin, Sam",F,2,,0.0756948580511927,0.1858880758285145,0.2615829338797073,0.1307914669398536
b4ed4c55-1ff5-c6da-3d59-02be349c18a3,"Frasca, Jordan",LW,1,,-0.005730271827742,0.1365217387675956,0.1307914669398536,0.1307914669398536
3d51cf58-a965-64fe-156c-8c3d1783c70e,"Cosgrove, Trevor",D,1,,0.018851166475246,0.1119403004646075,0.1307914669398535,0.1307914669398535
bb5dc6ab-b554-7e5e-317b-fa615a4a94e5,"Fulp, Aidan",D,3,,0.0565534994257376,0.335820901393822,0.3923744008195596,0.1307914669398532
0131498e-6f12-f0f1-258e-5342af404745,"Morton, Sam",C,5,,0.1211369072816236,0.5328204274176411,0.6539573346992648,0.1307914669398529
2685e5a3-f4c9-55da-5687-4afbf692ce02,"Bell, Parker",LW,4,,0.1247454385297608,0.3984204292296509,0.5231658677594118,0.1307914669398529
dc9f0cfa-c199-04a2-6250-6e0930eecb0d,"Kerins, Rory",C,4,,0.1247454385297608,0.3984204292296509,0.5231658677594118,0.1307914669398529
7c6b27d0-8b1b-dd6d-cfed-b6769b895e8d,"Maggio, Matthew",F,5,,0.1036064898393021,0.5503508448599622,0.6539573346992644,0.1307914669398528
da1e315e-d850-b54c-fd20-780097393ec1,"McKinnon, Ian",F,1,,0.0307914669398743,0.0999999999999785,0.1307914669398528,0.1307914669398528
09f381c0-6a47-8eff-31ea-e1c938853285,"Mcallister, Ryan",F,1,,0.0378474290255965,0.0929440379142561,0.1307914669398527,0.1307914669398527
3ab76805-5e56-a960-0295-c331ce09ab46,"Duarte, Mark",RW,1,,0.0264436418895199,0.1043478250503326,0.1307914669398526,0.1307914669398526
dadedaa6-e902-9a20-3ed6-79615ec3037d,"van De Leest, Jackson",D,1,,0.0188511664752458,0.1119403004646064,0.1307914669398522,0.1307914669398522
fb552805-85bd-8c07-47c1-c5d02c994def,"Honzek, Samuel",LW,1,,0.0264436418895201,0.1043478250503316,0.1307914669398518,0.1307914669398518
faf5e9e0-21ec-2d97-a6f5-98596729e066,"Krys, Luke",D,1,,-0.0366503929014586,0.1674418598413103,0.1307914669398517,0.1307914669398517
9120172d-54de-9906-e916-1e5ce36bfcc8,"Hryckowian, Justin",C,1,,-0.0366503929014586,0.1674418598413103,0.1307914669398517,0.1307914669398517
1478b5df-3f0a-5c6c-2819-58f814f92e05,"McClennon, Connor",F,2,,-0.0406197110644211,0.3022026449441242,0.261582933879703,0.1307914669398515
0bd61d8a-c664-b1f0-5ec3-6ecf708679d7,"Vanroboys, Lucas",F,1,,-0.0498252724523896,0.1806167393922407,0.130791466939851,0.130791466939851
fcb7255e-3c02-bfc0-3a73-ca1b90953aca,"Anhorn, Dylan",D,2,,0.0199502815970422,0.2416326522826597,0.261582933879702,0.130791466939851
93287ee7-f6cd-636b-e83c-9a63094f9c0d,"Vincent, Anthony",F,1,,-0.0498252724523896,0.1806167393922407,0.130791466939851,0.130791466939851
d02b010f-8cb4-7c7b-9319-50dd7c95cab2,"Kuefler, Daylan",F,1,,0.0378474290255961,0.0929440379142542,0.1307914669398505,0.1307914669398505
1c9700dd-60dd-69e8-fde4-ed7e872fe2e1,"Walker, Cooper",C,1,,-0.0286856566782394,0.1594771236180896,0.1307914669398502,0.1307914669398502
08561f93-bc89-bd96-1bab-6905b3f7e9c7,"Villeneuve, William",D,2,,-0.0147940824261587,0.276377016305859,0.2615829338797003,0.1307914669398501
67b8ed43-a1e4-2118-c376-832d94f2e5ed,"Voyer, Alex-Olivier",RW,1,,0.0378474290255969,0.0929440379142513,0.1307914669398482,0.1307914669398482
e6793d76-c12a-24b3-375e-eaca9cd7dfc9,"Pinard, Simon",F,1,,-0.0498252724523897,0.1806167393922359,0.1307914669398461,0.1307914669398461
665699cd-274f-78a9-d163-2779fc7210a0,"Singleton, Tate",C,1,,-7.273007588160584e-05,0.1308641970157274,0.1307914669398458,0.1307914669398458
d355580c-76bd-6feb-cb4a-c789e8954d9e,"Zloty, Benjamin",D,1,,0.0092055613879683,0.1215859055518772,0.1307914669398456,0.1307914669398456
75af17b8-2f42-25a1-947f-299ac164603e,"Hillis, Cam",RW,5,17.0,0.1030979088946491,0.4722096105695325,0.5753075194641817,0.1150615038928363
82b3d9a5-d885-129a-d048-8a61788abdb8,"Pastujov, Sasha",LW,6,,0.1851976901795127,0.3995511114596484,0.5847488016391612,0.0974581336065268
a7b63685-8457-dc4d-e569-f210f20260c4,"Poolman, Colton",D,5,,-0.0487917037882599,0.5027490384875696,0.4539573346993096,0.0907914669398619
787a8432-19e0-0887-53f2-a9f68ba36658,"Poirier, Jeremie",D,5,,0.0511213699795493,0.3855338314547306,0.4366552014342799,0.0873310402868559
8c885fad-a1cf-d44e-ff3c-1975721abdbc,"DeSimone, Nick",D,13,27.0,0.3022781227469414,0.7700561379170769,1.0723342606640185,0.0824872508203091
901235fc-1283-6bef-78e7-d9ba49b910c5,"Benoit, Simon",D,7,31.0,0.0029607131450203,0.5730899272112098,0.5760506403562302,0.0822929486223186
e9563f4f-7930-e1a6-b216-d97b3048803b,"Trivigno, Bobby",LW,4,,-0.1070527483684231,0.4302186161278802,0.3231658677594571,0.0807914669398642
35f3a7f5-9cc0-b826-da68-5809c32a4aae,"Robert, Felix",RW,4,,-0.0097444777352226,0.3329103454946786,0.3231658677594559,0.0807914669398639
b8a3ba2c-d581-c3c6-e6ca-154f5e8ed1f3,"Frank, Ethen",C,4,,-0.109499571190518,0.4326654389499735,0.3231658677594555,0.0807914669398638
7cb3042e-45eb-45ed-256b-52f95468e17e,"Stranges, Antonio",F,8,,-0.0097432793999997,0.6560750149189096,0.6463317355189099,0.0807914669398637
67c9940a-3733-2962-f9b4-f523a2d1df8f,"Ciona, Lucas",LW,4,,-0.0221845944387323,0.3453504621981867,0.3231658677594544,0.0807914669398636
8b6563d6-4321-a561-d6be-2532b12ba7fa,"Sedoff, Christoffer",D,8,,-0.0702020781065166,0.7165338136254213,0.6463317355189048,0.0807914669398631
c7b3f922-86b9-8842-3b94-49930e85939c,"Chiasson, Jake",RW,4,,0.0097838494020039,0.3133820183574461,0.3231658677594501,0.0807914669398625
18c5295c-17f0-185e-9344-be3f0f3b9f01,"Berard, Ben",LW,7,,0.0144843505681976,0.533753784745822,0.5482381353140197,0.0783197336162885
5ed92cf2-bc71-8b27-ceef-13805029dcbc,"Lapierre, Hendrix",C,42,198.0,1.350755384564005,1.8747094487451503,3.2254648333091556,0.076796781745456
5d57a0cd-df56-aefd-3d80-d4fb6925e3fe,"Grushnikov, Artyom",D,8,,-0.0276890038110874,0.6394164727999399,0.6117274689888524,0.0764659336236065
fd45525b-8660-6dbf-0ae5-1589daee800f,"McMann, Bobby",C,7,25.0,0.1237872048267939,0.4079138141910784,0.5317010190178724,0.0759572884311246
20e6209d-373a-ce4a-1c9c-0a40ea6ef7ff,"Katchouk, Boris",LW,8,24.0,0.0853346285941867,0.4695176988206139,0.5548523274148006,0.06935654092685
ceb3ffdc-2d60-534b-ff06-be2066c3cf70,"Sandelin, Ryan",F,13,,0.452213993113713,0.4262764992812413,0.8784904923949544,0.0675761917226887
a1c96f84-a9a7-2be7-224a-660944dc9cd8,"Fairbrother, Gianni",D,1,2.0,-0.0588992548401692,0.1248156155498045,0.0659163607096353,0.0659163607096353
5a19d98a-9812-e36d-7c3e-df3822110857,"Furry, Brendan",LW,9,,-0.0767845017660259,0.669303437694761,0.5925189359287351,0.065835437325415
a32b68b4-14dd-9705-fe8a-8ceca2df263c,"Armia, Joel",RW,10,39.0,0.0476004806983321,0.5963743056782714,0.6439747863766035,0.0643974786376603
f2811315-a63a-c5b6-95d0-80e2cb18975e,"Pospisil, Martin",C,9,40.0,0.1122020772720153,0.4656871613069668,0.5778892385789822,0.0642099153976646
7654aef7-b9f3-a41c-bd8c-5746babb1db9,"Neuchev, Viktor",RW,3,,-0.0681551560508043,0.2605295568704081,0.1923744008196037,0.0641248002732012
b6a7a39b-58cc-cfcd-fea9-ccffe90ab4fe,"Lewandowski, Mitchell",LW,3,,-0.0452776662753901,0.2376520670949937,0.1923744008196035,0.0641248002732012
ebe4714b-a994-8466-487a-f68dd624f182,"Halliday, Stephen",C,3,,-0.1520700424657926,0.3444444432853961,0.1923744008196034,0.0641248002732011
5193e419-63d9-1421-640b-06417842d3e2,"Mancini, Victor",D,3,,-0.013261540954009,0.2056359417736109,0.1923744008196019,0.0641248002732006
93be18e6-1e64-51e4-e3ee-d151608ef10b,"MacArthur, Bennett",LW,3,,-0.0768524208785906,0.2692268216981922,0.1923744008196015,0.0641248002732005
a340d31a-27b5-a8d5-bfb1-edfe27cf1e5d,"Gicewicz, Carson",C,3,,0.0014055386436983,0.190968862175903,0.1923744008196013,0.0641248002732004
b5481001-4f1e-846a-ba32-45495dd123eb,"Golder, Carson",RW,6,,0.0204029679801081,0.3643458336590902,0.3847488016391983,0.0641248002731997
94f219b6-0ac1-9b23-69b8-1b954af026c9,"Zlodeyev, Dmitri",F,3,,-0.1109206268312282,0.3032950276508251,0.1923744008195969,0.0641248002731989
8b9b4b63-03ae-91fb-4bc5-905211a4f5af,"Johnson, Isaac",RW,3,,0.0240188971413147,0.1683555036782771,0.1923744008195919,0.0641248002731973
2766277d-aa8c-2da8-d328-62f1cbf03279,"Duehr, Walker",RW,6,19.0,0.3262602051485157,0.0569878203346835,0.3832480254831993,0.0638746709138665
68314a41-fbd6-d896-fb13-c348f321b1e6,"Wedman, Matthew",LW,70,292.0,0.9709550035681244,3.293722870963464,4.264677874531588,0.0609239696361655
2b6fc981-185e-a9b2-ba8c-149db137f2cb,"Nychuk, Chad",D,3,,-0.1170310775787283,0.2921033451332989,0.1750722675545705,0.0583574225181901
472ae96c-4b00-987d-520b-b7574439702c,"Carpenter, Ryan",C,33,157.0,0.532652506690192,1.389247326133602,1.9218998328237944,0.0582393888734483
d8b45f27-27ab-1ac3-7858-ddf31bbf62b0,"Ivan, Ivan",F,14,,0.4390981231628993,0.3701838361719498,0.8092819593348491,0.0578058542382035
05673e68-1d9f-8728-7874-b41679600750,"Anderson, Joey",RW,35,131.0,0.7163149701974205,1.30055240501072,2.0168673752081405,0.057624782148804
2fcd5eda-6ffa-3088-c189-0b3342a16345,"Fortier, Gabriel",C,142,506.0,0.6863880547034962,7.413178703851357,8.099566758554854,0.0570392025250341
5a5d0830-e103-4d21-f233-e649aa2cb119,"Kesselring, Mike",D,19,48.0,0.1267253660075908,0.9383068059561273,1.065032171963718,0.0560543248401956
70440719-b72e-82a5-613d-20867495af20,"Marino, Kyle",RW,16,,0.0035850826749658,0.8890783883629362,0.892663471037902,0.0557914669398688
c50ee147-78c1-e97c-f042-2810c51adffc,"Shaw, Mason",LW,59,194.0,-0.062663009154684,3.2326692344832786,3.1700062253285943,0.053728919073366
9b65e913-a13d-a05b-9427-55f8feacc295,"Bitten, William",F,183,614.0,1.6546174618750578,8.174268187943397,9.828885649818456,0.0537097576492811
b5612f31-b1a0-8934-f8b5-5f980f2cb2a0,"Luneau, Tristan",D,24,60.0,0.3151158883197801,0.950769052470219,1.265884940789999,0.0527452058662499
49ac45b2-bab8-bd73-861d-5c244da1ec2c,"Aamodt, Wyatt",D,5,,0.0537293372473707,0.2002279974519801,0.2539573346993508,0.0507914669398701
4d078dae-3c80-5494-dfe0-cc6cb4da38e7,"McKay, Riley",F,5,,-0.0343024889209096,0.2882598236202565,0.2539573346993468,0.0507914669398693
5dce00f3-ba59-bbe3-62ad-cbb2a438bbb6,"Ansons, Raivis",C,5,,0.1130809908530537,0.1408763438462923,0.2539573346993461,0.0507914669398692
72ca1126-3d98-e9b2-12ea-6b65e429a53b,"White, Gavin",D,5,,-0.0282539921083291,0.2822113268076752,0.253957334699346,0.0507914669398692
fbcf5c7b-e2f6-d4dc-e865-f537963946fc,"Melanson, Jacob",F,15,,0.1201014831056042,0.641770520992429,0.7618720040980332,0.0507914669398688
6488121e-ed37-2c24-34b7-84a6b947486c,"Carroll, Joe",LW,130,475.0,0.8343677235467324,5.768242994524051,6.602610718070784,0.0507893132159291
beb04132-9c13-08d6-e1fb-01fa5272d50c,"Kiviranta, Joel",LW,21,111.0,0.3894040458211577,0.6675439785714411,1.0569480243925988,0.0503308583044094
db323125-e53d-b2b8-277f-f2c91384f549,"Bowlby, Henry",LW,15,57.0,0.4164729220587265,0.2954639136648437,0.7119368357235702,0.0474624557149046
2e4b21f4-9426-ca70-4bb7-b7107d5d3c93,"Groshev, Maxim",D,24,,0.2460727187021255,0.8929224878547493,1.1389952065568747,0.0474581336065364
12687ef0-6348-9e50-7885-e5292a10eda7,"Callin, Drew",F,5,,-0.101628655523758,0.338283856958083,0.2366552014343249,0.0473310402868649
7336b864-27d6-7481-edab-db81bedbee4a,"Jardine, Sam",D,20,76.0,0.113745998799368,0.829900905090358,0.943646903889726,0.0471823451944863
f9c21b86-8a2b-b378-5127-75e172925146,"Reinbacher, David",D,2,,-0.0304673638006215,0.124748164415335,0.0942808006147134,0.0471404003073567
1f96dae9-d63f-c6da-686b-351c8fc8c14c,"Day, Logan",D,141,399.0,2.182914102807011,4.415023775525245,6.597937878332256,0.0467938856619308
34f1d587-08e6-10f2-c48d-54fb50d3b881,"Firstov, Vladislav",F,27,143.0,0.8653008127289303,0.3952751251324085,1.2605759378613388,0.0466879976985681
e85322f9-3cab-0b5b-4435-ed9cd9ef008c,"Dzingel, Ryan",F,30,108.0,-0.1279242243507073,1.5094691339854034,1.381544909634696,0.0460514969878232
db9c8af3-01e3-2f51-4cfd-cabf439c3c0f,"Skoog, Wilmer",F,7,,-0.200475550880948,0.5160158194600443,0.3155402685790962,0.0450771812255851
b3585f9c-6b5b-057f-4b5f-0931b9714c57,"Brabenec, Jakub",F,7,,-0.1536700688894631,0.4673039376734732,0.3136338687840101,0.0448048383977157
f2566bc6-bfea-c074-e304-be4d0e8006e2,"Kambeitz, Dino",RW,23,,-0.2881125715764758,1.3117120446634305,1.0235994730869546,0.0445043249168241
e25ac5dd-5c9f-292e-3d0d-98f423829cce,"Anisimov, Artem",C,53,182.0,-0.3840835812056656,2.6754842351276813,2.2914006539220155,0.0432339746023021
45a2c93b-c050-c12e-b8d2-9d002eef5804,"Zary, Connor",C,11,42.0,0.1738911518904671,0.2872209667861495,0.4611121186766166,0.041919283516056
c8024fec-51b4-5225-e66f-bd6ebed34b9b,"Wiebe, Jaxsen",RW,9,,0.1566914328196393,0.2204317696392043,0.3771232024588436,0.0419025780509826
49d42dd2-3278-16e3-d4fd-22c863adfade,"Svechkov, Fyodor",C,9,,0.0804187507191151,0.2967044517397244,0.3771232024588395,0.0419025780509821
c622c5d2-2a49-f3e5-6bf7-0e23fa29032e,"Crozier, Max",D,104,247.0,0.9841133992870794,3.296828972871125,4.280942372158204,0.0411629074245981
3df1ae9b-2aa4-e9cb-6921-02b059b862b6,"Caamano, Nicholas",RW,184,741.0,-0.7560042432338863,7.990495342684948,7.234491099451062,0.0393178864100601
da5bdc30-ff02-7a26-4d8b-79c87b128ab4,"Ford, Parker",RW,8,,-0.1329415266000097,0.4446689955889215,0.3117274689889118,0.0389659336236139
5ad461c4-01e6-3090-18c9-0aa215276809,"Gushchin, Danil",F,236,965.0,4.315896026659807,4.835496889218081,9.151392915877889,0.0387770886266012
21555bc9-a08d-032e-ef88-be32e61cd8a0,"D'Amato, Daniel",LW,15,,-0.3367437959901563,0.9140115335581744,0.5772677375680182,0.0384845158378678
34f46eb8-532d-889d-33f8-51b226bd083d,"Vecchione, Mike",F,174,772.0,2.9293534045357097,3.537620308339726,6.466973712875436,0.0371665155912381
2930b9a2-e32f-9bc1-bad9-327d514a020e,"Phillips, Matthew",RW,30,114.0,1.016005012352268,0.0850489687839947,1.1010539811362627,0.0367017993712087
b460c5a3-506f-26e8-0bd1-3e354b96b1b5,"Sourdif, Justin",RW,176,664.0,2.1500980951035946,4.267634450724158,6.417732545827752,0.0364643894649304
2e33542c-6735-7a9d-beb1-3911e384f921,"McDonough, Aidan",LW,193,730.0,1.2377689157640943,5.796636182521151,7.034405098285246,0.0364476948097681
af4b1383-6455-2988-0dab-f2fd733e167b,"Zhilkin, Danny",C,12,,-0.22361297472768,0.6585063114760868,0.4348933367484068,0.0362411113957005
559157e4-708e-ddcd-71ea-cc5de91a6e20,"Lambert, Jimmy",F,6,,0.0149208105382419,0.2025258578359572,0.2174466683741991,0.0362411113956998
6b122583-dd65-ac45-1516-8d861b35db24,"Bjornfot, Tobias",D,24,54.0,0.168607325820503,0.7000020637745198,0.8686093895950228,0.0361920578997926
6762871d-0826-62ea-33f7-af39ac92c913,"Gatcomb, Marc",C,15,,-0.56958785503103,1.1122513260689877,0.5426634710379576,0.0361775647358638
7140c5e3-c7b4-5dbc-61bf-89b315e97277,"Petman, Ville",F,17,,-0.2405821513801462,0.8467349560929326,0.6061528047127863,0.0356560473360462
a5b7b24c-17f7-9ece-93d4-237da071f7e2,"Alexandrov, Nikita",C,15,59.0,-0.3421812656743134,0.8764361981398244,0.534254932465511,0.0356169954977007
0e6b8ebb-9a77-586f-1784-a1fbbdac5c71,"Wisdom, Zayde",C,15,,0.1897989748723204,0.3374687626957116,0.527267737568032,0.0351511825045354
d028de61-a5f1-fc1b-87ce-7160b5ebbe16,"Chayka, Daniil",D,8,,-0.1815187002771935,0.4605483025311481,0.2790296022539545,0.0348787002817443
7e9f0d8e-e3cb-c9d9-5986-30ccc588774a,"McLaughlin, Blake",F,67,244.0,0.6924346249270682,1.6383325787523004,2.3307672036793687,0.0347875702041696
3fa9dd4a-efae-a4f4-e00c-d5885556b815,"Meyers, Ben",C,57,255.0,0.0308836191081127,1.9452855485364864,1.976169167644599,0.0346696345200806
aac0832e-8972-5a3d-7f15-1ac5c9e80727,"Shaw, Logan",F,190,742.0,1.3920302217102822,5.172912189602431,6.564942411312713,0.0345523284805932
e8fea67a-8042-8fda-08b4-f058368fe357,"Bolduc, Zachary",RW,135,524.0,-1.2294040844348486,5.892484302764261,4.663080218329412,0.0345413349505882
9692be3e-1840-be44-346f-17fd56755724,"Henman, Luke",F,73,288.0,1.462606975506331,1.058718981342392,2.521325956848723,0.0345387117376537
1586746e-cebb-583e-a668-5f66df384eb2,"Bryson, Jacob",D,22,39.0,-0.2551367680112296,1.011086574614412,0.7559498066031825,0.0343613548455992
fc4b5423-4463-8a2b-f319-30916f7c8928,"Olofsson, Fredrik",C,48,162.0,0.3160059491486645,1.3075221947713955,1.62352814392006,0.0338235029983345
1b0ec3d0-fbd0-112f-f859-6c6696f55dee,"Beckman, Adam",LW,234,912.0,-1.1101053954011688,9.009289681029726,7.899184285628557,0.0337571978018314
1e181fe0-11d2-8b93-dfcb-0b3b08076a1f,"Swoyer, Colin",D,6,9.0,0.0185083588815516,0.1824643932450728,0.2009727521266245,0.0334954586877707
af933b87-4f83-feaa-feff-6f90363db186,"Sabourin, Scott",F,218,845.0,1.6220226508320126,5.6272083023904385,7.249230953222451,0.0332533529964332
4140108e-fd7c-f6c9-17ed-54d6cb083bb4,"Clifford, Kyle",LW,145,567.0,-0.3411957507386569,5.119658866509846,4.778463115771189,0.0329549180398013
c0cc293f-af8f-d0d6-d86a-65f9e3ad1df1,"Damiani, Riley",F,198,808.0,1.2304784223118523,5.175010236390661,6.405488658702513,0.0323509528217298
aed2833c-1982-2c81-12d6-ce42690c132f,"Anderson-Dolan, Jaret",C,24,93.0,0.5871198456542365,0.1741223410960431,0.7612421867502797,0.0317184244479283
c8d33732-42a1-d13e-323a-6457dc42307a,"Richards, Justin",C,97,382.0,0.8085836375972467,2.256672419328662,3.0652560569259086,0.0316005779064526
ad46103a-4d3e-9234-dee6-f970fd779e79,"Blidh, Anton",F,188,711.0,0.1114294244324108,5.788597688576454,5.900027113008865,0.0313831229415365
eaab14dd-8505-cdf5-3f38-9f935e6969f3,"Nemec, Simon",D,24,48.0,0.2933747833234557,0.4554656826392066,0.7488404659626623,0.0312016860817775
85ee3269-0c02-823e-7fe2-a1a0b0566cd7,"Chaffee, Mitchell",RW,104,401.0,1.382901016453016,1.825502321958781,3.208403338411797,0.0308500321001134
b2928a2f-57af-15cf-fb3f-b3917e2f5b6a,"Masters, Kyle",D,4,,0.0341771702306766,0.0889886975288235,0.1231658677595001,0.030791466939875
951d13b9-5872-4030-e350-fde01da2db5a,"Korczak, Ryder",F,4,,-0.1157202598613887,0.2388861276208874,0.1231658677594986,0.0307914669398746
eb2b5a29-1de3-7a50-19d7-044c4c5234be,"O'Neil, Kevin",RW,2,,0.0342388977774594,0.0273440361022898,0.0615829338797492,0.0307914669398746
8df2c45c-6f81-8208-c618-60164a40834f,"Felix, Colin",D,2,,0.0210687508353236,0.0405141830444255,0.0615829338797491,0.0307914669398745
5e3aff3e-8291-6d82-73bc-fe525c00af0b,"Mastrodonato, Keaton",F,2,,-0.0589719849160505,0.1205549187957996,0.0615829338797491,0.0307914669398745
dd368f54-e501-b3b4-cfb1-0168ac8455c4,"Tuomaala, Samu",F,2,,0.03555062911596,0.0260323047637889,0.061582933879749,0.0307914669398745
67d7dce3-3de0-3021-706f-3f85c3ac4b11,"Abbandonato, Peter",LW,2,,-0.0620870182743856,0.1236699521541344,0.0615829338797487,0.0307914669398743
4f0a5304-b10d-cc26-c5ba-05b618309cc4,"Trineyev, Bogdan",RW,4,,0.0847917656438735,0.0383741021156238,0.1231658677594973,0.0307914669398743
e087872f-4407-fbe7-103f-4ade27e4d75a,"Sucese, Nate",F,12,,0.0627132088951225,0.3067843943833686,0.3694976032784912,0.0307914669398742
5f3ba977-2b47-50ed-9f99-9fcc71574006,"Jones, Jett",F,2,,0.0161268909939772,0.0454560428857712,0.0615829338797484,0.0307914669398742
9085fb56-a0fb-48b9-366b-f9988acec99d,"Milne, Michael",F,4,,-0.1192363639337216,0.2424022316932184,0.1231658677594967,0.0307914669398741
c9675f23-4447-723a-41d7-6a597d159135,"Vierling, Evan",LW,2,,-0.0660388248494447,0.127621758729193,0.0615829338797483,0.0307914669398741
157fdd64-36f2-ac7f-b2e3-489f22ef38ad,"Busdeker, D.J.",F,8,,0.3325868172619771,-0.0862550817429839,0.2463317355189932,0.0307914669398741
eb345c6c-ab0e-fdca-aea2-9503bc579991,"McKenna, Jeremy",RW,2,,-0.0061219709447334,0.0677049048244817,0.0615829338797483,0.0307914669398741
f045664f-80a6-44de-69e1-20d9f0ae7af4,"O'Rourke, Ryan",D,8,,-0.1882925914550707,0.4346243269740616,0.2463317355189909,0.0307914669398738
14568715-544f-38ee-cb86-8c20590b8d5c,"L'Heureux, Zachary",LW,10,,-0.0276689943330031,0.3355836637317417,0.3079146693987385,0.0307914669398738
7d668396-9a80-257b-e522-9587e8d1015a,"Friedmann, T.J.",F,8,,0.1818833669696584,0.0644483685493319,0.2463317355189904,0.0307914669398738
23822c5b-b1b1-7513-593a-b49f2969a0ec,"Panwar, Sahil",LW,2,,-0.0061219709447336,0.0677049048244812,0.0615829338797475,0.0307914669398737
ad4b002b-5fc6-4cdc-1d16-192ced8c9b16,"Gaudet, Jake",C,14,,-0.1939600431739103,0.6250405803321406,0.4310805371582302,0.0307914669398735
1f3f339a-0636-6df3-54ca-c39983b31d52,"De Jong, Ethan",RW,4,,-0.0251557764572497,0.1483216442167436,0.1231658677594938,0.0307914669398734
b54241e0-9df6-0411-9ef3-72a06b7f6b73,"Wylie, Wyatte",D,2,,0.0011970361241361,0.0603858977556107,0.0615829338797468,0.0307914669398734
c3208728-7827-6c33-5a6a-1a08e435a09e,"Kuzmin, Dmitri",D,2,,-0.006121970944733,0.0677049048244797,0.0615829338797467,0.0307914669398733
335244ec-3806-b028-c666-93782915701e,"Allard, Tristan",C,22,,-0.0599831787267707,0.7373954514039844,0.6774122726772137,0.0307914669398733
d9b8d789-ddd9-9c7c-e52b-575b33e910f8,"Jelsma, Beau",C,4,,0.1576304177777963,-0.0344645500183036,0.1231658677594927,0.0307914669398731
afb0b0bb-bf63-52dc-2656-6bd1c99d80c8,"Quillan, Jacob",C,2,,0.0240916272171963,0.0374913066625497,0.061582933879746,0.030791466939873
231a94b8-a063-d545-fed1-3a6b279a5467,"Barbolini, Matthew",F,2,,0.0240916272171963,0.0374913066625497,0.061582933879746,0.030791466939873
030cb72b-9d23-dd23-8b2e-6ceac608d8cf,"Barlow, Colby",LW,4,,0.0021510551708305,0.1210148125886607,0.1231658677594913,0.0307914669398728
0660c78a-40aa-215c-b039-bbc205fae8a7,"Kinal, Roman",D,2,,-0.0864756653538483,0.1480585992335939,0.0615829338797456,0.0307914669398728
8425379d-202f-4478-138b-b9d256fa9648,"Pietroniro, Matteo",D,4,,-0.0843139310342527,0.2074797987937422,0.1231658677594894,0.0307914669398723
3b937317-88d9-8fb2-ebd2-268555930325,"Tychonick, Jonny",D,6,11.0,0.2442885558957294,-0.0601291010553835,0.1841594548403459,0.0306932424733909
0ac29755-f1de-15b2-904e-d17a9ed4fac8,"Fleury, Cale",D,178,550.0,0.8496286666648643,4.608744317622461,5.458372984287326,0.0306650167656591
98e46ae5-eff9-0b8e-979e-9310c0f4d553,"Jonsson-Fjallby, Axel",RW,120,464.0,1.2021468708453944,2.4470837323186294,3.649230603164024,0.0304102550263668
a0de9f22-44da-3274-37de-11b5b6d222d6,"Luce, Griffin",D,24,54.0,-0.4335538991512248,1.1559443074672269,0.7223904083160021,0.0300996003465
c9830dad-b858-24e2-28af-9755c724d0c9,"Seminoff, Matthew",F,18,,-0.2195068247328531,0.7564510963855458,0.5369442716526927,0.0298302373140384
af1d2155-8151-1411-7139-22b219311670,"Perreault, Jacob",RW,112,430.0,0.5211832945888333,2.800764597503256,3.321947892092089,0.0296602490365365
5ce2531f-d048-1233-61ba-2fc6398d8ec3,"Sgarbossa, Michael",C,135,490.0,1.478108652840789,2.504536482317636,3.9826451351584247,0.0295010750752475
7356658c-38e1-ed2f-84ec-a3abbaceff57,"MacEachern, MacKenzie",LW,113,394.0,-0.3721611801640753,3.702818216105574,3.330657035941498,0.0294748410260309
0ca4f9ef-7e7a-d691-6e1c-16d394e84bfe,"Baddock, Brandon",LW,177,746.0,0.7877368572590805,4.418827624222865,5.206564481481945,0.029415618539446
967d9997-756d-44cc-889a-8c024fc10a3c,"Robins, Tristen",F,95,388.0,1.5537535351409018,1.2318635142955032,2.785617049436405,0.0293222847309095
425891d3-f7cd-c14c-6c9e-25c8e218baed,"Helleson, Drew",D,138,370.0,2.496460020123658,1.5346298899784714,4.03108991010213,0.0292107964500154
b5213912-a849-6bc0-e07c-2b66d599713e,"Dean, Zachary",F,141,496.0,-0.9908181491733716,5.106715830479595,4.115897681306223,0.0291907636972072
92ba8cca-e560-cb08-e2d6-15259ce631d1,"MacEwen, Zack",RW,18,85.0,0.460468017068975,0.0633624066304864,0.5238304236994614,0.0291016902055256
1ab2133d-766e-f84d-6493-58a2f096104c,"Fizer, Tarun",RW,80,310.0,-0.2616396798589678,2.582628770320168,2.3209890904612,0.029012363630765
09ebb57b-5c02-284e-ddc1-6b5bb2245be0,"Stevens, John",C,18,,-0.4854649457150456,1.0051070841027032,0.5196421383876576,0.0288690076882032
fb734863-ed94-8167-1f2c-039c70f6fed7,"Heinola, Ville",D,130,290.0,0.1669985152664939,3.5819801207187925,3.7489786359852864,0.0288382971998868
e918450e-ded3-d0b7-60e9-6090d9b2c120,"Stienburg, Matt",F,8,,-0.0333910308086986,0.2624206330626673,0.2290296022539686,0.028628700281746
0fa13fd5-ec65-dc47-fa79-66e4a160144f,"Stromgren, William",LW,8,,-0.2641821612843518,0.4932117635383194,0.2290296022539676,0.0286287002817459
67e1e8ce-d6e8-927b-8a0f-0eaf39b35fc6,"Pinho, Brian",F,204,781.0,0.9280399692396258,4.910556370483307,5.838596339722932,0.0286205702927594
6c78afc0-6490-5b83-db5f-7f87839dc862,"Hoelscher, Mitchell",C,59,246.0,0.8791055629582424,0.7951689466462956,1.674274509604538,0.0283775340610938
e14d8b1e-280b-fcd3-8676-f0ec14a86d80,"Hirvonen, Roni",C,126,482.0,-0.4174165548112515,3.9834241673763744,3.566007612565123,0.0283016477187708
0fc2aec6-40be-303c-e3c0-f99a7402a6c5,"Barre-Boulet, Alex",C,67,268.0,0.2402807148604433,1.643971253295528,1.8842519681559713,0.0281231637038204
b90aa353-979c-854a-6f54-5a714d009b15,"Hall, Curtis",C,53,235.0,-1.3203637455412522,2.793639817060381,1.4732760715191286,0.027797661726776
31afd5bc-827c-9211-5784-f7a96764b140,"Rondbjerg, Jonas",F,170,706.0,2.5056597939834453,2.1407532867832164,4.646413080766662,0.0273318416515685
f4381702-541d-bbce-d4ad-9ada397f80ec,"Cracknell, Adam",F,225,893.0,1.3218518920948623,4.798397273453826,6.120249165548689,0.0272011074024386
9fe3605d-f4f9-9c7f-e12d-760d6cc2d387,"Jost, Tyson",C,43,141.0,-0.0426107358112901,1.2106470432756753,1.1680363074643851,0.0271636350573112
be80e6a7-4664-2ddb-bcd5-cd4e5085e1b5,"McGregor, Ryan",C,127,531.0,1.0275583807938595,2.4135163751956346,3.4410747559894945,0.0270950768188149
0bfc03fb-71ed-510a-01d1-3e6e6a1ff531,"Torgersson, Daniel",LW,25,,-0.0640583125021401,0.7338449859990088,0.6697866734968687,0.0267914669398747
0f052c34-6cd2-f4fd-a861-d9051a8e86e4,"Angle, Tyler",F,101,460.0,0.0589782663669561,2.630883502817166,2.6898617691841222,0.0266322947443972
3aa7c517-7091-0133-341a-3abc7d3a674f,"McKenzie, Curtis",LW,181,730.0,1.3232991878075788,3.4037213266121027,4.7270205144196815,0.0261161354387827
c49719c8-8490-01cc-e81b-91996b030e35,"Jenik, Jan",C,146,609.0,1.114320932172984,2.69345130194992,3.807772234122904,0.0260806317405678
8f7dc0f4-ca8a-10e4-040e-574cba9e71b1,"Drew, Hunter",RW,102,424.0,0.8587548635944622,1.7578420974871254,2.6165969610815876,0.0256529113831528
ec19bc8b-8413-3a35-3a64-922eeb62d5a7,"Jankowski, Mark",LW,130,489.0,0.5353860299707994,2.78944392100863,3.3248299509794297,0.025575615007534
9bfe9ddc-4b06-ca9d-ed9a-9fbda2f10d8b,"Kero, Tanner",C,190,791.0,1.784314559280249,3.0358177898426293,4.820132349122878,0.0253691176269625
7198f83d-2f1a-fa7f-fa4c-a2119e877247,"St. Ivany, Jack",D,66,140.0,0.3966837506571157,1.2736288591156983,1.670312609772814,0.0253077668147396
6082f959-421e-173b-b5e4-e1ffd5fc7d18,"Pelletier, Jakob",LW,73,316.0,1.4339437180699908,0.4001419200101743,1.8340856380801651,0.0251244607956187
efe32eee-dd5c-b72b-7da9-d193d8e04efc,"Klapka, Adam",RW,179,715.0,2.559514637153786,1.911357909875009,4.470872547028795,0.0249769416035128
71bee4d1-8889-3ec6-e934-ef86eca81be9,"Walcott, Daniel",LW,166,603.0,-0.18841463992264,4.331316272354849,4.142901632432209,0.0249572387495916
cd489321-0cb6-1202-edc1-5fdf801b7738,"McDonald, Kyle",RW,17,,-0.2977588155434125,0.7212137535212769,0.4234549379778644,0.0249091139986979
bc0c9735-bac9-f48e-c06b-01df0bfd052a,"Truchon-Viel, Jeffrey",LW,294,1082.0,0.0734992362903624,7.175291700272145,7.248790936562507,0.0246557514849064
41c74b24-2875-6f45-d954-11ac6d6c410b,"Sutter, Brett",LW,135,534.0,1.0017894933176346,2.3130794866304076,3.3148689799480424,0.0245545850366521
df12ad2d-04ed-754c-05a4-f9c7cfef7a32,"Gaucher, Jacob",F,19,,0.1287237438496497,0.3371055949478566,0.4658293387975063,0.0245173336209213
57c6f70d-40e1-30b6-e92f-b01c49faf541,"Wagner, Ryan",LW,23,,-0.183296014417858,0.7395933542399025,0.5562973398220444,0.024186840861828
41628483-4877-7355-2278-bf4aca0a7017,"Teply, Michal",F,246,1024.0,0.7500759791148089,5.183921319003212,5.933997298118021,0.0241219402362521
bfcaa06a-42fc-68bf-aeb2-f26f3d6c02f7,"Ibragimov, Timur",LW,120,476.0,0.1496489546381769,2.726539645349022,2.876188599987199,0.0239682383332266
ee133fc2-90e8-4f9f-b9da-0150fd7acd75,"Doan, Josh",RW,186,782.0,-3.048283606010947,7.496347810205393,4.448064204194446,0.0239143236784647
4a330c37-6650-01f9-b5c3-76e54ed5a565,"Blumel, Matej",F,198,771.0,-0.9070537326312906,5.568446725001271,4.661392992369981,0.0235423888503534
d9161211-1630-84bf-6d4d-423ce053cd83,"Abruzzese, Nicholas",LW,213,871.0,0.073015890769582,4.936416754987002,5.0094326457565845,0.0235184631256177
17bf6332-f9af-d4f3-c60a-ed7cd976f2cc,"Bayreuther, Gavin",D,34,88.0,-0.3296798625622291,1.1197058243266202,0.7900259617643911,0.0232360576989526
2498c93f-f70d-0583-16e2-611688ad59b1,"Demek, Jakub",F,13,,-0.2439478311839811,0.5442369014023637,0.3002890702183825,0.0230991592475678
4ef5c53e-1983-c344-befb-1a03b450bc7c,"Kemell, Joakim",F,13,,-0.0727477129701203,0.373036783188502,0.3002890702183817,0.0230991592475678
fc27738e-0887-ed94-4db2-89b7229b368c,"Barron, Travis",LW,187,784.0,2.32667033833042,1.9745311442468865,4.301201482577307,0.0230010774469374
3d5d0fd7-9f6f-134b-217b-a762b833d6ad,"Wesley, Josh",D,24,63.0,0.8777630841200746,-0.3267798694032767,0.5509832147167979,0.0229576339465332
69aa4743-6d37-4847-9c9e-f55a0d888150,"Weatherby, Jasper",F,210,837.0,0.4205652677565896,4.3626881567292894,4.783253424485879,0.0227773972594565
f3124fb4-5a13-5eb9-b17e-591923ba6356,"Morrison, Logan",F,158,597.0,0.9035461566276218,2.6799608549476255,3.583507011575247,0.0226804241238939
d9cf213c-8aa3-ec29-2aa1-29c82ed7d5bb,"Raty, Aku",RW,172,720.0,0.5485709446981454,3.3232604642243966,3.871831408922542,0.0225106477262938
57b5f123-fd08-99e1-9222-cfd4ae909c19,"Loof, Leo",D,2,,-0.0644185071622433,0.1086993077769656,0.0442808006147223,0.0221404003073611
c10719af-87b4-f64d-abda-4dd75b197b9d,"Kniazev, Artemi",D,66,207.0,0.9960598887178274,0.4464431451759411,1.4425030338937683,0.021856106574148
3e888030-0357-1ee0-55fe-24b435d565ea,"Giles, Patrick",F,11,,-0.2779367234256557,0.5166428597642897,0.2387061363386339,0.0217005578489667
5f6e7132-7315-97d1-1833-90ef2671c403,"Regenda, Pavol",LW,167,700.0,-1.9141610281892736,5.500571462761931,3.586410434572657,0.0214755115842674
585986b6-3712-2c35-2fca-81686469bf23,"Allison, Wade",F,253,1050.0,2.652131293409514,2.7418100150902456,5.393941308499759,0.0213199261205524
f01b2f76-df10-daf6-f8e2-f2a3968f6d64,"Dalpe, Zac",C,165,578.0,1.9187599094206884,1.5847190809295602,3.5034789903502483,0.0212332060021227
1cdb2dba-e186-98bb-ac8c-e81b86f7628b,"Reinke, Mitch",D,19,41.0,0.0609025353603569,0.3421609882744325,0.4030635236347895,0.0212138696649889
bc0901c4-4d45-8b85-d17f-37826e9e5b4a,"Clarke, Brandt",D,94,199.0,0.512753640213277,1.4778301705170394,1.990583810730316,0.0211764235184076
9b9236f2-e096-ef85-f4a8-1e2d657d99a2,"Legare, Nathan",RW,145,580.0,0.2001103978209514,2.850714106984757,3.0508245048057083,0.02104016899866
c6548f66-32fe-d071-8807-3d92f9c63357,"Clurman, Nathan",D,93,253.0,1.0575185214902043,0.8620798521834138,1.9195983736736184,0.0206408427276733
eaf6e42d-fc9b-2620-d315-6f442cf5afa0,"Bardreau, Cole",F,238,1003.0,1.2306189987501224,3.6402731086249633,4.870892107375086,0.020465933224265
e687b686-2fb1-2fe6-dce2-df6b6c938539,"Ahcan, Jack",D,202,540.0,1.5392454660564343,2.571697533908623,4.110942999965057,0.020351202970124
4eecd58b-a888-e165-9a1a-0d284825ae25,"Kulich, Jiri",C,143,551.0,-0.6501343422365817,3.5106899605075603,2.8605556182709786,0.0200038854424543
2d245fb8-c111-e6a6-8260-585cd803ac26,"Howarth, Kale",LW,17,60.0,0.5036844926895808,-0.1644975341949695,0.3391869584946112,0.0199521740290947
618e3d3d-1bfe-2f62-3982-e1dae44b9c4b,"Headrick, Owen",D,9,,0.0888610006132572,0.0882622018456408,0.1771232024588981,0.0196803558287664
27be5d93-9bc0-8a87-41dd-e96fea901efc,"Ceulemans, Corson",D,9,,-0.1345409742733485,0.311664176732232,0.1771232024588835,0.0196803558287648
d151950a-074c-744d-f04a-0487129cf9e0,"Berglund, Carl",F,9,,-0.0286657444378615,0.2057889468967438,0.1771232024588822,0.0196803558287646
1acdc235-915d-5342-3376-071fbe4ebfb0,"Seppala, Peetro",D,9,,-0.1212640850981778,0.2983872875570553,0.1771232024588774,0.0196803558287641
2681206b-2285-7d67-cd87-b48f1c66bcdd,"Jordan, Zach",RW,9,,-0.1553155980249856,0.3324388004838525,0.1771232024588668,0.0196803558287629
0753b094-9e2f-976d-85c8-d22a1d280e8d,"Jiricek, David",D,82,219.0,-0.1791938826636006,1.792526778160049,1.6133328954964483,0.0196747914084932
5c7cca9d-bfc2-3931-363d-daaebc4da409,"Willman, Maxwell",LW,155,585.0,-0.3581554440111939,3.4073149045665345,3.0491594605553405,0.0196719965197118
0e576680-d92a-8954-1c02-51bab3e6670c,"Kelemen, Milos",F,149,610.0,-0.296761149770755,3.206303373307621,2.909542223536866,0.0195271290170259
db0333ab-7807-d7a0-6a75-e78b8401080d,"Fogarty, Steven",RW,272,1158.0,-1.5398513278514965,6.76174600847886,5.221894680627363,0.0191981422081888
a0c15a5d-c635-d29e-06a4-421921529350,"Dunne, Josh",C,93,350.0,0.3135378228377564,1.4645348947703711,1.7780727176081277,0.0191190614796572
bb2c81a7-ec5a-c3c3-28e2-077918bc20a3,"Jones, Nick",F,20,,-0.0509719261423645,0.4321969984098355,0.3812250722674709,0.0190612536133735
9d227775-ff40-8878-dbd2-b275f291952a,"Karlstrom, Fredrik",LW,207,786.0,-0.9373467785855404,4.854745729481413,3.9173989508958726,0.0189246326130235
9c74b325-0fa9-5486-dd3f-f6b577678042,"Pavel, Ondrej",F,161,659.0,-0.183740019363721,3.1903999533844996,3.0066599340207785,0.0186749064224893
4e579c02-16bc-bac7-ced8-63eecf89a8b9,"Foote, Nolan",LW,18,78.0,-0.2456461824799959,0.5802030827923903,0.3345569003123944,0.0185864944617996
001f8fd1-bc74-2cc8-3e59-09a02532c938,"Nesterenko, Nikita",C,201,770.0,2.5693383398578,1.1556907476834497,3.72502908754125,0.0185324830225932
be8e81a6-ec2f-39eb-ef48-6264cf6f5d01,"Harkins, Jansen",C,35,151.0,-0.0806693212671242,0.7252408406513644,0.6445715193842401,0.018416329125264
09acb688-56e4-f841-9840-99924478fb13,"Dowling, Justin",C,194,731.0,-0.0829375564351975,3.652669407938791,3.5697318515035934,0.0184006796469257
4447229a-e693-b7a3-6bbe-f464ae9917c4,"Pyyhtia, Mikael",LW,146,620.0,-1.050170753884444,3.735950202747499,2.6857794488630553,0.0183957496497469
c2902aae-ee02-d58c-8569-fd701d9cd9de,"Bliss, Trenton",LW,15,50.0,0.2104256535629651,0.0649244278090762,0.2753500813720413,0.0183566720914694
05b95071-fc69-bd44-2833-e883e840dcf9,"Fasching, Hudson",RW,15,39.0,0.0918291833875158,0.1768789280592851,0.268708111446801,0.0179138740964534
fcc211ea-3d12-1067-28c0-3465b4cb586d,"Hajek, Libor",D,20,41.0,-0.0762112927390772,0.4331571347465273,0.35694584200745,0.0178472921003725
8885b7bb-ab37-274e-de67-e4e0cb571d11,"Farinacci, John",C,213,770.0,-1.1318490983294915,4.895642070264748,3.7637929719352567,0.0176703895396021
15e46e6c-821c-e6ae-dc28-f161cd626ca5,"Brooks, Adam",C,104,415.0,-0.5930060002383943,2.4028217594516907,1.8098157592132964,0.0174020746078201
a855a24c-10d7-480c-5f02-f40cacd514f9,"Luff, Matt",RW,92,352.0,0.5973805536215056,0.9920497562152076,1.5894303098367133,0.0172764164112686
b3762305-438c-1b85-1c59-1a831d98849c,"Pekar, Matej",F,55,193.0,0.1461596807931924,0.7930577481343827,0.9392174289275752,0.0170766805259559
03e51f3c-cfff-9ae9-5b2f-cb7e72a786cd,"Kindopp, Bryce",RW,94,365.0,-0.3525929543226387,1.9531768790014197,1.6005839246787807,0.0170274885604125
faf301b4-fa0d-303d-9cc5-6e5633143bc1,"Knazko, Samuel",D,112,344.0,0.200830184019629,1.7049010007496874,1.9057311847693164,0.0170154570068688
c4ebf006-49c8-4653-9f36-08b55190b8b2,"Dufour, William",F,170,698.0,-0.5766735435842634,3.452446196836282,2.8757726532520187,0.0169163097250118
963e7b7e-ada7-34b2-b447-eebe01c946c0,"Mitchell, Ian",D,114,246.0,1.362958905515261,0.5620455174086337,1.925004422923895,0.0168860037098587
eae0f98c-c856-b1d8-3723-60b369cbf5c9,"Hardman, Mike",LW,188,846.0,0.3480677830096244,2.806464805750277,3.154532588759901,0.0167794286636164
13e8d6e9-7d96-84c1-9669-e6f47764f9e3,"Addamo, Justin",C,7,,-0.118977863034542,0.2345181316136777,0.1155402685791357,0.0165057526541622
579da99e-0b65-5601-e4eb-7bf837211c3f,"Morrison, Cameron",LW,86,365.0,2.1155603283178106,-0.7016630143637498,1.413897313954061,0.0164406664413262
8323c731-fc92-99db-5509-b7c1ef5fc83d,"Nadeau, Olivier",RW,3,11.0,-0.0505618108589605,0.0987131876892031,0.0481513768302425,0.0160504589434141
7f87b4e4-74a0-39b3-ec2d-526b02fbdfe0,"Wolanin, Christian",D,143,399.0,1.647149101241937,0.6288487164522357,2.2759978176941726,0.015916068655204
9e078fa3-39e8-f4e1-f5f6-285848105a57,"Franco, Dominic",C,9,,-0.16550889367346,0.3080278296022973,0.1425189359288372,0.0158354373254263
5e07be36-1384-d298-ee92-4894ea6da4da,"Francis, Ryan",F,38,133.0,0.5745333542392241,0.0252527684405197,0.5997861226797438,0.0157838453336774
178c4dba-943e-4f43-64ea-51402c33f28d,"Miroshnichenko, Ivan",LW,119,479.0,0.6134425210955121,1.2627605657455157,1.876203086841028,0.0157664124944624
eeb9d4d1-0d23-550d-2796-42a09d440711,"Pouliot, Derrick",D,181,463.0,1.3300972247025042,1.5225568862294887,2.8526541109319927,0.0157605199499005
08c60c80-c4d5-92b9-4f37-459db0d51fe9,"Caulfield, Judd",RW,182,753.0,-0.7187937875989701,3.572240624541631,2.853446836942661,0.0156782793238607
cfb46079-cb96-b7c5-442e-26ea0e34e136,"Robertson, Nick",LW,16,67.0,0.0339774911616429,0.2111426695809877,0.2451201607426307,0.0153200100464144
eeb81509-6a0d-5320-8d5a-2c1e58d83af5,"Lycksell, Olle",RW,173,714.0,0.0687148548978049,2.557136328509911,2.625851183407716,0.0151783305399289
936ad397-0a05-0d42-2c84-a8d14ddf2971,"Kozak, Tyson",C,100,429.0,-0.823581059703723,2.340862521553817,1.517281461850094,0.0151728146185009
05017054-7f2a-ab0a-f2bf-9c685b7f0789,"Mastrosimone, Robert",LW,141,614.0,-1.9976751777291135,4.111455005500941,2.1137798277718276,0.014991346296254
3c97dc1d-a952-5220-56df-de7a5c64c208,"Mcging, Hugh",F,193,638.0,-1.721144784724136,4.587723354653343,2.8665785699292066,0.0148527387042964
7f38f375-6f8b-a621-c862-3ae701f326c6,"Schueneman, Corey",D,149,391.0,0.6821947063651563,1.5057174174484709,2.187912123813627,0.0146839739853263
e11c278e-bb24-1555-240d-8556a7f63afb,"Sutter, Riley",C,194,798.0,0.7292194412510699,2.096972518255985,2.826191959507055,0.0145679997912734
6e63d926-1cb1-c092-8a03-de277ae4bf98,"Priskie, Chase",D,157,430.0,0.9053538351572956,1.38123970854275,2.2865935437000457,0.0145642900872614
a385df53-a241-ed83-c64f-34d4b4da77da,"Roy, Joshua",LW,83,308.0,0.7526843675620841,0.4211368842724416,1.173821251834526,0.0141424247208979
546e5d35-2029-44d0-117a-403784a2cc7b,"Middendorf, Erik",F,12,,0.0816390455774378,0.0878585577010916,0.1694976032785295,0.0141248002732107
f4d0b772-1f4e-66ba-7ed2-54024c2c659b,"Reichel, Kristian",F,219,816.0,-1.5837395263002672,4.660817306354426,3.077077780054159,0.0140505834705669
9cec254b-d246-db81-a2da-1c0fde0bdb87,"King, Ben",C,7,,-0.1520135274170069,0.2502516627311142,0.0982381353141073,0.0140340193305867
933793a1-349e-90c0-babf-a1dd14e6511f,"Hatakka, Santeri",D,143,339.0,0.7030012780335622,1.296497955268927,1.9994992333024892,0.0139825121209964
65195a5e-8639-a163-d566-03adc8582060,"Tuomisto, Antti",D,143,401.0,0.4027591572310434,1.5917493628456687,1.994508520076712,0.0139476120285084
f7d87866-fb2a-6a94-5317-d30145102fef,"Meyer, Carson",RW,142,577.0,-0.3361462734837255,2.3016696470277993,1.9655233735440736,0.0138417138981977
022e15e8-84c5-2103-7225-91ae7102aaa0,"Lysell, Fabian",RW,158,629.0,2.5921804349347024,-0.4314783974245619,2.1607020375101404,0.01367532935133
f6efd579-5ea6-2224-2dac-5197e2f9090c,"Myers, Philippe",D,173,319.0,-1.5708738638221835,3.919447021001328,2.3485731571791444,0.0135755673825384
c1474ad5-07a3-1a49-8e6a-f6d82239ff1b,"Element, Shawn",F,29,,-0.2229602247529881,0.615912766009421,0.3929525412564328,0.0135500876295321
62962656-a554-8ab3-7d7f-5669fa932604,"Goncalves, Gage",C,217,788.0,1.8990857318970176,1.025701630004812,2.9247873619018296,0.0134782827737411
65487019-1991-79e8-c505-981beb0636d0,"Ohgren, Liam",LW,15,75.0,0.4047132852971621,-0.2051580189682399,0.1995552663289222,0.0133036844219281
18661cc1-b9d0-2e30-154e-9ae1b75e54e8,"Healey, Josh",D,82,182.0,0.2980294349634049,0.7908885958464811,1.088918030809886,0.0132794881806083
20cda872-4fef-e379-12bd-73a003826844,"Ottavainen, Ville",D,17,,-0.2277748744130885,0.4512298123909954,0.2234549379779068,0.0131444081163474
4b1c4f85-f533-4ddb-1d2e-b0f38afa4cf4,"Matinpalo, Nikolas",D,161,434.0,0.8580761968942674,1.2407424630383728,2.09881865993264,0.0130361407449232
fd49836f-d5af-212e-d04d-32c44ef24a8e,"Sykora, Adam",F,187,666.0,-1.5116868867204234,3.9396454306921154,2.427958543971692,0.0129837355292603
f6ab9da2-4084-7236-c988-3ab4e0f7db49,"Johnson, Kent",C,28,105.0,-0.0447304363854195,0.4028667661138012,0.3581363297283816,0.012790583204585
41273737-16e3-50f4-d08a-03a1fc11edf5,"Bourque, Mavrik",C,222,804.0,-0.4583167669610852,3.291252912126865,2.83293614516578,0.0127609736268728
2dbd1b27-fe28-9015-7542-92463860eb84,"Hinds, Tyson",D,22,,-0.1674094950178434,0.444821767695153,0.2774122726773095,0.0126096487580595
00afeab4-d457-7723-e196-9e398fbc4498,"Bailey, Justin",F,73,251.0,0.6439900581335064,0.2710566833369455,0.915046741470452,0.0125348868694582
5d03b81f-67cb-341f-bd17-e8a0a6527423,"Hunt, Brad",D,204,547.0,1.2440015436793177,1.3021163845090036,2.546117928188321,0.0124809702362172
0ae96538-0067-681c-06a1-290633a469a2,"Vande Sompel, Mitchell",D,99,218.0,-0.1153870693438113,1.3479884591121072,1.232601389768296,0.0124505190885686
ca8cc0d1-c1a3-322e-5d98-ffa66cded990,"McIlrath, Dylan",D,128,352.0,0.4504247318609132,1.1307747788315057,1.5811995106924188,0.0123531211772845
8928e094-1450-a2f0-bb6f-6fd697d469c4,"Terry, Chris",F,190,663.0,-3.631747875068813,5.974673138583192,2.342925263514379,0.012331185597444
4772aa22-208f-44a0-8e47-0029da368b48,"Kasper, Marco",C,239,874.0,1.429384340281146,1.4764132176346725,2.9057975579158186,0.0121581487778904
e32c54a9-ee8c-8682-2ead-a00fcc67c40f,"Mete, Victor",D,142,318.0,0.8655494317602512,0.8582157134366376,1.723765145196889,0.0121391911633583
d7535706-ab13-a4e2-1b01-b80ac5ff0720,"Andonovski, Corey",RW,171,658.0,-1.2760051170535978,3.3443157933772443,2.0683106763236463,0.0120953840720681
5e597523-3951-4de6-6d47-6d3fe982366b,"Schneider, Cole",F,137,537.0,-1.1318704686326593,2.7855726753146666,1.6537022066820073,0.0120708190268759
aa62c9e1-6b63-f21c-d006-de303c37b321,"Grubbe, Jayden",C,37,,-0.3373938880801593,0.7747717650605449,0.4373778769803855,0.0118210237021725
01956662-5748-f2aa-a4b7-3501fc7c09f8,"Kovalenko, Nikolai",F,16,78.0,0.0515565918796753,0.1342262739996224,0.1857828658792977,0.0116114291174561
d163f9d0-a5ca-a57a-ab12-4e96fc510ae2,"Rathbone, Jack",D,101,219.0,1.8203990835241155,-0.6603054534038899,1.1600936301202256,0.0114860755457448
ebb72d23-6b12-208b-62ee-393071bdb363,"Schwindt, Cole",RW,183,707.0,-1.190632748123618,3.257490373766967,2.0668576256433493,0.0112943039652642
9ba734ab-eb7b-f21a-f8f4-737e7fd707b8,"Desnoyers, Elliot",LW,177,749.0,0.8945963783272675,1.0810335509243312,1.9756299292515984,0.0111617510127208
88e216a2-1386-7181-fda4-1819e8611ca5,"Wise, Jake",F,136,528.0,-0.3498069951937814,1.856071318322193,1.5062643231284116,0.0110754729641794
8dfc4cd9-4bed-d27e-f82a-aac7483571b8,"Stankoven, Logan",C,141,589.0,0.3373619085463611,1.222872156497019,1.5602340650433804,0.0110654898230026
5bd9a56b-e7ed-0f23-4c35-63587ff2bd90,"Kaspick, Tanner",F,181,699.0,0.2564317058173571,1.7441235697226318,2.000555275539989,0.0110527915775689
b8a27cdb-ea33-924d-f963-724d7c48d713,"Mayo, Dysin",D,204,559.0,-0.7136352294904782,2.9545515123496835,2.2409162828592053,0.0109848837395059
cb8a6b8b-c5a6-4bfe-10b7-15c784b83a7d,"Bjork, Marcus",D,99,276.0,-0.1440452150898149,1.2295126499138334,1.0854674348240183,0.0109643175234749
3081fce7-ed01-b163-8b6f-08e12202de8f,"Wright, Shane",C,161,658.0,1.2452754707405285,0.5191434047916014,1.76441887553213,0.0109591234505101
f487f33a-87b9-43cd-d79f-02dac52c3dfe,"Meireles, Greg",RW,152,600.0,0.3708551093801739,1.289090435109585,1.6599455444897593,0.0109206943716431
647a31e3-83fc-035d-c92c-bedd256d0c59,"Brisebois, Guillaume",D,22,59.0,-0.220394870399981,0.4599753758080345,0.2395805054080534,0.0108900229730933
e75ad40d-06f3-a0e9-0b73-d4b75b83749f,"Koppanen, Joona",C,191,738.0,-1.6128049090613104,3.6913926025131905,2.07858769345188,0.0108826580808998
d15b7347-90d7-1d06-a06e-c323170ae988,"Saulnier, Brennan",LW,10,,-0.1036436422200398,0.2115583116188219,0.1079146693987821,0.0107914669398782
37dd6e8a-790f-cc3c-96d4-f482131faebf,"Wilsby, Adam",D,5,,-0.0909615988113587,0.1449189335107487,0.05395733469939,0.010791466939878
dcfd5d40-4240-1426-b224-8da9ede17716,"Khodorenko, Patrick",C,15,,-0.0167895956570764,0.1786615997552456,0.1618720040981691,0.0107914669398779
89496936-17db-d59b-7685-79638c1412b6,"Samson, Ethan",D,10,,0.2278618160230856,-0.1199471466243066,0.107914669398779,0.0107914669398779
a57e1296-4e60-4fa6-4a9d-784b27327f24,"Usau, Ilya",F,10,,-0.1745153984458487,0.2824300678446269,0.1079146693987781,0.0107914669398778
f3bbce09-c265-0be1-5e2e-71431ffa9edc,"Gaucher, Nathan",C,10,,-0.1790469948605929,0.2869616642593695,0.1079146693987766,0.0107914669398776
d94c9d25-f8d3-d296-b8c1-46eef53a2f9c,"Levis, Connor",RW,5,,-0.0099146181919441,0.0638719528913303,0.0539573346993861,0.0107914669398772
940dbcfa-42b7-e119-0ff4-9e356a035c78,"Yaremko, Nolan",LW,5,,0.071100828590151,-0.0171434938907662,0.0539573346993847,0.0107914669398769
2566d542-639a-ad0a-77f7-6bcb13181d43,"Massicotte, Zachary",D,5,,-0.1360225508191196,0.189979885518504,0.0539573346993843,0.0107914669398768
081c0e30-374b-0c01-3b7d-9b9718f56970,"Huntington, Jimmy",F,5,,-0.1314029561557407,0.1853602908551249,0.0539573346993841,0.0107914669398768
f6d8202b-236b-bc18-e141-f14240c3c246,"Schaefer, Reid",LW,5,,-0.017274572161665,0.0712319068610489,0.0539573346993838,0.0107914669398767
87376fde-0929-ba1c-b649-11a86bd72d17,"Glover, Ty",LW,5,,-0.1989217894353344,0.2528791241347156,0.0539573346993811,0.0107914669398762
dd036e87-28ae-a770-1287-111ca91925a2,"Hinostroza, Vinnie",C,116,438.0,-0.6949181680650529,1.9311710420821115,1.2362528740170586,0.010657352362216
87bdf491-4306-7ed7-527a-34835f166483,"Savoie, Matthew",C,10,55.0,-0.0713235537640871,0.1777851833518939,0.1064616295878067,0.0106461629587806
68279cec-5e6b-21a0-ab19-e021e0f21161,"Kampfer, Steven",D,127,414.0,1.409489899382711,-0.0687588294545279,1.340731069928183,0.0105569375584896
5b0ef27c-6a26-8323-1b85-bf91f79d76d2,"Stephens, Mitchell",F,125,451.0,-0.1227684898930489,1.4334791907766538,1.3107107008836048,0.0104856856070688
4a3350c4-97e1-9963-9715-c358507e8b95,"White, Colin",C,30,138.0,-0.1804065022081396,0.49493688119875,0.3145303789906104,0.0104843459663536
d1a331a3-4e1a-510a-2fe8-8f36981fd3f4,"Turcotte, Alex",C,91,318.0,-1.4900896398007302,2.4346910082257316,0.9446013684250014,0.0103802348178571
8b9a3cb8-fe56-bdee-92ab-9dd83fa15593,"Asplund, Rasmus",C,221,808.0,0.9193142426804568,1.316275251783459,2.2355894944639156,0.01011578956771
64897768-18c0-5c24-3bc4-1137682f7c4f,"Felhaber, Tye",LW,178,637.0,-1.6243638640341922,3.411308626522105,1.786944762487913,0.010039015519595
1528eac5-8aa1-8745-fd3f-52cb7c35ab0d,"Seney, Brett",F,220,858.0,-0.3843938114930063,2.5627542140288138,2.178360402535807,0.0099016381933445
5cfb433e-f489-5965-e0f1-6ccb5d7a2b2c,"Nikkanen, Henri",C,198,793.0,0.5396834076144261,1.4099759275709407,1.9496593351853668,0.009846764319118
a498fb15-dea2-c999-7f8c-63aa786b7bb7,"Gambardella, Joseph",C,207,837.0,-0.3756861983988804,2.411405115215789,2.0357189168169088,0.0098343909024971
73f11278-21e8-9bd9-f271-70e5cf8d41e7,"Kessy, Kale",LW,44,168.0,-0.5649253270172148,0.9973415729762662,0.4324162459590515,0.0098276419536148
e189f09c-ba3d-6a94-95bf-30aaa84cf98d,"Svozil, Stanislav",D,125,270.0,1.0495847059680594,0.152610618177137,1.2021953241451964,0.0096175625931615
add71ad9-21c0-6eb3-ed18-205596e41672,"Puustinen, Valtteri",RW,73,237.0,0.2040115111310433,0.4926806838170295,0.6966921949480729,0.0095437286979188
6815a801-6584-a22a-0db0-2dc6e23d8928,"Capobianco, Kyle",D,245,654.0,-0.8918890044920227,3.218369013896355,2.3264800094043325,0.0094958367730789
4b82112b-52bb-febc-3fbb-b51f3d1a7dd1,"Brind'Amour, Skyler",C,151,617.0,3.12019294907375,-1.6891076169855976,1.4310853320881525,0.0094773863052195
a55a9dc4-0d17-6c79-1200-0e6282e49b76,"True, Alexander",C,189,791.0,1.6624088205588086,0.1122409926332286,1.7746498131920372,0.0093896815512806
393edf9b-c8b4-b93c-4a23-c0b2ed585c9d,"Thompson, Keaton",D,40,129.0,0.3741339860283036,-0.0067212926854713,0.3674126933428323,0.0091853173335708
594759ce-c137-f893-62f5-d6b5ee7db55c,"Merela, Waltteri",RW,135,521.0,-1.4933699432382823,2.7297944221961545,1.2364244789578722,0.0091586998441323
912119f4-6991-e717-ea68-1137c057d277,"Vrana, Jakub",RW,88,343.0,-0.5247593598001958,1.3283435912396424,0.8035842314394466,0.00913163899363
829fe83b-5b79-50a7-0b5a-837f3db608d1,"Suzuki, Ryan",C,141,561.0,-2.594631844650511,3.875245289427701,1.2806134447771895,0.0090823648565758
e69dd394-c120-c096-00ba-2db135c0a1b1,"Dube, Pierrick",RW,195,729.0,-0.037482250322819,1.788228089012753,1.7507458386899344,0.0089781837881535
48ab1f72-0e6e-a7c9-0c5d-a978d9ace0fc,"Abramov, Mikhail",F,170,666.0,-0.2363860313831827,1.739208982136909,1.5028229507537263,0.0088401350044336
1b82a2ec-e891-f657-0e2c-842e3a0fd79f,"Suess, C.J.",C,264,1018.0,-1.5328344366574935,3.84992363462047,2.317089197962976,0.008776853022587
4f269c7a-99a5-bd2f-9bb8-5ffeec578d52,"Henriksson, Karl",C,174,673.0,-1.0010111073547827,2.5264951508828464,1.5254840435280637,0.0087671496754486
42be5bc9-7952-affb-ce16-442e16f141e2,"Keeper, Brady",D,26,38.0,0.1533488022065294,0.0738060859879906,0.2271548881945201,0.00873672646902
0197019c-0e19-f14e-cdab-ce4bb3630856,"Laferriere, Mathias",RW,200,724.0,-1.011640145439498,2.7451527677267435,1.7335126222872457,0.0086675631114362
a3992b3e-5431-d578-46ae-c846ac78852b,"Hamblin, James",C,24,99.0,0.6070039817778695,-0.400929884193301,0.2060740975845685,0.0085864207326903
29bef5a1-cfab-3a79-60d0-9389a42a0e4a,"Cassels, Cole",F,249,964.0,0.7019915767843422,1.4184661144205133,2.1204576912048556,0.0085158943421881
c25ea63f-011d-ce60-d969-b7d83cf526b1,"Jones, Ben",C,224,848.0,1.677819457977376,0.2089440413250803,1.8867634993024565,0.0084230513361716
4f647688-70c4-b171-a10d-a802496205b3,"Bucheler, Jeremie",D,3,,-0.0389028192535849,0.063975086808191,0.025072267554606,0.008357422518202
938c52ed-067f-8299-e70a-998704932bfd,"Sanford, Zach",LW,117,477.0,-0.041598651472993,1.012017153023567,0.970418501550574,0.0082941752269279
ac8def35-7690-efa6-0e76-cb51ada82cf5,"Koivula, Otto",C,127,473.0,-0.4565612981241652,1.4900396569740098,1.0334783588498446,0.0081376248728334
17494d44-9ff1-9cf3-5f99-cc754342c12f,"Bishop, Clark",C,162,629.0,0.9548576376420064,0.338717479308073,1.2935751169500795,0.0079850315861116
e0cea5f8-086b-dec5-d799-9f09a23f8d52,"Gambrell, Dylan",C,205,883.0,-0.2469486278458323,1.877127246134448,1.6301786182886158,0.00795209082092
5cee66d8-083a-7d7b-bf0f-b11fb30cbebb,"Tracey, Brayden",RW,181,616.0,1.0966211401593635,0.3355607193334954,1.4321818594928593,0.007912606958524
47ec1584-2245-2836-a706-e0835ffee601,"Andersson, Lias",C,130,518.0,0.8416369006519464,0.1830540585286,1.0246909591805464,0.0078822381475426
fc414242-12e8-6043-d405-65eef24051c1,"Olausson, Oskar",F,144,565.0,0.6217811314151127,0.5124762788923876,1.1342574103075005,0.0078767875715798
e5ed606b-7c57-ce3e-d45b-80682aa56dbc,"Fitzgerald, Ryan",LW,19,76.0,-0.699279689320865,0.8488384810532347,0.1495587917323696,0.0078715153543352
6b15df6f-e4cb-a8f9-2f8f-1985efc31e8d,"Kubiak, Jeff",F,233,935.0,-0.5300133305978713,2.362041866950883,1.832028536353012,0.007862783417824
f11bb2e0-f643-8289-6250-1ecd4af5be1b,"Bongiovanni, Wyatt",LW,13,,-0.1108386641520594,0.2111277343704792,0.1002890702184197,0.0077145438629553
bd19400c-e2c9-2485-9923-3d621df406c2,"Boucher, Tyler",RW,13,,-0.1646232528764247,0.2649123230948431,0.1002890702184184,0.0077145438629552
5baf9274-110b-c144-384d-72f5733f935d,"Rassell, Mark",LW,13,,-0.219857786983561,0.3201468572019746,0.1002890702184136,0.0077145438629548
1d2778e0-9709-3b32-491b-3b3f32c7bb09,"Gignac, Brandon",C,140,585.0,0.8739549404152865,0.2055326006958804,1.079487541111167,0.0077106252936511
968696dc-b172-bf02-b39b-747e1d1433c0,"Ahcan, Roman",LW,18,,-0.2699798188815723,0.4069240905343559,0.1369442716527836,0.0076080150918213
11fbe5d4-66ec-34ba-9657-09704f893154,"Toninato, Dominic",C,118,468.0,-2.0410491764932908,2.9251554673304314,0.8841062908371407,0.007492426193535
cf9158fc-30e9-680c-b9e5-b65717e1e000,"Czarnik, Austin",C,94,364.0,-1.2719704053972365,1.966504549442467,0.6945341440452308,0.0073886611068641
d5be06ce-db59-67c3-a447-ae68e71e7471,"Feist, Tyson",D,5,,-0.1044247198409825,0.1410799212753428,0.0366552014343603,0.007331040286872
8287ec3b-6cc4-cfd8-ded5-d59e0b7b60de,"Pavlychev, Nikita",C,63,219.0,-0.7966617169673053,1.25755424093572,0.4608925239684148,0.0073157543487049
86d443fb-d036-6a5f-adfe-abd2286c4a74,"Blandisi, Joseph",F,209,824.0,-0.7129958610970764,2.2219134192689607,1.5089175581718843,0.0072197012352721
234b7ce2-888e-e9aa-4752-601f5b79ea81,"Walsh, Reilly",D,114,287.0,0.5192737230828024,0.3027045411646257,0.8219782642474281,0.0072103356512932
b7040b98-e0ad-fc0e-361b-5bbecc555942,"Evans, Ryker",D,124,337.0,0.966366202796398,-0.0912886959435233,0.8750775068528747,0.0070570766681683
6aaec354-e7a5-0c0d-7584-6746ffd4aabb,"Foudy, Liam",F,86,339.0,-0.8947174632511924,1.4926852064132992,0.5979677431621068,0.0069531132925826
a23408ce-f1c0-03b6-d7ef-60da484f7212,"Nylander, Alexander",RW,88,330.0,-0.7334783481228624,1.3435634395922866,0.6100850914694242,0.0069327851303343
0b85f915-4c74-a01b-ed14-6943a16bae21,"Romano, Anthony",F,21,85.0,0.5795181551821114,-0.4342469411799438,0.1452712140021675,0.006917676857246
2169a8c5-6ecd-6471-78be-1fd91f858e82,"Chibrikov, Nikita",LW,244,1016.0,-1.1153949480491645,2.8011955431812776,1.6858005951321131,0.0069090188325086
8cd5c3e3-9a48-051a-d12f-0065c690b66e,"Jarventie, Roby",RW,67,276.0,-0.7479907608489454,1.208928656516706,0.4609378956677606,0.0068796700845934
cf47f181-03bc-cec7-23d8-23f407701653,"Weissbach, Linus",LW,129,508.0,-1.0226102139069084,1.896906160079159,0.8742959461722506,0.0067774879548236
321ccb94-26f9-bf52-17cf-db4a8b4d324d,"McCartney, Ben",F,103,415.0,-0.1142245420678163,0.8088013891779398,0.6945768471101234,0.0067434645350497
83210d48-c6d5-b414-a3fb-fb523e0d9a31,"Cholowski, Dennis",D,149,327.0,1.8853364835971511,-0.9017232274729412,0.98361325612421,0.0066014312491557
28fee7d1-3bbb-19df-abd4-2e0febaadcea,"McIsaac, Jared",D,32,66.0,0.4084782859431204,-0.2024126764330606,0.2060656095100598,0.0064395502971893
a0555634-4279-dde8-209b-5fb7664923b9,"Wilson, Garrett",LW,200,816.0,-0.1476904059237927,1.4279917025043212,1.2803012965805285,0.0064015064829026
78821ac8-2fb6-cafd-71d8-bf5d718e6703,"Matteau, Stefan",LW,65,271.0,-1.0468571671684368,1.459235537430307,0.4123783702618702,0.0063442826194133
2864d29b-c2b5-a160-af4f-33bd2c5150ac,"Moberg, Cole",D,14,26.0,-0.4491441603404843,0.5345585391357917,0.0854143787953073,0.0061010270568076
3ed6a15c-aa34-a886-9041-868c9e52bc0e,"Bauer, Tyrel",D,19,,-0.2062098420101177,0.3220391808077019,0.1158293387975842,0.0060962809893465
9175a5a9-9fbd-0d4b-8db1-799ddc3b65e7,"Osmanski, Austin",D,39,88.0,1.000589220709699,-0.7643503402440287,0.2362388804656702,0.0060574071914274
9123cf74-4ebf-4134-8942-ac14445c836b,"Todd, Nathan",F,275,1053.0,-0.0569983532462262,1.7170886197222963,1.6600902664760704,0.0060366918780948
e3640c9a-f167-a9fb-5b42-88d88654fe8a,"Lind, Kole",F,197,819.0,-1.2914987479895732,2.469294942408833,1.1777961944192596,0.0059786608853769
362b2b25-ce8a-9b00-6da7-0d1b8c2fe3d9,"Angello, Anthony",C,154,664.0,-0.7702952853180136,1.6832817145109256,0.912986429192912,0.0059284833064474
c35114ac-3137-f740-106a-393d981645d3,"Ludvig, John",D,32,83.0,0.172309477306068,0.0156576995910693,0.1879671768971373,0.0058739742780355
d5f6e05a-f9e9-1794-4cc2-bfa4c2094f8c,"Joshua, Jagger",LW,8,,-0.2155807094598623,0.261912444978893,0.0463317355190306,0.0057914669398788
272de64a-7d31-21fc-c289-c314245517bf,"Gendron, Alexis",F,8,,0.225625642207688,-0.1792939066886574,0.0463317355190306,0.0057914669398788
ff452b22-0fff-8ee8-7593-be9565ee6205,"Robertson, Tucker",F,8,,0.0888296118055334,-0.0424978762865032,0.0463317355190302,0.0057914669398787
116b08bc-a980-abc6-eb2d-8f3aebbd6f7d,"Limoges, Alex",F,8,,-0.1669899003530496,0.213321635872077,0.0463317355190273,0.0057914669398784
2f0d296c-e9df-b8b7-f0e0-a135b8802329,"Soderblom, Elmer",LW,234,901.0,-0.757565627230275,2.1074078359448825,1.3498422087146076,0.0057685564474983
c9f1b830-ca38-5bbd-4af7-d2fe66f07865,"Wagner, Chris",C,57,223.0,0.8914369697457651,-0.5642180831459309,0.3272188865998342,0.0057406822210497
b18a382f-18a4-2fd8-10e5-fa3a3726fe0d,"Khaira, Jujhar",C,71,319.0,-0.1499365849824587,0.5399013062379419,0.3899647212554831,0.0054924608627532
69c1e284-b220-e453-250a-66413a82618e,"Studenic, Marian",LW,144,530.0,-0.1282061052159536,0.9039518251884556,0.7757457199725022,0.0053871230553645
9698f020-7131-d04b-2552-c55a16afa91f,"Hodgson, Cody",C,47,208.0,0.3277996842188488,-0.0746252360031342,0.2531744482157146,0.0053866903875683
47d857f2-7d2a-edfc-e1c5-73767c716a2f,"Sweezey, Billy",D,128,342.0,-1.281013498497473,1.9637911977196152,0.6827776992221422,0.0053342007751729
e64fc75f-ab07-a14e-a0ae-46ea4a5afc54,"Duszak, Joseph",D,143,381.0,0.3022852541901291,0.4518723299389316,0.7541575841290608,0.0052738292596437
93dd4a43-8051-720f-47cc-fa4250b969ed,"Cederqvist, Filip",LW,145,558.0,-0.2179127139845418,0.9798684554276328,0.761955741443091,0.0052548671823661
8dd277fe-98ea-6fe2-f846-af1ff688112e,"Leonard, John",LW,193,778.0,-0.8446565320782072,1.853920656336767,1.0092641242585598,0.0052293477940858
d85ec4b9-edd3-0949-8aa2-d27637d19918,"Crookshank, Angus",LW,104,362.0,-1.3230663735051131,1.859369024125892,0.5363026506207789,0.005156756255969
e2214881-b6b0-b1c9-6e83-a6b289c4f33f,"Primeau, Mason",F,119,445.0,0.1410864659804996,0.4692189022360977,0.6103053682165973,0.0051286165396352
9108f109-2f27-6e12-5e0a-b692517acf4c,"Carrick, Connor",D,161,508.0,0.3023262303435168,0.4996030737993054,0.8019293041428223,0.0049809273549243
bcfc449f-d442-64d4-e387-32dabfcda765,"DiLiberatore, Peter",D,51,157.0,0.0161139209392828,0.2356899918370348,0.2518039127763177,0.004937331623065
5dfe0fd2-51d9-4615-89ff-9ee6a2db9028,"Houde, Samuel",C,25,103.0,-0.2050858241881873,0.328402545720863,0.1233167215326756,0.004932668861307
f0eb7a58-4ead-3515-a883-490e844538f4,"Podkolzin, Vasily",RW,143,559.0,1.7725417067707274,-1.0857286967398452,0.6868130100308822,0.0048028881820341
79b63b9f-49dc-162b-951e-053b32088ce5,"Smallman, Spencer",C,138,492.0,-1.6374824696530588,2.2865058392733513,0.6490233696202925,0.0047030678957992
1da47f43-7819-0b12-6759-4d9cbe68416c,"Stewart, Dean",D,127,338.0,-0.930154511417746,1.5219878929991706,0.5918333815814245,0.0046601053667828
6702a3ca-377e-db75-149b-2621c1febba3,"Belzile, Alex",F,192,717.0,-0.4037991911829814,1.276155482483869,0.8723562913008875,0.0045435223505254
add3d394-1378-64cf-5d00-dc6027bcf5bd,"Slavin, Josiah",LW,245,974.0,-1.7775754664555794,2.8759617320230557,1.0983862655674763,0.0044832092472141
f3da2b72-e9b7-6d05-ee3e-834953f9f070,"Marody, Cooper",RW,181,688.0,-0.5661481011242084,1.3595889072092675,0.7934408060850593,0.0043836508623483
58b0c680-a304-643d-ce76-6451b920519a,"Rau, Kyle",F,122,533.0,-1.3547318375407502,1.8690518439758756,0.5143200064351254,0.0042157377576649
06813969-3aca-1417-ec01-0de8fb823a64,"Benson, Tyler",RW,163,715.0,0.1055731674409196,0.564409406237719,0.6699825736786386,0.0041103225379057
9b4ee081-3050-ae6e-ca41-47d034838030,"Dach, Colton",C,170,671.0,-1.952353889159139,2.638505416658166,0.6861515274990271,0.0040361854558766
987b6366-d0e8-ced6-e37d-95f8ca177630,"Carlsson, Lucas",D,155,422.0,2.1735093016781617,-1.5873002084859469,0.586209093192215,0.0037819941496271
30a82081-452f-1e14-177e-d25c40f895a3,"Beecher, John",C,62,266.0,0.3417807607156084,-0.1109064505216885,0.2308743101939198,0.0037237791966761
5a453d9b-d3e9-d3cf-af18-be043e9650b3,"Rempal, Sheldon",F,243,1047.0,1.7015890471711306,-0.7999732708284197,0.9016157763427108,0.0037103529890646
05d1d579-7092-686f-82ea-789112b87f0f,"Steeves, Alex",C,192,801.0,0.9673155590763064,-0.2610213616076791,0.7062941974686273,0.0036786156118157
1dfcd1ff-c0ed-4748-a27d-0b8099d066e3,"Dello, Tory",D,8,,-0.2043631396496065,0.2333927419036072,0.0290296022540006,0.00362870028175
380906c9-b5f1-8231-a3e0-e9bae3c9b899,"Voronkov, Dmitri",LW,5,18.0,-0.0893579182113095,0.107455785790188,0.0180978675788784,0.0036195735157756
663df049-a045-0561-16e3-1db633a0723e,"Aston-Reese, Zachary",C,153,595.0,-0.2031439185416873,0.7534044439117789,0.5502605253700915,0.0035964740220267
82f8e07e-9409-552d-12b2-76d726c5f6fd,"Tullio, Tyler",RW,11,,-0.1454116502475671,0.1841177865862491,0.038706136338682,0.0035187396671529
98eea6fc-1c6b-1d5e-b49a-1805806aa62d,"Seeley, Ronan",D,11,,-0.2105773942243862,0.2492835305630618,0.0387061363386756,0.0035187396671523
334e9743-0236-f42f-1175-4431633384d2,"Finley, Jack",C,11,,-0.1205531911623483,0.1592593275010222,0.0387061363386739,0.0035187396671521
e8fcf932-3019-3ccc-543b-67b8c8e584bb,"Petrovic, Alexander",D,243,624.0,-0.2263845508010246,1.0802957935152455,0.8539112427142208,0.0035140380358609
8682f8c1-304a-51d9-6663-158ca58fa6c9,"Didier, Josiah",D,124,259.0,-0.3383688408475379,0.7664321750195473,0.4280633341720093,0.0034521236626774
b8c6b250-84bc-2be1-fefe-d5c971f905cd,"Lettieri, Vinni",C,53,228.0,0.8321646618603086,-0.6672168630259048,0.1649477988344038,0.003112222619517
5051b123-581a-7b4e-d99e-a179a9cccd3b,"Kudla, Patrick",D,9,9.0,0.1973812292858616,-0.1702743506593808,0.0271068786264807,0.0030118754029423
c5c3387a-6e3e-1ae9-824c-315974f6414e,"Berard, Brett",F,217,846.0,0.1859258771978079,0.4635229516550461,0.649448828852854,0.0029928517458656
cdc94907-804c-5cef-ce85-830a04ee6718,"Hickey, Brandon",D,101,295.0,0.8740074302539732,-0.5764640427396247,0.2975433875143485,0.0029459741338054
62da8db3-43ba-54cd-41cb-1eedac95ba17,"Beaudin, Nicolas",D,29,55.0,0.1299116277919315,-0.0451802613681959,0.0847313664237356,0.0029217712559908
24aca8e8-c87f-6a40-46fc-afb2373d9531,"Shea, Ryan",D,52,119.0,0.1193271355112738,0.0298824599409781,0.149209595452252,0.0028694152971586
ef6ffa30-eb7b-716c-b66b-d0db438b2268,"Strome, Matthew",RW,186,791.0,0.747901920030544,-0.2153962860068703,0.5325056340236737,0.0028629335162563
c5bb348a-a28c-3c1a-4f75-6eda7f448443,"Simek, Radim",D,136,287.0,0.5053136421093408,-0.1203926862853576,0.3849209558239832,0.0028303011457645
f8513815-ad09-b742-fef8-9814f2313b80,"Steen, Oskar",RW,62,249.0,-0.2532322089355249,0.4261326549759918,0.1729004460404669,0.0027887168716204
195db92d-b85c-e1c2-0f7e-6f1cb57dde82,"Hudon, Charles",F,160,508.0,-1.0899235292234155,1.5258424799565888,0.4359189507331733,0.0027244934420823
95faf17f-eeab-555e-2e51-7af990402dc6,"Samoskevich, Mackie",RW,200,741.0,-1.2501987660095355,1.7915046513109558,0.5413058853014203,0.0027065294265071
c1432ccc-4036-14a9-50ed-a495c7b5aaba,"McWard, Cole",D,126,275.0,-0.4250077047106679,0.7590043407952313,0.3339966360845633,0.002650766953052
42d8748f-fc64-ecc4-7d4b-36f4f690f0a6,"Malinski, Sam",D,102,251.0,1.273189791247047,-1.0048167788556512,0.2683730123913956,0.0026311079646215
2edb2923-a2c9-13d1-fa88-d6659c99b38e,"Malott, Jeff",LW,255,1075.0,-0.7524076264998756,1.4180906955509256,0.66568306905105,0.0026105218394158
5801ee51-cb4c-15b8-3d9d-757bd846feae,"Tufte, Riley",F,218,864.0,-0.1254820423506153,0.6945331551555161,0.5690511128049007,0.002610326205527
fc2fdeb8-f765-d874-c079-e534fe36e8a2,"Hillman, Blake",D,119,233.0,0.2894457684918946,0.0128490700488558,0.3022948385407504,0.0025402927608466
0d3d8f91-b7fc-3d13-09dd-0e51c390ed6f,"Crotty, Cameron",D,153,447.0,-0.3236530319002685,0.6967037680002074,0.3730507360999389,0.0024382401052283
44ad96dc-c0b6-9c77-310a-42c86826d41a,"Cormier, Lukas",D,159,434.0,1.3726305833650418,-0.9911767775481796,0.3814538058168623,0.0023990805397286
58ff86bf-e659-f9dc-3f5f-6a51741e47ab,"Zohorna, Radim",C,65,226.0,-0.4720041495750149,0.6264260551222538,0.1544219055472389,0.0023757216238036
506ed90c-046c-1355-5f4b-198a95c3b689,"Howe, Travis",RW,14,,-0.1577146794094555,0.188795216567773,0.0310805371583175,0.0022200383684512
650eabdc-aab3-679a-03a2-d086646b86b9,"Pare, Cedric",F,165,683.0,1.1268697685675615,-0.7691850308504778,0.3576847377170838,0.0021677862891944
ecbd0ea2-3043-731c-3cbf-94053cd3f09b,"Callahan, Michael",D,165,413.0,0.0102145041716817,0.3225366476218432,0.332751151793525,0.0020166736472334
5d3ec04f-99d1-f8e7-920a-64e25e9453a6,"Lyle, Brady",D,132,274.0,0.8287340387222545,-0.5629231097569611,0.2658109289652933,0.0020137191588279
61a43f85-2e5c-ef36-a82e-322e6e622997,"Guenette, Maxence",D,144,392.0,1.1472684550298722,-0.8603743368684732,0.286894118161399,0.0019923202650097
e816e950-29af-f11a-16dc-9be28900788e,"Maillet, Philippe",C,145,513.0,-1.0984430500930964,1.381249352051526,0.2828063019584295,0.0019503882893684
11147770-b835-0375-d510-285823af4af9,"Beaucage, Alex",RW,116,473.0,1.030802837316853,-0.8084791196997253,0.2223237176171276,0.0019165837725614
d7d794dc-6f3b-8c9c-7614-23859008aea2,"Gross, Jordan",D,97,266.0,0.5892040112446109,-0.4304457410654508,0.15875827017916,0.0016366831977232
a8ddd322-1d59-e6d5-6eae-09dde5c61284,"Luypen, Jalen",LW,5,,-0.0603577758228058,0.0681760884821264,0.0078183126593206,0.0015636625318641
e88acb6b-d5da-6c45-42b6-b77998c3203f,"Rousek, Lukas",RW,107,425.0,-1.9437191737304476,2.1083921756671504,0.1646730019367028,0.0015390000181
77a3c50b-31ff-8311-b5bd-79aa901df22c,"Farrell, Sean",F,130,498.0,-0.4354409797240548,0.6239325733800819,0.188491593656027,0.0014499353358155
8e72a880-86a7-efa3-ddfd-a1127df16d89,"Bowers, Shane",RW,122,442.0,0.0492601265934608,0.1247996782950265,0.1740598048884873,0.0014267197122007
a4fe9cde-2b89-7e99-5181-d8855c55e821,"Crevier, Louis",D,143,329.0,-0.1302772794859822,0.3275734288741897,0.1972961493882074,0.001379693352365
e1eda887-4254-92a8-6144-360df62f16c1,"Arseneau, Vincent",LW,103,391.0,-1.168024091603305,1.3058613274932975,0.1378372358899926,0.0013382255911649
cfe456f6-9907-e4df-333f-27b358f49ebc,"Rybinski, Henry",C,128,539.0,-0.238877686529077,0.3971473502725154,0.1582696637434383,0.0012364817479956
8442a8c0-dd62-152e-c0ce-60870675dd26,"Wanner, Maximus",D,22,,-0.1677010502001538,0.1932069230824181,0.0255058728822643,0.0011593578582847
cb28bb02-f73f-42c5-9e45-d1b51de84254,"Lopina, Josh",C,14,,-0.1578068193716633,0.1715852232649543,0.0137784038932909,0.0009841717066636
3a3be5e0-324a-1af9-5d4c-39b304b8d17d,"Hebig, Cameron",C,188,871.0,-0.0257971394996002,0.2103982283046137,0.1846010888050134,0.000981920685133
3b45ddb8-fde0-99cf-6165-f66bd4462ddb,"Salo, Robin",D,146,280.0,1.3021854261948402,-1.1871121107654572,0.115073315429383,0.0007881733933519
1b8bd0ac-fac4-d900-2d3e-411db1939181,"Massie, Jake",D,45,107.0,0.3223219157746626,-0.2873466791520695,0.0349752366225931,0.000777227480502
6110cbf6-1606-3431-643c-78b0e035f5ff,"Gawdin, Glenn",F,202,776.0,-1.817569094135328,1.969364795778611,0.1517957016432827,0.0007514638695212
83cfcd84-1391-c9fa-11b5-d3ec86ed5781,"Erne, Adam",LW,100,338.0,1.0662574389176738,-1.0044338377017958,0.0618236012158779,0.0006182360121587
9deea627-59bf-c37e-d041-5160edc3ac73,"Boqvist, Jesper",C,102,423.0,0.1484755155100912,-0.0875302448086777,0.0609452707014135,0.0005975026539354
0ddb9eb2-2352-dab2-b22d-f0d30ee231ef,"Reedy, Scott",F,44,153.0,-0.172990958513853,0.1960232683893766,0.0230323098755235,0.00052346158808
a65308f1-5c3e-a5de-87e2-cead7d9f44a7,"Guenther, Dylan",RW,89,353.0,-1.3919365950320364,1.4343412268247038,0.0424046317926674,0.0004764565369962
bc2abfcb-4444-082a-2f24-73a1a10338f5,"Biro, Brandon",F,164,655.0,-1.723599485296274,1.7832597968429773,0.0596603115467033,0.0003637823874798
4e110e5d-1ce8-74cf-5df3-63609c738785,"Gaudette, Adam",RW,225,871.0,-2.245251313067131,2.317541838503757,0.0722905254366259,0.0003212912241627
955da2f1-7e1c-2664-a321-5bb6d9f549bd,"Mukhamadullin, Shakir",D,160,414.0,0.794734472261927,-0.7638178579554532,0.0309166143064737,0.0001932288394154
c7554bfa-9d55-0c17-9b33-0f223ea3f85a,"Currie, Josh",F,194,726.0,-2.0508790305716564,2.0754220031388684,0.0245429725672119,0.0001265101678722
0f1cb51b-ffed-b0a3-4bb4-5521cdddbf60,"Xhekaj, Arber",D,44,98.0,0.2774480085894681,-0.2742643135603574,0.0031836950291107,7.235670520706136e-05
89d6fd61-dc6a-4969-d01a-a672c177757f,"Hughes, Cameron",F,181,723.0,0.5564340254926796,-0.548195818576343,0.0082382069163365,4.5514955338876175e-05
3368d715-4eb3-12ac-5ca3-637be728e649,"Comtois, Maxime",F,181,779.0,-1.5581432469685226,1.5646003643713111,0.0064571174027885,3.5674681783362084e-05
cce167f2-c8fd-27c9-a350-0a4931c5b132,"Megna, Jayson",C,214,908.0,2.801672658005564,-2.8053090328216075,-0.0036363748160437,-1.6992405682447338e-05
b4c49715-ce5c-cd2a-f4a2-c1bfe64fe7c7,"Novikov, Nikita",D,97,250.0,-0.0010229777429844,-0.0071948987063392,-0.0082178764493237,-8.472037576622414e-05
c8f5ce37-256b-6dba-d068-eccc978959b9,"White, Colton",D,111,256.0,0.9955349356404694,-1.0293001521858478,-0.0337652165453784,-0.0003041911400484
47e607eb-374a-751f-1987-8f08b7f86fbe,"Ahac, Layton",D,186,481.0,0.1654058606284344,-0.2350777279648197,-0.0696718673363853,-0.000374579931916
e850e12b-4214-353a-3bbe-aad41042acd5,"Griffith, Seth",LW,172,622.0,-0.3974872826986213,0.3309728198716254,-0.0665144628269958,-0.0003867119931802
a2f8a1c4-75eb-63d8-4e1d-dbb361fdaeb0,"Foudy, Jean-Luc",RW,70,260.0,-0.3728163983860313,0.3448152601510611,-0.0280011382349701,-0.0004000162604995
a6b4086e-956a-6a17-e22c-83858e92ef99,"Condotta, Lucas",LW,197,785.0,-1.3991027915307683,1.303436724396892,-0.0956660671338762,-0.000485614553979
ca8bc734-74c0-cc3e-db09-72ea657f75e2,"Clague, Kale",D,78,163.0,-0.7528267895932704,0.712180200600558,-0.0406465889927124,-0.0005211101152911
4cbd21fa-5265-f7d5-ac2f-2fd78d7480aa,"Hirose, Akito",D,84,245.0,0.0147817344077196,-0.0689086732496374,-0.0541269388419177,-0.0006443683195466
ba6ccd17-6b01-8ed6-8af9-e37cd98df349,"Fagemo, Samuel",LW,128,458.0,-0.2913109298274545,0.1834887076251007,-0.1078222222023537,-0.0008423611109558
34c9b6d7-581c-e992-d276-c44d50fff88d,"Smith, Dalton",LW,175,682.0,-2.0033934861495775,1.8439531934707727,-0.1594402926788047,-0.000911087386736
eb83ef82-3ad4-8464-b716-671f53e373c8,"Newkirk, Reece",F,34,134.0,-0.4048686781244707,0.3714906549229665,-0.0333780232015041,-0.0009817065647501
d5313105-925e-e8bd-e752-74e47b2ca328,"Robertson, Matthew",D,128,260.0,-0.3826351023828407,0.2437082256576576,-0.138926876725183,-0.0010853662244154
ea7c79f4-a992-0dfc-7f0c-913a5c701c2f,"Korczak, Kaedan",D,54,137.0,-0.0923418924993679,0.0336641486961296,-0.0586777438032383,-0.0010866248852451
48d0d556-7f19-8d92-f6ff-b83120c8c32b,"Hofer, Ryan",RW,128,550.0,0.9383711711799404,-1.077509350671361,-0.1391381794914208,-0.0010870170272767
e936a4e7-0304-42aa-1ad8-269904d96714,"Karlsson, Linus",C,220,935.0,-0.6402798646852943,0.3884846215842442,-0.25179524310105,-0.0011445238322775
629d5563-2754-3120-3402-3b116164482f,"Bellows, Kieffer",LW,138,532.0,-0.892938126308652,0.7310997376390922,-0.1618383886695598,-0.0011727419468808
0af3f2e3-7646-a092-4313-a467ee77fcdd,"Hunt, Daemon",D,158,388.0,0.6499960181458133,-0.8512090599646569,-0.2012130418188435,-0.0012735002646762
b7459409-30b2-bc6e-e869-0a99b09589c8,"Jones, Caleb",D,16,27.0,0.1927145698587668,-0.2141472015114112,-0.0214326316526443,-0.0013395394782902
3009ca76-0ff6-9da5-c8b6-6fd357f7a7e1,"McLaughlin, Marc",F,201,732.0,-0.5485799831131956,0.260417383984178,-0.2881625991290175,-0.0014336447717861
6d2cb984-e1e6-a715-26d2-93a528bb379b,"Bjork, Anders",LW,117,479.0,-0.0234642483164704,-0.1539092790324788,-0.1773735273489493,-0.0015160130542645
1e248371-8cd8-2ae1-7132-6212cfafbe89,"Holland, Peter",F,85,302.0,0.3866756911628139,-0.5225386732263911,-0.1358629820635772,-0.0015983880242773
672c5ab2-c18e-1dff-3366-1739eadb7e5b,"Middleton, Keaton",D,173,396.0,-0.01413786528975,-0.3017991080874918,-0.3159369733772418,-0.0018262252796372
97bce0c4-5f30-32b1-ab97-83c174303222,"Misyul, Daniil",D,108,228.0,0.2153114937369866,-0.4174949303117122,-0.2021834365747255,-0.0018720688571733
b275b038-e474-6565-4b4b-a2265fec696a,"Irwin, Matt",D,163,378.0,1.731719078067232,-2.0446736905695055,-0.3129546125022735,-0.0019199669478667
066364b9-b235-6207-1061-3d0155cb2b66,"Smith, Ty",D,139,369.0,0.3749477150244141,-0.6464519311220073,-0.2715042160975932,-0.0019532677417093
6b02137d-510a-65ed-24a8-c60dffebc9f3,"Giroux, Damien",C,67,305.0,0.2058825101818649,-0.3468840799835617,-0.1410015698016967,-0.0021045010418163
befd7372-8a19-ca5a-c1db-88c82ad4500b,"Criscuolo, Kyle",C,239,946.0,-2.375955852979563,1.8719922406869285,-0.5039636122926343,-0.002108634361057
8750d372-0576-0fce-74d6-1a871d154ade,"Renouf, Dan",D,170,463.0,0.1854181698286301,-0.5439392149997982,-0.3585210451711681,-0.0021089473245362
61b3f3d2-10b6-46fd-9416-8976a893ef23,"Highmore, Matthew",C,126,474.0,-1.4961129995402596,1.2248377783289437,-0.2712752212113158,-0.0021529779461215
16639321-8e4f-7071-4f1a-276266715f99,"Peca, Matthew",C,129,449.0,-2.6355682300592744,2.353379959821158,-0.2821882702381164,-0.0021875059708381
cea95974-dc8a-a373-919e-beb7ff91d488,"Murray, Brett",LW,169,718.0,-3.363442153460622,2.978106399169103,-0.385335754291519,-0.0022800932206598
7a213ae8-292c-bc7f-83dd-7b14bdcadde1,"Berggren, Jonatan",RW,144,485.0,-2.223779520859,1.8938847406311303,-0.3298947802278693,-0.0022909359738046
ee5122aa-cce5-d4fe-9403-b87023179682,"Pivonka, Jacob",F,18,91.0,0.8965996377015735,-0.939296534738438,-0.0426968970368644,-0.0023720498353813
1d33070c-e556-fb1e-bc44-0073a18d3693,"Miller, Brenden",D,122,347.0,-0.4950127896971384,0.1928684347923038,-0.3021443549048346,-0.0024765930729904
3370b39f-9497-a447-d667-be719f33b140,"Newpower, Wyatt",D,3,,-0.1078233688818172,0.1001977697014628,-0.0076255991803543,-0.0025418663934514
45ee61a0-3386-8b93-6df5-89b02e23b13b,"Nijhoff, Logan",LW,3,,-0.0129473343240164,0.0053217351436602,-0.0076255991803562,-0.002541866393452
7fac9254-996b-8a15-fa1d-a7ed1a23dcc4,"Solow, Zach",RW,3,,-0.1234458796428361,0.1158202804624798,-0.0076255991803563,-0.0025418663934521
a4d621c2-4b44-71de-6e05-041df13f2858,"Lucas, Andrew",D,3,,-0.1023062638686856,0.0946806646883292,-0.0076255991803564,-0.0025418663934521
c5258da6-5caf-3b59-ba84-ef3308239868,"Chromiak, Martin",F,3,,-0.1048645585523804,0.0972389593720237,-0.0076255991803566,-0.0025418663934522
0601a4ed-1515-44af-ec9e-749318820437,"Wheatcroft, Chase",F,3,,-0.0575527257965864,0.0499271266162295,-0.0076255991803569,-0.0025418663934523
f6f7de10-882f-8def-cca2-93b0af174148,"Barbashev, Maxim",LW,3,,-0.0650212257849026,0.0573956266045457,-0.0076255991803569,-0.0025418663934523
947511da-26e3-7172-699d-971b808818b7,"Vaisanen, Kalle",F,3,,-0.0650212257849026,0.0573956266045457,-0.0076255991803569,-0.0025418663934523
8d917b0c-c645-4b0b-0007-8d9684345c63,"Svejkovsky, Lukas",RW,3,,-0.0717690966771866,0.0641434974968296,-0.0076255991803569,-0.0025418663934523
5053122c-425b-eb9a-fd96-63387bb70366,"Rolston, Ryder",F,6,,-0.0423087626192829,0.0270575642585686,-0.0152511983607143,-0.0025418663934523
6dbb81a4-b033-f2eb-d097-8a60da618a8e,"Bankier, Caedan",C,9,,-0.364557086600878,0.3416802890598064,-0.0228767975410716,-0.0025418663934524
59579462-cf0b-8270-0094-5113af13d750,"Cardwell, Ethan",F,6,,-0.1567831493411104,0.1415319509803956,-0.0152511983607147,-0.0025418663934524
81b31cdc-d76d-a42f-88d9-2ade366ffb25,"Engaras, Filip",C,15,,-0.136845607184829,0.098717611283042,-0.0381279959017869,-0.0025418663934524
00b3ed6a-d8bb-6e88-4eb7-2d088ef5cf51,"MacKinnon, Will",D,6,,-0.0266583270821862,0.0114071287214714,-0.0152511983607148,-0.0025418663934524
267ce9a0-5304-abb8-bc45-091992187107,"Edmonds, Lucas",RW,9,,-0.2965765177448906,0.2736997202038167,-0.0228767975410738,-0.0025418663934526
7cbfd18a-87fc-1935-d240-d08c0ca78a00,"Savoie, Carter",LW,27,,-0.3585004916014312,0.2898700989782092,-0.068630392623222,-0.0025418663934526
d54b6c97-2380-f382-7937-732841fca283,"Pearson, Justin",LW,18,,-0.3863361901026027,0.3405825950204538,-0.0457535950821488,-0.0025418663934527
9f82eb7d-8cd0-8a8d-3c54-a095374fe9f9,"Lucius, Chaz",C,3,,-0.0892115041362037,0.0815859049558452,-0.0076255991803585,-0.0025418663934528
923dd5d7-8c14-5d5d-ea10-b3d01db29281,"Murray, Jacob",D,6,,-0.1277044020090194,0.1124532036483019,-0.0152511983607174,-0.0025418663934529
1350956a-3151-b7dd-2fc5-eb1606b1c265,"Caron, Thomas",RW,3,,-0.0452776662753903,0.0376520670950314,-0.0076255991803589,-0.0025418663934529
8ed4aa46-2cf1-b0ff-3fcf-35953357f70f,"Liukas, Eetu",F,3,,-0.0422689825044975,0.0346433833241385,-0.0076255991803589,-0.0025418663934529
87b124cb-b80e-9285-0449-4b9a169daf1e,"Wright, Cameron",RW,6,,-0.0744486480448435,0.0591974496841248,-0.0152511983607187,-0.0025418663934531
442fd324-024d-8099-7824-c736b327f12a,"Liwiski, Mark",F,3,,-0.0710376582788255,0.0634120590984661,-0.0076255991803594,-0.0025418663934531
a22368c1-7f43-4c9e-20c1-482af6c7ce36,"Trudeau, William",D,15,,-0.0780119954282755,0.0398839995264754,-0.0381279959018,-0.0025418663934533
11ae7263-a7e4-4c1e-e2c2-45387d3e3070,"Nousiainen, Kim",D,110,258.0,-2.004990472041577,1.714213386569826,-0.2907770854717511,-0.0026434280497431
62266127-46c0-5420-5d10-5a6068de1b5d,"Lockwood, Will",F,126,474.0,0.4081658285407503,-0.7446479271801156,-0.3364820986393653,-0.0026704928463441
2622a685-e219-c5e7-e7f1-d413e86d75cc,"Pitlick, Rem",LW,164,712.0,0.0105408879942374,-0.4588533267706094,-0.4483124387763719,-0.0027336124315632
ad355380-2d07-14ba-406d-9239a635419e,"Kokkonen, Mikko",D,138,413.0,-0.3910543823991147,0.0129184280297254,-0.3781359543693892,-0.0027401156113723
73819ce9-d8cf-b983-9994-bf279611d66f,"Hutton, Grant",D,93,249.0,0.8840913488742183,-1.13914499619414,-0.2550536473199217,-0.0027425123367733
cbabf9a6-fbd2-f2f6-6f08-ba10e8ea843f,"Mermis, Dakota",D,37,89.0,0.4896477226814022,-0.5927321098298681,-0.1030843871484659,-0.0027860645175261
ff9b6097-e007-85c3-f8fb-f86935bcb875,"Pettersen, Mathias Emilio",LW,175,676.0,-0.6059059858281194,0.1144928597174609,-0.4914131261106584,-0.0028080750063466
a2e5ba9a-a3d2-3c36-25f5-6b71426f884d,"Kuhlman, Karson",RW,182,682.0,0.2804319142722001,-0.7923565307386723,-0.5119246164664721,-0.0028127726179476
e83be427-c991-506c-5133-ca5f4a743e97,"Day, Sean",D,88,134.0,-0.4459048366199402,0.1948479742028497,-0.2510568624170904,-0.0028529188911033
f6797690-ed0a-2b75-0a01-496610012676,"Mutter, Navrin",LW,69,274.0,-0.9600787288731608,0.7564092392979836,-0.2036694895751772,-0.0029517317329735
adce8fef-8cdf-c45c-6d59-68ef391c977a,"Kisakov, Alexander",F,57,250.0,0.7398135823412506,-0.9113952639831356,-0.1715816816418849,-0.0030102049410857
46121515-ed91-d0e4-56cf-d0aca14a8b5a,"Koepke, Cole",LW,115,443.0,-1.3171577006288555,0.964476429006156,-0.3526812716226996,-0.0030667936662843
b9f1b352-9b5d-ada7-2fc9-1ce3ed96cfa1,"McPhee, Graham",LW,103,381.0,-0.7311956513132312,0.403602260398833,-0.3275933909143981,-0.0031805183583922
b233d426-2432-2abd-cb57-c1f6ca4aab46,"Wotherspoon, Parker",D,77,202.0,0.8456237838357961,-1.0949194499141846,-0.2492956660783885,-0.003237606052966
58783cc8-82b3-f9f3-fcf1-fec74713086f,"Soderstrom, Victor",D,178,456.0,-1.3427843065550829,0.7562091683531146,-0.5865751382019683,-0.0032953659449548
7b2af16f-2fcd-866c-38c3-e85484494645,"Del Mastro, Ethan",D,190,394.0,-0.3874864402935584,-0.2401761894578941,-0.6276626297514526,-0.0033034875250076
42e3b869-a651-df12-3291-53f0f3320501,"Gettinger, Timothy",LW,164,570.0,-3.1719580349839864,2.626232937295165,-0.5457250976888215,-0.0033275920590781
54a93710-8748-9bc6-3c84-913918590be7,"Snively, Joe",LW,203,847.0,1.4848199247230756,-2.1636855134200186,-0.678865588696943,-0.0033441654615612
6e6168a5-df29-f732-cbd8-5e5d3ccfc780,"Back, Oskar",C,197,831.0,-2.6931009759680404,2.028020089254648,-0.6650808867133926,-0.0033760451102202
6c8d8731-c18f-5a5e-aa78-2fc912cba75e,"Kaiser, Wyatt",D,95,262.0,0.8404991810038112,-1.1772530428368762,-0.336753861833065,-0.0035447774929796
b01afbd7-6ec9-96e1-f267-7cc7dee4dea0,"Bemstrom, Emil",RW,26,92.0,-0.3353190887809268,0.2401965140666234,-0.0951225747143034,-0.0036585605659347
3bf23b92-9a1d-7c1c-38fc-d173028e1fca,"Fedun, Taylor",D,65,160.0,-0.4659157455664212,0.224893610326597,-0.2410221352398241,-0.0037080328498434
1ba1e45d-14a5-3375-cbbe-45fc4ef4fe77,"Stevens, Nolan",C,157,620.0,-1.542535624590728,0.9598441493448328,-0.5826914752458952,-0.003711410670356
b8541c9c-40ff-8902-1a40-af7c2916bfaa,"Geertsen, Mason",LW,194,812.0,2.3424822481758034,-3.065361296759842,-0.722879048584038,-0.0037261806628043
e8165ae5-3c31-795b-1801-ef1618fd451f,"Hollowell, Mac",D,156,370.0,0.7361418214839088,-1.3537623309399132,-0.6176205094560043,-0.0039591058298461
3c4adeaf-5301-5206-c1cb-16db210f2864,"Sillinger, Owen",LW,12,,-0.3666487746155322,0.3188442446290772,-0.047804529986455,-0.0039837108322045
3d5bcc97-ee74-7ffb-a3c3-9bb7facf831f,"Kirkland, Justin",C,102,435.0,-0.5492518907945102,0.1420414076935771,-0.4072104831009331,-0.0039922596382444
6845c1eb-216d-4366-cda0-d3c220357faf,"Del Bel Belluz, Luca",C,180,744.0,-2.4172782072705297,1.6907084304288424,-0.7265697768416872,-0.0040364987602315
815dbceb-8111-3b17-f4aa-3b5c7a6c0c43,"Coghlan, Dylan",D,147,352.0,0.1615497270894758,-0.7765612285660574,-0.6150115014765816,-0.004183751710725
e70f8783-350d-ffc7-9c50-bb5f21a9c1e9,"Mailloux, Logan",D,142,320.0,0.4693246610709156,-1.0784551781300402,-0.6091305170591246,-0.0042896515285853
2d0eb54e-169a-5f00-7761-2ca898c78da7,"Filipe, Matt",LW,116,392.0,-0.8441831308678944,0.3461289056666607,-0.4980542252012336,-0.0042935709069071
9e79de97-35f6-4db9-5b4d-bdb166ba4de0,"Oesterle, Jordan",D,101,203.0,0.723801350809772,-1.164477317445801,-0.4406759666360289,-0.0043631283825349
561c6f7f-ceeb-36da-d6e4-f2586e2e8316,"Ostapchuk, Zack",C,206,789.0,0.5343645777508462,-1.4333688196223962,-0.8990042418715499,-0.0043640982615123
1a8b325b-f423-4cca-aafc-bd79e3ab00b6,"Schmiemann, Quinn",D,56,134.0,-0.007360976882496,-0.246684277806281,-0.254045254688777,-0.0045365224051567
c8faf786-d902-4a0e-cfdd-3326fa37b797,"Burke, Cal",F,176,772.0,0.7713982541980241,-1.5975649008518165,-0.8261666466537924,-0.0046941286741692
c05db9ee-e2c8-5bba-3a20-cee81b8b04c1,"Butcher, Will",D,73,173.0,0.1157445074902497,-0.4612438761889599,-0.3454993686987102,-0.0047328680643658
9ef6d4ec-63a9-9da3-2580-cc0bfca09b47,"Malone, Brad",C,173,681.0,-0.69063056906757,-0.1365093878042194,-0.8271399568717894,-0.0047811558200681
2f0f6eea-d3b1-2226-ceaa-3779abcbff69,"Szuber, Maksymilian",D,146,333.0,-0.3430863782778675,-0.3730833915391829,-0.7161697698170504,-0.0049052723960071
0e547df4-db0d-2b34-7e18-2ad196cc9192,"Brown, Patrick",C,125,522.0,1.191237267731104,-1.8111034674919144,-0.6198661997608101,-0.0049589295980864
2b318d4d-2e7b-6d8c-98a7-7d85c71436c5,"Walker, Sammy",F,281,1177.0,-1.6346413529567023,0.1576108173643749,-1.4770305355923277,-0.0052563364255954
8b43652c-1ab8-e931-e045-ca9cd839d10b,"McCormick, Max",F,175,722.0,-1.5199392824447178,0.5845661461425475,-0.9353731363021702,-0.0053449893502981
3f1cb8fd-1aa5-5b5c-a0f1-d8dbb7756d87,"Durandeau, Arnaud",LW,163,637.0,-1.5265820766896014,0.6549053403251739,-0.8716767363644276,-0.0053477100390455
ac67f786-2de5-43b4-d0af-ae6afd5f161e,"Pysyk, Mark",D,103,204.0,0.1425841914607825,-0.6940175280981853,-0.5514333366374027,-0.0053537217149262
40f7ce41-67aa-9b1e-4629-14ea33e8799f,"Cates, Jackson",F,197,904.0,0.0726536168275504,-1.1487172556941525,-1.076063638866602,-0.0054622519739421
b9289963-36ff-72f3-2e0f-5d1c271974dc,"Gruden, Jonathan",C,126,512.0,-0.5122158400322606,-0.177303525538081,-0.6895193655703417,-0.0054723759172249
2b27457e-ba5c-020f-4ac8-e29e3726f8fb,"Lukosevicius, Jarid",RW,31,122.0,-0.0433845658945047,-0.1279956223538643,-0.1713801882483691,-0.0055283931693022
9c5a0e11-4272-5962-2621-08678ba1b301,"Kolyachonok, Vladislav",D,83,231.0,0.1615783737807062,-0.6210244457906946,-0.4594460720099884,-0.0055354948434938
b26348d5-86ba-a414-caa0-1aea4d766bc3,"Stillman, Riley",D,60,132.0,-0.47879643164695,0.1439250094414641,-0.3348714222054859,-0.0055811903700914
9bb10472-226c-b81a-f090-f474f37bf428,"LaDue, Paul",D,91,216.0,0.7562472651298128,-1.2665657772362255,-0.5103185121064128,-0.0056078957374331
acfdf636-4d25-0dad-fe9f-a31513941939,"Becker, Jack",F,103,461.0,-1.0909685256212842,0.503479747922818,-0.5874887776984662,-0.0057037745407618
bc22e636-a3aa-30c6-baab-dbd6d5403b03,"Lindblom, Oskar",LW,115,455.0,0.2498909397463964,-0.9067746350311312,-0.6568836952847348,-0.0057120321329107
432d0e7c-2d69-f44f-69c9-227f410e8f8b,"Balinskis, Uvis",D,108,236.0,0.9677545865514884,-1.5895728240400775,-0.6218182374885894,-0.0057575762730424
9e0e0f1c-bcac-2b93-5f18-622924dfb131,"Gawanke, Leon",D,117,292.0,1.1704353690260787,-1.8768849302132988,-0.7064495611872201,-0.0060380304374976
6d76255c-3247-8cd9-1e45-d4543ce11e86,"Hayden, John",F,195,814.0,0.2922686523037623,-1.48659074067539,-1.1943220883716277,-0.006124728658316
41e53b2c-3ed6-f9b5-29a4-68ffe996db5f,"Dineen, Cam",D,144,306.0,-0.1595004177909563,-0.7263858433203513,-0.8858862611113076,-0.006151987924384
b2485777-a1f9-23e9-5c28-c99761cd10e2,"Grimaldi, Rocco",F,222,781.0,-4.345419107923183,2.977852942146836,-1.367566165776347,-0.0061602079539475
cb889642-eedd-496a-9c02-563f569c6359,"Roos, Filip",D,135,348.0,1.0355670875526648,-1.877609737787321,-0.8420426502346563,-0.0062373529647011
9daae941-4f95-c94c-baf7-a520ad42785f,"Iskhakov, Ruslan",F,187,765.0,-0.786832215369899,-0.3816155660664153,-1.1684477814363143,-0.0062483838579482
12845e0c-fc7d-d76a-f026-bb69d8aad07e,"De Leo, Chase",LW,172,690.0,-4.995678033127445,3.914962974492112,-1.0807150586353322,-0.0062832270850891
24e877cf-3574-a5f2-8b07-8dbb117f561d,"Gravel, Kevin",D,145,325.0,0.4948511414908014,-1.4336986843816757,-0.938847542890874,-0.0064748106406267
2f46ba90-e46e-6371-ac00-07be713995a2,"Sasson, Max",C,240,987.0,-3.3772597430593256,1.7801786618854745,-1.5970810811738512,-0.006654504504891
f2672d3d-1839-4bbf-958e-0af6458a7c50,"Broberg, Philip",D,111,226.0,0.3903727520525658,-1.1553955478616194,-0.7650227958090535,-0.006892097259541
eea2f5b1-7f49-aeed-2bad-ceff85f41700,"Dumont, Gabriel",C,128,455.0,-0.5988198522502868,-0.2947560013185828,-0.8935758535688696,-0.0069810613560067
0216a2f3-905b-a0cc-78d2-1ace22850834,"Richard, Anthony",LW,174,675.0,0.6055367392002137,-1.886051777889632,-1.2805150386894182,-0.0073592818315483
630a1773-ff25-478d-a32d-4109d5924b0c,"Kiersted, Matt",D,140,340.0,0.9137952599267146,-1.9531485848544723,-1.0393533249277578,-0.0074239523209125
b0ca309f-321f-7119-6c17-cf1437cc9bd8,"Elynuik, Hudson",F,151,639.0,-1.586307588296267,0.444891194885336,-1.141416393410931,-0.0075590489629862
7f835c52-5af6-f4e1-eff4-ebe21be0a4bb,"Denisenko, Grigori",F,206,826.0,0.1727615190390047,-1.730701837191522,-1.557940318152517,-0.0075628170784102
392760f4-597a-e47c-633f-1b9d29568423,"Leschyshyn, Jake",C,169,619.0,-0.5872844917955837,-0.7013528462347953,-1.288637338030379,-0.0076250730060969
332983fd-d9b9-3b78-fe67-9b985bf20d66,"Olofsson, Gustav",D,91,235.0,0.8723910385039727,-1.5903277308385382,-0.7179366923345655,-0.0078894142014787
65c9be45-0771-6bcb-0263-5b74fc8423af,"Carrick, Trevor",D,167,361.0,-0.8334718189565115,-0.4991099339795284,-1.33258175293604,-0.0079795314547068
e2268782-d1cd-c267-e7ab-c1fd76d2e34f,"Connauton, Kevin",D,152,388.0,-0.2075632865272108,-1.0064528574071998,-1.2140161439344106,-0.0079869483153579
8cdcb61e-d733-bde6-a101-ef3140e48149,"L'Esperance, Joel",RW,213,900.0,-1.7496682162212005,0.0438363210912724,-1.7058318951299278,-0.0080086004466193
60a256f4-156e-1e04-ed00-29e7b5fc2243,"Bourque, Gabriel",LW,156,661.0,-0.8611036802165285,-0.3931628819628622,-1.2542665621793907,-0.0080401702703807
81f67e82-04fb-7536-2181-669ac1247363,"MacLean, Kyle",C,111,396.0,-1.8298369955500975,0.922347523767881,-0.9074894717822168,-0.0081755808268668
3a10f482-4800-bee5-3045-86b128ec6420,"Rempe, Matthew",C,139,516.0,-3.2923962274535077,2.14972259970908,-1.1426736277444278,-0.0082206735808951
4166d06f-c778-e270-abf2-d125f7494262,"Helenius, Samuel",C,6,,-0.2033143183292328,0.1534588534384656,-0.0498554648907671,-0.0083092441484611
533724e1-ab7f-8b95-8049-65aba9809721,"Ness, Aaron",D,198,481.0,0.5533975155131942,-2.204811072750604,-1.6514135572374098,-0.0083404725113
a8b58f4d-a821-d7b0-b74e-f537ad471336,"Sautner, Ashton",D,168,465.0,-0.3651336053655189,-1.0599234693811592,-1.4250570747466782,-0.0084824825877778
987469e8-a8b0-b09d-8171-9c3094253328,"Samorukov, Dmitri",D,147,327.0,0.534484816250832,-1.7943561977899556,-1.2598713815391236,-0.0085705536159124
dd485778-5783-6b9b-187c-020bf03f4531,"Rifai, Marshall",D,141,319.0,-1.5896390808847158,0.378712933631977,-1.2109261472527388,-0.0085881287039201
ae1aa801-5655-af70-d031-019a9c091f86,"Puljujarvi, Jesse",RW,35,120.0,-0.5553160809079567,0.2546872482845004,-0.3006288326234563,-0.008589395217813
65327d7e-6886-5ff4-3e14-b0a655b531a4,"Santini, Steven",D,148,337.0,0.4812800718683206,-1.7678159015657524,-1.286535829697432,-0.0086928096601177
0a1c9c34-5a23-e5ef-85e7-5ea4c9f85af2,"Kuznetsov, Yan",D,150,373.0,0.5566884360204641,-1.890371034674009,-1.333682598653545,-0.0088912173243569
57416be2-68df-99d1-ada5-d3b6d3ef77b0,"Lavoie, Raphael",F,208,716.0,-1.266664534440074,-0.5857895586545987,-1.852454093094673,-0.0089060292937243
e4245dd4-69d2-7fa5-6473-a4f26787eed9,"Jobst, Mason",C,181,735.0,-2.6569986393305323,1.0394436198774084,-1.617555019453124,-0.0089367680632769
9f84fbe2-cd0a-9663-0184-4398a58d7d29,"Quinney, Gage",F,165,668.0,0.1774534447203591,-1.6600239214770938,-1.4825704767567347,-0.0089852756167074
4d3e2b74-879a-b997-e31f-715ee7403cb7,"Mersch, Michael",RW,165,672.0,-1.8342638072262765,0.3281290028772771,-1.5061348043489993,-0.0091280897233272
9365e946-bed1-6103-1e8a-2e9ba06d1dc2,"Winterton, Ryan",C,132,578.0,0.5665082025135016,-1.7745978387970736,-1.2080896362835718,-0.0091521942142694
9f51a34c-54a1-ed9f-ac4a-2983803bd170,"Benning, Michael",D,10,,-0.148981767001876,0.0568964364006977,-0.0920853306011783,-0.0092085330601178
acbdcc82-71fc-3c33-ba21-35cb831c9cbd,"Cesana, Dennis",D,10,,-0.1577512329847879,0.065665902383609,-0.0920853306011789,-0.0092085330601178
54c92034-9ece-4a76-ae9d-be434c2eef82,"Hain, Gavin",C,142,546.0,-1.1215185714210056,-0.1868821481387508,-1.3084007195597565,-0.0092140895743644
596db0b3-b0e7-ce8e-41f6-7008175ce45c,"Gust, David",F,221,887.0,-2.6753919157478143,0.6180926140933188,-2.0572993016544956,-0.0093090466138212
a6be81da-fbf0-100c-170a-9db635d86749,"Morelli, Mason",F,249,1021.0,-0.304801890282317,-2.0377966110438837,-2.3425985013262007,-0.0094080261097437
2bac8c42-d730-5703-9583-b7cebb96c736,"Thrun, Henry",D,59,129.0,0.5722413288916226,-1.130066712814051,-0.5578253839224281,-0.0094546675241089
9e7656e6-afdd-5100-adf6-0e1485917da6,"Thompson, Jack",D,167,319.0,-0.7256452272170683,-0.9173271364827394,-1.6429723636998077,-0.0098381578664659
23976a10-6bbf-0e35-6025-abd653ad2dd6,"Raty, Aatu",C,281,1155.0,0.1742348958887161,-2.9436237104968153,-2.769388814608099,-0.0098554762085697
f2bc8771-8044-2f22-b289-2e910a46dfce,"Heatherington, Dillon",D,112,249.0,-0.5230194966854346,-0.5903414239930864,-1.113360920678521,-0.0099407225060582
ee6f66a2-297c-c175-476d-a4390ead7eb4,"Campbell, Alexander",LW,38,177.0,1.6020755746444424,-1.9806922469242985,-0.378616672279856,-0.0099635966389435
8a45aeeb-45e5-0a8f-5837-39bccade3f72,"Phillips, Isaak",D,94,223.0,0.3574505583764948,-1.2987748439958782,-0.9413242856193832,-0.010014088144887
8b41332b-b440-ce88-6f7c-1d51e70c4c6a,"Davies, Jeremy",D,141,335.0,-0.4090732111352836,-1.0157422592281404,-1.4248154703634242,-0.0101050742578966
f5fcdc05-b825-c3c6-187d-b79bb81ea956,"Rosen, Isak",RW,147,531.0,-2.4621190184712924,0.9730321105269528,-1.4890869079443396,-0.0101298429111859
8db09dda-0ac0-252d-5cca-f2178f63ee43,"Thompson, Tyce",F,176,627.0,-0.8558455867312024,-0.9368783993674136,-1.7927239860986162,-0.0101859317391966
23033c23-8f41-970b-8423-7c1eef91ab38,"Ratcliffe, Isaac",LW,196,723.0,-4.003918504279441,1.988914841020618,-2.015003663258823,-0.0102806309349939
c2ac142e-72a6-58c2-9f0a-acc2ae622a90,"Agozzino, Andrew",C,229,792.0,-2.7259864125895503,0.3526950941487897,-2.3732913184407605,-0.0103637175477762
2dc963e5-038d-5671-aa35-9c6e6edec835,"Brisson, Brendan",F,249,975.0,-1.357059909935575,-1.254865686287275,-2.6119255962228496,-0.0104896610290074
d1070fa3-193d-812d-061f-555825538779,"Poturalski, Andrew",F,184,824.0,-1.6467816399631736,-0.2864113176130096,-1.9331929575761833,-0.0105064834650879
ab173ecf-50c8-bf70-2a27-3f32cb95d28f,"Othmann, Brennan",F,181,648.0,-2.110557831687553,0.1717536827551282,-1.9388041489324248,-0.0107116251322233
6a7002cd-5825-1e0b-1847-6f2197cc2190,"Karow, Michael",D,168,355.0,0.7330462668304907,-2.546334056891576,-1.813287790061085,-0.0107933797027445
efbd8365-7b4a-13f4-6a00-d77d11d64910,"Christiansen, Jake",D,162,456.0,-1.0102887677145105,-0.7817922998703534,-1.792081067584864,-0.0110622288122522
bcd88228-d322-91a4-38aa-2ac368186ee3,"Holloway, Dylan",LW,70,296.0,-0.2793760186262015,-0.4968806721640991,-0.7762566907903007,-0.0110893812970042
ce6e3edf-e901-06ab-00b5-185583eeb8ae,"Ouellet, Xavier",D,106,204.0,-0.2070987014983121,-0.9891759971227456,-1.1962746986210575,-0.0112856103643496
003a207c-5852-cbf5-bae2-cbd94421b4db,"Fitzgerald, Casey",D,198,553.0,0.8908122661567786,-3.129198080996483,-2.238385814839704,-0.0113049788628267
cb681adf-c005-f9ab-1da3-15257b4f1bdf,"Douglas, Curtis",C,136,639.0,-0.6973461063611899,-0.8485558648020207,-1.5459019711632105,-0.011366926258553
9fe70024-cd66-80eb-aa49-5618b43fa865,"Knyzhov, Nikolai",D,81,178.0,-0.0349284242628226,-0.8976087983361688,-0.9325372225989916,-0.0115128052172715
499a866c-4e2f-75cc-4453-3765b766e0f0,"Thomas, Akil",F,190,717.0,-1.6976678498866953,-0.5044785559978705,-2.202146405884566,-0.0115902442414977
55cc8f3f-7a32-8ad1-8610-b07c2a765fd7,"Rafferty, Brogan",D,161,357.0,-0.2752963660790648,-1.5947848650184508,-1.8700812310975157,-0.0116154113732764
080a4b83-a144-5887-3f0e-084a2fbeb039,"Asselin, Samuel",F,145,591.0,-1.9845135475462572,0.2918497294561373,-1.69266381809012,-0.0116735435730353
1fe967f3-4573-d760-8359-eb0d9acc3756,"Wall, Kevin",RW,179,708.0,-1.726699156479604,-0.3633805019539343,-2.0900796584335386,-0.011676422672813
ceba5090-f6e0-e944-7ceb-e629c8348684,"McLain, Mitch",F,188,741.0,-1.2980793548554743,-0.931410897438632,-2.2294902522941062,-0.011858990703692
f19f09de-127d-97a1-6265-d5a27b837129,"Thomson, Lassi",D,186,562.0,-1.1125097518623217,-1.0997504760700183,-2.21226022793234,-0.0118938721931846
a4939932-d13e-4c1e-b534-699402d2888a,"Laczynski, Tanner",F,163,686.0,-1.5067353480960384,-0.4340868330363214,-1.94082218113236,-0.0119068845468242
aa7242ad-c419-33d4-6be1-f8132fc80b23,"Skinner, Hunter",D,115,285.0,-0.0740533915699183,-1.2964132365671963,-1.3704666281371147,-0.0119171011142357
d08159e8-335c-017c-ec2d-22575807193d,"Okhotyuk, Nikita",D,26,45.0,-0.1229168131876781,-0.1875305396146517,-0.3104473528023299,-0.0119402828000896
3bc06bbe-5d1f-aa0b-c51e-f0c83f70803a,"Petan, Nic",F,253,917.0,-1.5498656756214442,-1.488995360631838,-3.038861036253282,-0.0120113084436888
eae1ab79-80df-8541-6b6a-a86ae9097d08,"Slaggert, Graham",C,113,424.0,-0.9851303375965392,-0.375245305064372,-1.360375642660911,-0.0120387225014239
2cd11afe-06d7-f761-66be-35ca4a2ccc0e,"Sebrango, Donovan",D,7,,-0.0872079324632324,0.002748201042413,-0.0844597314208193,-0.0120656759172599
62290f70-c057-68ae-6d76-548e7fc1a2c2,"Petrov, Matvei",LW,14,,-0.1507451230107656,-0.0181743398308742,-0.1689194628416399,-0.0120656759172599
36cdd1d1-54e8-c461-9d2b-7684df1843de,"Wiesblatt, Ozzy",RW,7,,-0.0790149827211546,-0.0054447486996654,-0.0844597314208201,-0.01206567591726
e778beec-dfe7-a6c8-352f-d42ec0b01ced,"Parent, Xavier",F,7,,-0.2891035531370853,0.2046438217162628,-0.0844597314208224,-0.0120656759172603
dd91f3fc-eed6-9558-5fcc-f84206b9651f,"Marcel, Marcel",F,14,,-0.2075995014427895,0.0386800386011283,-0.1689194628416612,-0.0120656759172615
9a673947-843b-c6fd-0b7e-35c0d46cf23f,"Sokolov, Yegor",F,200,818.0,-3.700834878431472,1.2638028433783104,-2.4370320350531616,-0.0121851601752658
262628d6-d96f-8dea-72e2-0aece98b7fff,"Brouillard, Nikolas",D,146,280.0,-0.6403063880267346,-1.149886316934419,-1.7901927049611537,-0.0122615938695969
a434fff2-8e1b-5bc6-1759-b545496778b5,"Edvinsson, Simon",D,119,254.0,-0.723801288001281,-0.7592029501790878,-1.4830042381803688,-0.0124622204889106
a89675de-e91c-1bde-8b0b-ba8780b2295c,"Brazeau, Justin",RW,147,613.0,-1.2704784537635576,-0.5617638330963346,-1.832242286859892,-0.0124642332439448
397ed1a1-984e-b4e0-ef52-0edc268d59bc,"Kessel, Matt",D,104,262.0,-0.3349799549006715,-0.969918959498304,-1.3048989143989755,-0.0125471049461439
87bd2512-ca41-d650-0517-297bbfc26a41,"Philp, Luke",C,59,276.0,-0.0664352392733746,-0.6861577304257701,-0.7525929696991448,-0.0127558130457482
8e21faad-e800-5bc9-c0ab-dd31c702e09f,"Mackey, Connor",D,104,233.0,-0.4103623568600625,-0.9258450027456064,-1.3362073596056687,-0.012848147688516
d06b76a3-3d86-0789-4ece-8c2bbb8dac2a,"Bischoff, Jake",D,187,553.0,1.2521317434256227,-3.672859636534172,-2.420727893108549,-0.0129450689471045
7a8b62e2-0b6b-1e9b-788c-0338df40543e,"Regula, Alec",D,190,511.0,-0.122751133744059,-2.355609832101231,-2.47836096584529,-0.0130440050833962
94c58fec-e597-77fa-ea7c-b64e8dec79d8,"Froese, Byron",F,215,912.0,-1.129235756788988,-1.6990498478746772,-2.828285604663665,-0.0131548167658775
8bd8e696-4514-a5d5-792b-80b002761f46,"Hirose, Taro",LW,150,572.0,-1.532586280443882,-0.4478551699434643,-1.9804414503873464,-0.0132029430025823
45600aff-c442-b856-6e9a-ae22ed437997,"Attard, Ronald",D,170,469.0,-1.164162118927401,-1.1154837554304795,-2.2796458743578807,-0.0134096816138698
caea29a5-fbb3-0a09-a224-442a8a2efb50,"Rees, Jamieson",LW,112,435.0,-0.8803245663247063,-0.6458537795499731,-1.5261783458746794,-0.013626592373881
675635e1-14fe-6bdd-0302-1323e92737eb,"Guttman, Cole",C,100,429.0,-0.9356855086099674,-0.4598415415534342,-1.3955270501634016,-0.013955270501634
91ecbdb7-a405-57e1-23d6-910efcb6de2a,"Butler, Cameron",RW,171,643.0,-3.2145991077316936,0.7975110037441461,-2.4170881039875476,-0.0141350181519739
fe72eceb-4367-8d2c-8559-ccfb83481eb2,"Kannok-Leipert, Alex",D,93,320.0,0.5468046479848739,-1.873376216644399,-1.3265715686595252,-0.0142642104156938
00f266b8-6b50-005b-cde2-3aa1f6d30db3,"Helgeson, Seth",D,141,300.0,-1.003350962579773,-1.028204223881942,-2.031555186461715,-0.0144081928117852
b1e9d040-a917-bccd-657f-2da715dce2a5,"Madden, Tyler",F,213,824.0,-1.1946887356363962,-1.880033425577497,-3.0747221612138933,-0.0144353153108633
f2e05df5-d44c-ae54-40b6-64ec7d896201,"Haman Aktell, Hardy",D,121,274.0,-0.3001778771066324,-1.456009052890801,-1.7561869299974333,-0.0145139415702267
2cb7c2e9-6da3-f835-9636-f6c67c6c362e,"Lajoie, Maxime",D,129,340.0,0.4753401077588288,-2.358160378609135,-1.882820270850306,-0.0145955059755837
604d9f76-2548-d1b7-d7db-bbeccf411412,"Walker, Nathan",LW,99,356.0,-2.812295677487022,1.3645118153761262,-1.4477838621108956,-0.0146240794152615
9cdb062f-6fc7-e205-1858-d4f6f32237a4,"Johansson, Albert",D,155,347.0,-0.3338546302109975,-1.934816590933501,-2.2686712211444986,-0.0146365885235128
d7316683-35a0-0b3d-fcba-5391daa9bf86,"Prow, Ethan",D,89,178.0,0.0844966236985392,-1.3874453515161111,-1.3029487278175718,-0.0146398733462648
07c7205f-b4bc-d542-bbf1-6d64f9ad841b,"Coe, Brandon",F,11,,-0.2956541904878261,0.1343603268265414,-0.1612938636612847,-0.0146630785146622
650d3032-1d13-5ad8-b295-80e86c324b0f,"Stillman, Chase",RW,11,,-0.2418463471975672,0.0805524835362812,-0.161293863661286,-0.0146630785146623
0ce6b03a-1c53-674c-856d-df3b6dbfd50d,"O'Reilly, Cal",C,270,1110.0,0.0465559497519722,-4.009146249830099,-3.962590300078127,-0.0146762603706597
66cb9389-fb62-0a30-a1e9-2be938f5ed7c,"Solovyov, Ilya",D,145,364.0,0.0096059600533615,-2.1384712578191483,-2.1288652977657865,-0.014681829639764
de965666-84cc-36f5-8129-ad04ec59d185,"Heineman, Emil",LW,150,534.0,-0.9391681789034526,-1.2643304307426162,-2.203498609646069,-0.0146899907309737
c2820307-4226-fef5-3594-74ac709a6b6c,"Tomasino, Philip",RW,81,309.0,-2.141494001312826,0.9493440667945996,-1.1921499345182265,-0.0147179004261509
00107e79-8a36-de05-69c7-86087051c558,"Lombardi, Amadeus",C,205,740.0,-1.2084598899297565,-1.827455281501814,-3.0359151714315704,-0.0148093422996661
ec1ce0f1-da94-b52d-8de7-fe60510f16bc,"Sjalin, Calle",D,86,237.0,-0.3103194746389134,-0.9659959785114476,-1.276315453150361,-0.0148408773622135
3558373a-9473-802d-31f9-667a44e97b57,"Scanlin, Brandon",D,134,267.0,-0.6128157852396058,-1.3849757711391577,-1.9977915563787632,-0.0149088922117818
b12fdd9e-316f-4faf-3cac-069ae626093c,"Kinnunen, Santtu",D,176,449.0,1.0763646177271708,-3.71698162538767,-2.6406170076604996,-0.0150035057253437
55083278-5797-8647-ed4f-5deab1f4fb43,"Barron, Justin",D,70,143.0,-0.3916033151443234,-0.6677305170501547,-1.0593338321944783,-0.0151333404599211
6619f4e6-237f-7851-e50f-2f41769d8604,"Belpedio, Louie",D,78,171.0,-0.267036813702758,-0.916730283817043,-1.1837670975198011,-0.0151765012502538
5ca139e0-c1ce-a588-4a40-483273d8754c,"Smith, Nathan",C,165,652.0,-1.2909560547597894,-1.2270773194685851,-2.5180333742283745,-0.0152608083286568
25e6444a-1fbe-66b1-5e10-17b5f0f84f9e,"Brown, Christopher",RW,3,13.0,-0.2259802886351262,0.1801073780671475,-0.0458729105679786,-0.0152909701893262
f7bf7586-8882-91c7-304d-4b970c52c9d5,"Larsson, Jacob",D,181,457.0,-1.0857853268537598,-1.700815543855699,-2.786600870709459,-0.0153955849210467
9c3292d5-92cc-3760-dada-631102753a82,"Poganski, Austin",RW,157,662.0,-1.4740669153119683,-0.9511607893030296,-2.4252277046149984,-0.0154473102204776
a4d2e13f-2638-0209-d549-144462a538a9,"Russo, Robbie",D,182,390.0,-1.423400978522834,-1.4211160741485456,-2.844517052671379,-0.0156292145751174
f9495ec1-9ceb-683b-3649-a79f99f3622d,"Perlini, Brendan",RW,135,510.0,-0.0152475926209019,-2.1018535585353573,-2.117101151156259,-0.0156822307493056
f6385516-0e06-82f5-5e29-9d38bdbb771a,"Blankenburg, Nick",D,53,145.0,-0.1425997305432075,-0.6903752588649632,-0.8329749894081707,-0.0157165092341164
d29ba519-c5d9-1220-eda7-e0ec41379e99,"Nikolayev, Ilya",F,87,312.0,-1.3916407841050142,0.0168123530940582,-1.374828431010956,-0.015802625643804
d1008d47-7d9a-b5ce-a5c4-11335e021805,"McKegg, Greg",F,176,637.0,0.2777856880911388,-3.0743958808157825,-2.7966101927246436,-0.0158898306404809
c904de64-762a-0721-4c8f-90dfc7fbf289,"Lucchini, Jake",C,143,582.0,-0.2283379199633628,-2.046612222926579,-2.274950142889942,-0.0159087422579716
5d869c26-9a71-e900-832f-2f3b45e7471c,"Lohrei, Mason",D,34,77.0,-0.1481446080651398,-0.3978193756062578,-0.5459639836713976,-0.0160577642256293
8eeee104-b93e-904a-fca1-953e9b5ecef8,"Krygier, Cole",D,112,239.0,-0.2818612134642921,-1.5411891000646631,-1.8230503135289553,-0.0162772349422228
92a1bf87-e138-f25a-ebab-c92e182b701e,"Pilon, Garrett",C,185,673.0,-2.7263247138331463,-0.3334018979939544,-3.059726611827101,-0.0165390627666329
967b2a1b-5b32-53aa-97e0-344f226f85dc,"Smejkal, Jiri",F,118,460.0,-0.444707276086332,-1.532041120879513,-1.976748396965845,-0.0167521050590325
c9060c85-0600-ed69-de2d-6aa7611fc7bc,"Gaunce, Brendan",C,109,440.0,-1.2503212580390033,-0.5892509225515041,-1.8395721805905072,-0.0168768089962431
8976400f-0b82-983e-4666-56338945a0fd,"Bisson, Tobie",D,12,,-0.137859996470429,-0.0657119112710093,-0.2035719077414383,-0.0169643256451198
5bd62585-fe76-88d0-45d7-8841bb9908ce,"McKeown, Roland",D,196,492.0,-0.8828826352587831,-2.4634925645623684,-3.3463751998211517,-0.0170733428562303
5bb494aa-a79b-c741-618c-a11e145668e0,"Cecconi, Joseph",D,96,207.0,-0.948853387530712,-0.6914626910618702,-1.640316078592582,-0.0170866258186727
7e3477b8-f45a-94a8-5f27-568c76857979,"Twarynski, Carsen",LW,61,213.0,-0.8125415152235995,-0.2298304255414284,-1.042371940765028,-0.0170880646027053
623d5826-500c-1a77-1262-248a6f10c0f5,"Hoefenmayer, Noel",D,114,271.0,0.3584722659123882,-2.3084177639642904,-1.9499454980519024,-0.0171047850706307
8f7c6f8d-3bdb-a0bb-1ec6-89d287eacff5,"Lambert, Brad",F,244,1024.0,-3.2691022020848006,-0.9421975885384404,-4.211299790623241,-0.0172594253714067
a4295efe-fc21-2338-bbe4-dced606dadca,"Wallinder, William",D,159,326.0,-0.5519958711369296,-2.2086539901980573,-2.760649861334987,-0.0173625777442452
75fce25f-ab8f-4f02-2e5e-41faf5ad62ef,"Wouters, Chase",C,226,978.0,-1.2205409136619438,-2.7098311537844633,-3.930372067446407,-0.0173910268471079
6c3c93f5-8e6b-ecc2-be4b-8d7a1788438f,"Kalynuk, Wyatt",D,170,395.0,-1.4713245753526227,-1.4883459504723755,-2.9596705258249982,-0.0174098266224999
0fb7c364-441d-653d-bab6-b5081b90ce08,"Peterson, Jacob",C,73,275.0,-1.614380051797137,0.3423627717689821,-1.2720172800281548,-0.017424894246961
e0dac365-8533-2a57-86d0-8b89b436e72b,"Stastney, Spencer",D,85,236.0,-1.183202297059941,-0.3098754348362033,-1.493077731896144,-0.0175656203752487
f4273f89-7803-88f9-bdc0-01625b90fc63,"Holmberg, Pontus",RW,30,111.0,-0.7780027141306017,0.2505459759734357,-0.527456738157166,-0.0175818912719055
a2931977-2953-a366-84f6-402e39590fc9,"Melnick, Josh",C,171,643.0,-3.64181874614487,0.6217818246430405,-3.0200369215018297,-0.0176610346286656
a642a014-b17e-3674-5214-a0c41b7836ba,"Mayhew, Gerald",C,219,826.0,0.903092791332976,-4.786444067427107,-3.883351276094131,-0.0177321976077357
5f892ad5-e130-bc2e-c361-f6cfbd6bd692,"Malatesta, James",LW,122,527.0,-1.1151081502993487,-1.0493416982782724,-2.164449848577621,-0.0177413922014559
15f4d004-953c-10f0-c9f3-d5e55866559b,"Pederson, Lane",C,187,682.0,-1.3361054775045609,-1.9865519251552672,-3.322657402659828,-0.017768221404598
1ec06797-c8bc-e24a-19ff-cf29896403c7,"Studnicka, Jack",F,118,505.0,-0.3010950393195395,-1.860151058991599,-2.1612460983111386,-0.0183156449009418
cb92f717-6ee3-40c7-6ac2-daeb4eb54954,"Bains, Arshdeep",LW,229,902.0,-0.2592449516020331,-3.938453909244664,-4.197698860846697,-0.0183305627111209
1651abe9-2976-0545-0d54-345324506c9f,"Johnson, Ryan",D,63,127.0,-0.3959915900317858,-0.7740819125656859,-1.1700735025974718,-0.0185725952793249
71eb162b-840b-6a04-acbb-8d076fc857d1,"Warren, Brendan",LW,46,150.0,-0.3530958034228778,-0.50228392176276,-0.8553797251856379,-0.018595211417079
9b73814b-a50e-958a-a5e4-15cf0373d762,"Parssinen, Juuso",C,115,449.0,-0.085305978998575,-2.054401577073418,-2.139707556071993,-0.0186061526614955
db07a598-848d-2552-6cca-9e1ecaa9fd45,"Kent Elson, Turner",F,135,520.0,-1.5902154616338502,-0.9295243621543712,-2.519739823788221,-0.0186647394354683
4152b475-2bfd-8f22-09a7-f721c76d1a90,"Poulin, Samuel",C,72,269.0,-0.9156909058712628,-0.4335347921738063,-1.3492256980450692,-0.0187392458061815
5371f79b-fb56-50aa-237a-c28b6dbbd831,"Mendel, Griffin",D,89,182.0,-0.220462512567241,-1.4482525095751653,-1.6687150221424063,-0.0187496069903641
ebf31f99-7cf9-b77d-1a16-1da7f96aed4c,"Halonen, Brian",F,146,539.0,-4.446956981611399,1.6909680194534482,-2.755988962157951,-0.0188766367271092
7e254e63-e8be-d9ca-6ad5-d6c350f4b59b,"Koch, Patrik",D,145,321.0,-0.7334871076683003,-2.023552201492106,-2.7570393091604064,-0.0190140642011062
4d495b06-e706-89e3-59ae-b670e6ace70f,"Koch, Davis",F,20,59.0,-0.322050812688275,-0.0598964188653596,-0.3819472315536346,-0.0190973615776817
ee8879eb-2f2a-d7c5-6173-cb7eb3ffa0c5,"Betts, Kyle",C,8,,-0.2620481517115967,0.1083798872306768,-0.1536682644809198,-0.0192085330601149
e65ca9b5-c8df-ffbc-89b2-817c38cf0efc,"Nielsen, Tristen",LW,4,,-0.1416734849077801,0.0648393526673188,-0.0768341322404612,-0.0192085330601153
60c20331-7db0-a69c-c669-703d1c502f16,"Pulli, Valtteri",D,4,,-0.1621583309930854,0.0853241987526241,-0.0768341322404613,-0.0192085330601153
fed895a2-f838-f5cc-d4a6-a4306ab324de,"Mast, Ryan",D,8,,-0.1589907402122944,0.0053224757313717,-0.1536682644809227,-0.0192085330601153
7d94bd1c-7703-09e0-71ad-e2955531637d,"Pettersson, Oskar",RW,4,,-0.0630154778224731,-0.0138186544179892,-0.0768341322404623,-0.0192085330601155
e577030c-2678-b003-ed0e-fc2d1c78433c,"Malmstrom, Anton",D,4,,-0.0119189945024858,-0.0649151377379765,-0.0768341322404624,-0.0192085330601156
2010c6f4-efe7-aef5-4f06-d4d161d98298,"MacEachern, Connor",C,8,,-0.0615483285809706,-0.0921199358999559,-0.1536682644809265,-0.0192085330601158
ceb902b0-32d0-36e3-14ef-891ac5662cce,"Vilen, Topias",D,12,,-0.3074691892526821,0.0769667925312918,-0.2305023967213902,-0.0192085330601158
8435853c-7f48-63ac-af7e-286d5f753405,"Gagnier, Ryan",C,8,,-0.1652907388235066,0.0116224743425596,-0.1536682644809469,-0.0192085330601183
8d839886-a557-ba77-cbae-bc2af117408e,"Teasdale, Joel",LW,229,913.0,0.250302471908391,-4.692449750809096,-4.442147278900705,-0.0193980230519681
8bf524f6-7499-1f04-dd8e-e7e80934fb0f,"Kuntar, Trevor",LW,181,706.0,-1.5504151629605278,-1.9820984759752929,-3.5325136389358205,-0.0195166499388719
e5676b25-a8f8-2cb6-6c4b-c0a127f7d5a6,"Niemelainen, Markus",D,62,144.0,0.977644427301994,-2.199760457491535,-1.2221160301895408,-0.0197115488740248
e4f4914a-cdb7-1be0-bfb6-d756aa6b7b8d,"Johansson, Simon",D,170,350.0,-0.4249098186521574,-2.9365467095387094,-3.361456528190867,-0.0197732736952403
a7b49f9f-e2f6-f3c2-9e38-58a8cafb36e2,"Afanasyev, Egor",LW,211,808.0,-1.1476229116943066,-3.031698071196552,-4.179320982890859,-0.0198072084497197
404acd2e-e1d1-ca7b-0a92-cd6563e260db,"Moverare, Jacob",D,107,305.0,0.693848995303137,-2.8393574894590787,-2.1455084941559415,-0.0200514812537938
355acc16-c566-85e1-999f-aebfac4b68eb,"Wotherspoon, Tyler",D,180,489.0,-2.893639824030694,-0.7631328692659173,-3.6567726932966114,-0.0203154038516478
251a2f59-76d1-290c-b7a1-729a090a8aaf,"Donovan, Matt",D,146,301.0,-1.5536624735243263,-1.4165986292936763,-2.970261102818003,-0.0203442541288904
5d88c997-487b-2fcb-c49f-64757c86548e,"Dries, Sheldon",C,222,852.0,-1.5560461291014318,-2.9633279796123877,-4.519374108713819,-0.0203575410302424
ce2b247b-205a-e275-79bc-893e80beb087,"Lilleberg, Emil",D,85,172.0,-0.8540288368204586,-0.9353379085112212,-1.7893667453316795,-0.0210513734744903
bc6177f1-4c3d-37fa-47dd-452cfcc446d1,"Merkulov, Georgi",LW,182,727.0,-1.1873992959969562,-2.658699378661824,-3.84609867465878,-0.0211324103003229
3a14b096-ab58-d9b4-31a1-4431e06e9893,"Del Gaizo, Marc",D,174,494.0,0.0438857444119736,-3.7332985566778336,-3.68941281226586,-0.0212035219095739
eeab9820-8fb9-1fe7-a710-54c9e7a4e778,"Chisholm, Declan",D,29,91.0,-0.2961001096436216,-0.334153466851891,-0.6302535764955126,-0.0217328819481211
dc5a9c10-c8d3-52bc-fd80-b7186f383b34,"McKown, Hunter",C,136,602.0,-0.275616811888044,-2.708401035204536,-2.98401784709258,-0.0219413076992101
015f554a-21c0-99bc-0a31-a176810b40c6,"Shine, Dominik",RW,208,774.0,-3.762413089873723,-0.819539922164303,-4.581953012038026,-0.0220286202501828
19c643ff-fb68-0999-d76d-840158053e4a,"Doty, Jacob",F,111,400.0,0.1165722251723227,-2.5831684682088727,-2.46659624303655,-0.022221587775104
47e6d280-b60f-6e84-96d8-a374b5a662a6,"Norlinder, Mattias",D,102,243.0,-0.2650686614580347,-2.022956930553654,-2.2880255920116888,-0.0224316234510949
4a0e87a5-8802-a049-3d39-4dcf34e5a10c,"Johansen, Lucas",D,62,143.0,0.6583048258326044,-2.055456014090194,-1.3971511882575895,-0.0225346965847998
4ef5382c-6459-519f-de86-96aa6ab54c2e,"Welinski, Andy",D,73,142.0,-0.0815787287597594,-1.5846698475967356,-1.666248576356495,-0.0228253229637876
d6cacecd-ace5-db8f-d62d-72f51f65b089,"Swaney, Nick",RW,34,126.0,-0.0796268034528342,-0.6969885770286074,-0.7766153804814416,-0.0228416288376894
bba30af5-560c-b50d-0be3-319e7be45c4d,"Nash, Riley",F,143,553.0,-1.818992419449085,-1.4533178936683455,-3.2723103131174307,-0.022883288902919
74b34051-a8e4-0c93-c92e-e234ad2695de,"Schmelzer, Ryan",C,13,,-0.3197404360550542,0.0200295062735579,-0.2997109297814962,-0.0230546869062689
b1af8af7-bec4-8140-315c-a328ad668097,"Livingstone, Jake",D,175,407.0,-1.640210489356224,-2.3976537676680763,-4.0378642570243,-0.0230735100401388
0f6b8de7-1366-c197-e438-c2cb772c1f3e,"Johnstone, Marc",RW,85,340.0,-1.3054163863035273,-0.6667899895085495,-1.972206375812077,-0.0232024279507303
6b0f2df7-0388-ee09-48c1-f95dbaef41b2,"Prapavessis, Michael",D,10,13.0,-0.0045276516158039,-0.2295773923333237,-0.2341050439491276,-0.0234105043949127
daa52256-1dc6-fde2-afc0-7599fd3359eb,"Hanas, Cross",F,4,,-0.2503218330707192,0.1561855675652309,-0.0941362655054883,-0.023534066376372
38337d0c-d847-3281-c6cd-ee7361785511,"Hicketts, Joe",D,33,70.0,-0.4919526063036458,-0.2860611093224203,-0.7780137156260662,-0.0235761732007898
3f6ad3c6-b702-04a6-5fc9-ffe9845026b1,"Simoneau, Xavier",C,81,286.0,-1.7578566152443305,-0.1644886525734056,-1.922345267817736,-0.0237326576273794
be354b10-f08f-a5cc-f750-17e7354be6d4,"Pitlick, Tyler",F,51,183.0,1.0884575798227591,-2.3434947093590717,-1.2550371295363123,-0.0246085711673786
d8fed174-fcfd-8e02-be75-ae2b239ab2cd,"Green, Alex",D,86,178.0,-0.6371761120524031,-1.4799420580507836,-2.1171181701031867,-0.0246176531407347
38c336f8-97da-9f14-d503-e14a767e995e,"Forbort, Derek",D,14,41.0,-0.2700896938616174,-0.0754663138132251,-0.3455560076748425,-0.0246825719767744
ae3c26e4-6536-f078-6e78-8ca2db85def8,"Conacher, Cory",RW,158,604.0,-1.98020251271307,-1.922221561758116,-3.9024240744711856,-0.0246988865472859
3e10ec46-6aa6-2444-d4b2-c9c1fde3004e,"Hayes, Avery",RW,87,346.0,-1.26309192599217,-0.8869018848122412,-2.149993810804411,-0.0247125725379817
1feafb05-4f4a-c6c6-b5e0-371af3fc21ff,"Myatovic, Nico",LW,9,,-0.3208743528639551,0.0979975553229255,-0.2228767975410296,-0.0247640886156699
98965e88-1cad-c56a-4b3e-ee71b2b79b90,"Harrison, Brett",RW,9,,-0.1575717018162805,-0.0653050957247497,-0.2228767975410302,-0.02476408861567
5d6f0db2-b383-c7d8-7c92-f7065bebe70a,"Marek, Bradley",F,9,,-0.0832537568351393,-0.1396230407058926,-0.222876797541032,-0.0247640886156702
e2e9d274-2a93-02e4-c3ce-b61e1a6e6599,"Kyrou, Christian",D,9,,-0.2419475100179961,0.0190707124769627,-0.2228767975410333,-0.0247640886156703
0f5d506b-581b-3d01-5aaf-a5b5d36bdfab,"Rosen, Calle",D,184,428.0,-2.0118282394123828,-2.55809591010862,-4.569924149521002,-0.024836544290875
62d071bf-6133-a7ae-90ad-66b34dc7b39c,"Lundmark, Simon",D,192,464.0,-1.460128446042155,-3.333883605869065,-4.79401205191122,-0.0249688127703709
f1937835-c76d-d8c7-30ed-20c1c5ef0297,"Stephens, Devante",D,119,220.0,-0.7027396097921231,-2.2756386989659596,-2.978378308758083,-0.0250283891492275
cd5a8c34-6586-e86b-765b-2dff9f65c51d,"Andrae, Emil",D,147,372.0,-1.193744427590382,-2.497351275740457,-3.6910957033308383,-0.0251094945804818
6478e1ee-af93-5c31-b87a-97218a8236b2,"Wolff, Nick",D,78,161.0,0.1530839491562401,-2.117025102277359,-1.9639411531211188,-0.025178732732322
705342fb-5233-cb03-d7e0-2823602d0ca7,"Jenkins, Blade",F,35,130.0,-0.5888500266244937,-0.296548617256838,-0.8853986438813317,-0.0252971041108951
8127c1a5-26ad-e502-64ef-c7ff9b63667f,"Foote, Cal",D,72,174.0,-0.1335439919415524,-1.7150641114857117,-1.848608103427264,-0.0256751125476008
356d4cb6-7726-b23f-7070-1e5eaf602524,"Saarela, Antti",LW,71,313.0,-1.4449850768175487,-0.3812290386837134,-1.826214115501262,-0.0257213255704403
8d804f94-929c-61f0-d793-406c27b0f3f5,"Johansson, Filip",D,184,448.0,-1.8565373170212645,-2.9867721466923016,-4.843309463713566,-0.0263223340419215
68d2ade0-47ab-96bb-f22e-8f98b3aeb212,"Klimovich, Danila",RW,39,165.0,-0.8606378990318012,-0.1720835109435758,-1.032721409975377,-0.0264800361532147
79afc51c-33ef-42b7-d824-12c175fedd9b,"Farrance, David",D,5,9.0,-0.0339380608938746,-0.1005919160783769,-0.1345299769722516,-0.0269059953944503
4b99d7b8-d6b5-992f-cfee-3024717ea00e,"Polin, Jason",F,94,373.0,-0.3235911153441015,-2.231014417477881,-2.5546055328219825,-0.0271766546044891
672ffc35-8e85-ea3b-657e-edb622ab1ab6,"Kemp, Phil",D,134,297.0,-0.7238773404404756,-2.9255989031208043,-3.64947624356128,-0.0272348973400095
a0ee2ae4-f345-5203-c3b7-60b728f5f7fb,"Bichsel, Lian",D,37,58.0,-0.5353591574327117,-0.4789257035277407,-1.0142848609604525,-0.0274131043502824
fd505638-2f70-f361-176c-a6c89bd97850,"Iorio, Vincent",D,163,368.0,-0.6259180651672182,-3.89923121421062,-4.525149279377838,-0.0277616520207229
718d4ab2-3efc-3646-2586-f9bf06d844e8,"Hagg, Robert",D,97,234.0,-0.6614768861650318,-2.0625222833537986,-2.72399916951883,-0.0280824656651425
5833dbf2-d4d6-e001-2cd5-74d2a3bac7c2,"Boucher, Matthew",LW,34,128.0,-0.6915084517878157,-0.2652267860138053,-0.9567352378016212,-0.0281392717000476
def7057c-c63b-ba5b-6622-d71d6a64838f,"Strand, Austin",D,132,306.0,0.068414849500691,-3.790712757932816,-3.7222979084321257,-0.0281992265790312
a811daaa-9356-2318-9e10-11e1e2dea90f,"Gaunce, Cameron",D,95,260.0,-1.337841634198047,-1.3677291351927954,-2.7055707693908424,-0.0284796923093772
ee172400-aed4-5013-4ad3-4a4798d72b3e,"Tynan, TJ",F,223,827.0,-4.422734756751708,-1.9444270550635243,-6.367161811815232,-0.0285522951202476
018b6c78-d796-f123-d662-5ca0a63393f1,"Aspirot, Jonathan",D,139,366.0,0.0505952909032535,-4.10135217223194,-4.050756881328686,-0.029142135836897
b1d28ddf-4bc2-2b56-a1c2-123e233a2f2f,"Loewen, Jermaine",LW,39,184.0,-0.0890007530393208,-1.0479275748102803,-1.1369283278496012,-0.0291520084064
5c67bc38-5487-75fa-57e0-2d6811c164b6,"Galipeau, Olivier",D,102,210.0,0.4380165333996228,-3.4136925037432517,-2.975675970343629,-0.0291732938268983
79bc71d8-67c6-ad0c-a7ff-56571d3a5536,"Dornbach, Casey",C,5,,-0.0382426412977987,-0.1078000240027672,-0.146042665300566,-0.0292085330601132
fea18a05-3370-0f25-8fbb-927342eeefcb,"Boudon, Louis",C,5,,-0.0382426412977987,-0.1078000240027672,-0.146042665300566,-0.0292085330601132
16966ad3-18c0-6ab1-74af-20bb514ab15a,"Okabe, Zach",C,5,,-0.1929457063056919,0.0469030410051253,-0.1460426653005665,-0.0292085330601133
0e54465c-5689-124b-2815-81c899f63dc0,"Ward, Taylor",F,5,,-0.1599055538155597,0.0138628885149927,-0.1460426653005669,-0.0292085330601133
fc2945e6-a58c-9d0f-68f1-2fdcd3a205c4,"Avon, J.R.",F,5,,-0.1528765317254245,0.0068338664248574,-0.1460426653005671,-0.0292085330601134
161faf4c-eaf1-dc63-a4ce-ea46a1363512,"Frisch, Ethan",D,10,,-0.2833710965172444,-0.0087142340838939,-0.2920853306011383,-0.0292085330601138
6d2da62b-0ab1-541a-7398-f2997a37927c,"Kidney, Riley",F,10,,-0.1999615732983909,-0.0921237573027499,-0.2920853306011408,-0.029208533060114
a792d2b1-ce98-c030-e583-39536e721171,"Clarke, Graeme",F,240,954.0,-3.405076409372342,-3.6061991490599303,-7.011275558432272,-0.0292136481601344
6379a6a3-1514-33bc-effa-81a9344f2d13,"Barteaux, Dawson",D,160,362.0,-0.4914280066104856,-4.262940124948203,-4.754368131558689,-0.0297148008222418
e9ef1506-4a97-1586-e7b4-a1dfbec02e4e,"Fix-Wolansky, Trey",RW,110,405.0,-2.331424337247402,-0.9610827671860996,-3.2925071044335015,-0.0299318827675772
bce6bdea-4c8a-8917-a11b-59ecf9c30b51,"Gardner, Rhett",F,154,563.0,-3.186546429965283,-1.445627877327066,-4.632174307292349,-0.0300790539434568
b515a4d8-b6ba-5e9c-808c-3ab9484fcd14,"Zellweger, Olen",D,116,291.0,-0.0050142580318932,-3.5257929519275137,-3.530807209959407,-0.0304379931893052
6c770e87-d5d7-763f-0cca-765dbe76e8ef,"Brodzinski, Jonny",C,37,143.0,-0.584815753222589,-0.5461462198412161,-1.1309619730638052,-0.0305665398125352
1f87233d-cd1d-1ebf-d866-e777d5b45092,"Edstrom, Adam",C,137,541.0,-1.4898624800085931,-2.72344170112439,-4.213304181132983,-0.030754045117759
b2f264ba-1fa2-c297-2cf2-a5109e7b99d9,"Reinhardt, Cole",LW,164,681.0,-2.4557495626182666,-2.606331313366253,-5.0620808759845195,-0.0308663468047836
bf2ac865-06ab-adb3-95eb-a4d80117aee8,"Schuldt, Jimmy",D,146,380.0,-0.6090568917381012,-3.9215881899330327,-4.530645081671134,-0.0310318156278844
df3c2b16-0554-1f80-bea5-3560b9b6a998,"Woo, Jett",D,177,433.0,-0.8202629972511138,-4.7219926003979475,-5.542255597649062,-0.0313121785177913
3c2ab360-a121-0ed0-f646-981b7b371eda,"Gleason, Benjamin",D,140,275.0,-0.535712138834838,-3.8945457902862577,-4.430257929121096,-0.0316446994937221
ed669304-9d26-cfe7-8e5c-4bb862411534,"Ginning, Adam",D,162,328.0,-1.2063443116220265,-3.960123133765728,-5.166467445387754,-0.0318917743542453
3cfc8139-e81a-8949-e3fc-0a6728b63ab3,"Washkurak, Keean",LW,171,687.0,-0.1839669700040238,-5.274768450613892,-5.4587354206179155,-0.0319224293603386
cbbf55f5-9496-ac26-5465-bc1dd9bc474f,"Kleven, Tyler",D,123,353.0,-0.6528673396181883,-3.27703819643602,-3.929905536054208,-0.0319504515126358
0fec22fb-1012-3b71-e15a-fa49606b54ed,"Hunt, Dryden",LW,55,186.0,-0.3059196458945907,-1.469254105247758,-1.7751737511423489,-0.0322758863844063
af6ab9b3-a019-9b82-fa37-120d97e9f0b6,"Coronato, Matthew",RW,118,467.0,-1.381204445949489,-2.432486630803996,-3.813691076753485,-0.0323194159046905
872a2e24-f29e-382f-318f-5516c7bf0e75,"Grans, Helge",D,5,,-0.1676013454354666,0.0042565468698733,-0.1633447985655932,-0.0326689597131186
54ad8812-393e-5ec6-9bf7-c683bb59ab88,"Vukojevic, Michael",D,132,362.0,-0.950017251981419,-3.402598757878414,-4.352616009859833,-0.0329743637110593
1f7d541e-c817-b5ca-47db-11dc426dc74f,"Fleury, Haydn",D,2,5.0,0.1687798600295481,-0.2352854397855543,-0.0665055797560062,-0.0332527898780031
e1386a3b-c1fb-9641-bb06-7ba06bb4d88c,"Caggiula, Drake",LW,107,390.0,-0.7163677895020322,-2.8602120091452345,-3.5765797986472667,-0.0334259794266099
7bb84983-aea1-e050-01cb-3b9caba8dea9,"Cicek, Nick",D,231,574.0,-1.1724897442644278,-6.571330886384244,-7.743820630648671,-0.0335230330331111
5e97725c-294e-9f96-1be5-1960f6b93d17,"Gallant, Alex",LW,122,452.0,0.6154257732695007,-4.757826681481818,-4.142400908212317,-0.0339541058050189
62d8d552-b95a-dea2-1bdd-bb508f1d8a81,"Fitzgerald, Cavan",D,116,219.0,-2.4209111093817253,-1.5502058461726775,-3.971116955554403,-0.0342337668582276
969d3085-fa53-17ab-7c5f-74979791c28c,"Maltsev, Mikhail",F,87,302.0,-3.0184713212523353,-0.0115812411568468,-3.0300525624091823,-0.0348281903725193
a5a0b510-df00-f72a-f892-86dc36da148c,"Clayton, Cole",D,17,,-0.5918377304865807,-0.0020094648003641,-0.5938471952869449,-0.0349321879580555
7779d05b-bf33-9acd-a1a5-bb2e852f4a3f,"Fensore, Domenick",D,57,132.0,-0.5501617354511842,-1.479228133921776,-2.0293898693729604,-0.0356033310416308
78f83485-b2fd-78da-b419-b007bedcb832,"Lambos, Carson",D,6,,-0.2159164346251395,0.0006652362644693,-0.2152511983606702,-0.0358751997267783
676fc7af-7d2a-e37a-3a5d-91082b375e1b,"Oligny, Jimmy",D,6,,-0.0535611206162803,-0.1616900777443916,-0.215251198360672,-0.0358751997267786
1cd5766e-7d47-c25c-1803-8237c6d850a4,"Roe, Garrett",C,6,,-0.1273522547874553,-0.0878989435732175,-0.2152511983606728,-0.0358751997267788
d49cdcaf-2064-d35c-0aff-7d8aa8e3be32,"Spacek, David",D,6,,-0.2519707068297703,0.0367195084690972,-0.215251198360673,-0.0358751997267788
e7ecd0e7-37ac-d982-a6e8-d5c883e4869f,"Nelson, Jaxon",F,6,,-0.0493206852544195,-0.1659305131062537,-0.2152511983606733,-0.0358751997267788
fb7c222c-ebe7-4beb-3638-c0b60a15a0fd,"Chartier, Rourke",F,50,204.0,-0.5334622353583314,-1.2710375976163846,-1.804499832974716,-0.0360899966594943
27588d0d-69a7-2290-9289-ec66dce9bd74,"Miromanov, Daniil",D,17,44.0,-0.2356668150089686,-0.3792876242908746,-0.6149544392998433,-0.0361737905470496
facc5b54-f018-45c4-6044-abe2eba5d33a,"Ponomarev, Vasiliy",C,116,443.0,-2.4930767420596984,-1.737935503203205,-4.231012245262903,-0.0364742434936457
7ded16cf-d2c8-7e4b-a0b6-edfdcf61afd0,"Friedman, Mark",D,34,63.0,0.1771800536802901,-1.4219816951715205,-1.2448016414912304,-0.0366118129850361
a5d99bd5-04ad-cc18-c4b4-2e2ac07cd3e5,"Chinakhov, Yegor",RW,15,61.0,-0.3807786714685637,-0.1820077882779596,-0.5627864597465233,-0.0375190973164348
7a3d5183-f0ac-85b6-bc44-69b7a3dd6d6d,"Bourgault, Xavier",RW,13,,-0.4008110016673277,-0.1008063279092167,-0.5016173295765445,-0.0385859484289649
35a0035c-20e4-aa72-6d80-3910349c04b0,"Reichel, Lukas",LW,12,41.0,0.1098627452361105,-0.5813817421127927,-0.4715189968766821,-0.0392932497397235
647565e5-1012-bd7f-f56f-3fc756a2ad52,"Millman, Mason",D,42,77.0,-0.6659898285620729,-1.0075873037651664,-1.6735771323272393,-0.0398470745792199
0f019453-f052-7bc8-02ed-1016fda53512,"Harpur, Ben",D,10,22.0,-0.1024622041165429,-0.2988845735891298,-0.4013467777056728,-0.0401346777705672
b8906cf1-9e34-5011-6bc4-1b7f5edaf259,"Raska, Adam",F,116,451.0,-2.6119079975838773,-2.1224484082656763,-4.734356405849553,-0.0408134172918064
6eb43e9b-bd2f-9c8c-d063-d60cbb31c2a4,"Gurianov, Denis",F,63,242.0,-2.410521172063679,-0.1665263107610067,-2.5770474828246863,-0.0409055156003918
e18b4827-dcbd-4cb7-b666-8529df7441bc,"Polei, Evan",LW,69,268.0,0.4046036184899811,-3.2719421894314022,-2.867338570941421,-0.0415556314629191
06aa1b16-e3ee-cce4-0a42-b0f70600c477,"Laberge, Samuel",LW,164,666.0,-3.017828998671507,-3.859787462759832,-6.877616461431339,-0.0419366857404349
ab2f8c0e-cfd3-c0ac-74f5-8164c48764b2,"Hodgson, Hayden",RW,107,394.0,-0.6566800107529469,-3.8775513543469984,-4.534231365099945,-0.0423759940663546
e53cf55d-c979-8258-a096-359968afcde6,"McCarthy, Case",D,6,14.0,-0.0651927696296646,-0.1912561667837931,-0.2564489364134578,-0.0427414894022429
560305e9-f7d6-b751-862e-546122ac7e55,"Bavaro, Drew",D,7,,-0.1194749096421676,-0.1822869550436353,-0.301761864685803,-0.0431088378122575
8914c0ab-0284-2834-0482-78314b2008bd,"Duran, Riley",F,7,,0.0681848848224991,-0.3699467495083057,-0.3017618646858065,-0.043108837812258
d5cbd975-fd60-baee-98cf-7ef20bd4859f,"Gauthier, Julien",RW,64,213.0,-1.0513244805798516,-1.7325543353681525,-2.783878815948004,-0.0434981064991875
40b0831f-a686-8996-c0d1-ffbaf8b68616,"Carlile, Declan",D,139,230.0,-0.723253932118717,-5.342929396684266,-6.066183328802983,-0.0436416066820358
531dd357-139b-1c75-674c-f969c000c7ae,"Zboril, Jakub",D,140,316.0,-1.1289180521585838,-5.1329147136480895,-6.261832765806673,-0.044727376898619
c56cc222-6863-5331-3f3b-fdf23e0e6a8b,"Bernard, Xavier",D,3,2.0,0.010576082074471,-0.1452953511178467,-0.1347192690433757,-0.0449064230144585
b4bdcf7d-af7f-59d1-384b-4f207395ee19,"Brink, Bobby",RW,19,65.0,-0.0573489613192471,-0.7984200534347357,-0.8557690147539828,-0.0450404744607359
f01abcfa-44e5-5d4c-df7c-876f3b8011d1,"Bordeleau, Thomas",F,103,386.0,-1.7436344119441185,-2.939583601285366,-4.683218013229485,-0.0454681360507717
800573f9-983d-f26c-6768-3c97219f0f85,"Allan, Nolan",D,8,,-0.224286549918933,-0.1428228698670534,-0.3671094197859865,-0.0458886774732483
c189c220-2085-6731-4cab-1c94102e687e,"Aman, Nils",C,41,173.0,-0.9756663166745808,-0.9081711333329,-1.8838374500074808,-0.0459472548782312
7ff9ba0c-7a28-4512-c9e5-a10afc5bbd83,"Bellerive, Jordy",RW,150,579.0,-4.2405112322938106,-2.7167968060895005,-6.957308038383311,-0.046382053589222
d11d3df7-7ef8-fb46-8220-3f5604bec3b8,"Robinson, Eric",LW,39,133.0,-1.0193293879033885,-0.7910302601218575,-1.810359648025246,-0.0464194781544934
e01e67b9-2150-d1a5-ad6e-0588b64a281c,"Lee, Andre",F,122,455.0,-1.1550639095977293,-4.559752434904543,-5.714816344502273,-0.0468427569221497
f689ab68-ff09-c472-b41e-9fe5260553a8,"Imama, Bokondji",LW,128,523.0,-2.6383952920037026,-3.357774699207791,-5.996169991211493,-0.0468450780563397
88947b55-b654-777f-1975-626f9ea28095,"Bezeau, Riley",F,9,,-0.2564416662966606,-0.1664351312443313,-0.4228767975409919,-0.0469863108378879
d7e15544-a382-b7ae-d2ed-7fcff5f65212,"Digiacinto, Cristiano",F,20,51.0,-0.5185044266968478,-0.4258646211407878,-0.9443690478376356,-0.0472184523918817
3728a22e-e32e-cf71-be16-1a6317838f86,"Doucet, Alexandre",LW,30,123.0,0.0438265121439615,-1.4616774137044108,-1.4178509015604492,-0.0472616967186816
4a958778-ad3e-a99e-3fd3-f9d53cc6e145,"Megna, Jaycob",D,7,13.0,-0.1115071922842129,-0.2273963303930217,-0.3389035226772347,-0.0484147889538906
de15bfab-6926-999d-bbe8-641620573a47,"Mysak, Jan",C,19,,-0.5468683575218216,-0.3853959038852944,-0.932264261407116,-0.0490665400740587
ce8efa65-92ac-016a-bc78-8cb03af0c2f4,"Struble, Jayden",D,14,31.0,0.2535145032401232,-0.9605955668866426,-0.7070810636465193,-0.0505057902604656
cfba3301-eead-3014-a5aa-d4daa9cf5d3b,"Cajkovic, Maxim",F,22,90.0,0.4004827735225427,-1.5201514046865394,-1.1196686311639967,-0.0508940286892725
805e3414-06c4-31b9-75fc-b1ca4a97ae2c,"Peters, Alexander",D,99,204.0,-0.0801228731600285,-5.020072660251116,-5.100195533411145,-0.0515171266001125
4784e648-7a45-84cb-e5d5-3e5a6ba04f7c,"Aube-Kubel, Nicolas",RW,17,74.0,0.2286857077869055,-1.1047358186846774,-0.8760501108977718,-0.0515323594645748
8200c442-154b-1e44-603c-432165892a57,"Shore, Devin",F,43,169.0,-1.1767253131322688,-1.0863540859474183,-2.263079399079687,-0.0526297534669694
de69fd7b-5c3f-76c2-b9c9-7e39a9e9b91d,"Fritz, Tanner",C,42,150.0,-1.86787978818995,-0.4920432174678239,-2.359923005657774,-0.0561886429918517
a6f50fe5-0f96-77e5-dbe3-3ce072fdee4d,"Bolduc, Samuel",D,3,5.0,-0.082423473354015,-0.0879196725694711,-0.1703431459234862,-0.056781048641162
b4a5f3d7-6dcc-ddb1-2e99-6d4e41755f66,"Colangelo, Sam",RW,11,47.0,-0.4230713323739734,-0.218921946147973,-0.6419932785219464,-0.0583630253201769
d2958a70-f21e-b550-6791-91289dab5521,"Kupari, Rasmus",C,3,19.0,0.0259499558618085,-0.2018410672189932,-0.1758911113571846,-0.0586303704523948
728870e3-f628-bce2-5544-711d35c037ca,"Gagner, Sam",RW,42,161.0,-0.7714565658951852,-1.9593784304303008,-2.730834996325486,-0.0650198808648925
2bec3022-ce25-5cb9-9996-4796faed73a3,"Harris, Brendan",C,1,,-0.0147213523502773,-0.0544871807098246,-0.069208533060102,-0.069208533060102
22faa189-5dea-eb18-37e3-b362e5909e09,"Hanzel, Jeremy",D,2,,-0.0520391473999826,-0.086377918720225,-0.1384170661202076,-0.0692085330601038
21cf1d66-d9b8-9cc2-30ea-89b85f72ad81,"Ufko, Ryan",D,3,,-0.0667604997502599,-0.1408650994300529,-0.2076255991803129,-0.0692085330601043
b8455924-5254-86eb-23ef-ff5636bcaa43,"Perrott, Andrew",D,4,,-0.0313839216691818,-0.245450210571236,-0.2768341322404178,-0.0692085330601044
e8c906a5-ad53-39cf-455e-9abd2e047646,"Yoon, Bryan",D,1,,-0.058899254840169,-0.0103092782199354,-0.0692085330601044,-0.0692085330601044
1c1f6b61-7245-c44d-eda9-90793130dfa5,"Spezia, Tyler",RW,2,,-0.0489241140416479,-0.0894929520785609,-0.1384170661202089,-0.0692085330601044
d89d0b83-74d0-635a-3d52-c1d5760f33f2,"Sawchuk, Riley",F,2,,-0.048924114041648,-0.0894929520785609,-0.1384170661202089,-0.0692085330601044
6578b042-673a-e73c-1592-4683af466291,"Davidson, Jared",F,2,,-0.0573713133564779,-0.0810457527637318,-0.1384170661202098,-0.0692085330601049
0582fe49-f4f6-218b-4da2-55131a99a890,"Tuch, Luke",LW,2,,-0.0267870257130521,-0.1116300404071578,-0.1384170661202099,-0.0692085330601049
0e48d7ab-436f-db69-ff28-bffca486cb7c,"Laroque, Gannon",D,3,,-0.1676237821327269,-0.0400018170475879,-0.2076255991803149,-0.0692085330601049
14cbd768-52a0-a790-01c1-f5b32c569bca,"Maniscalco, Josh",D,1,,0.0092055613879684,-0.0784140944480735,-0.0692085330601051,-0.0692085330601051
1f7fddd9-cf04-94b7-10e3-373f797b0312,"Bloom, Josh",LW,3,,-0.1178712397562194,-0.0897543594240959,-0.2076255991803153,-0.0692085330601051
fb268d9a-085f-1487-8266-3acbb791df3c,"Supryka, Cameron",D,1,,-0.0498252724523896,-0.0193832606077155,-0.0692085330601051,-0.0692085330601051
ea896038-126c-6362-5259-0d35a0512227,"Harpur, Chris",D,3,,-0.0491372808562586,-0.1584883183240568,-0.2076255991803154,-0.0692085330601051
1626a981-83e3-5292-c345-a374053dc548,"Profaca, Luka",D,2,,-0.0673532361617857,-0.0710638299584246,-0.1384170661202103,-0.0692085330601051
695f117e-849a-d6fb-56be-a783203f4822,"Pettersson, Elias",D,1,,-0.0492085327620859,-0.0200000002980192,-0.0692085330601052,-0.0692085330601052
f7107d0e-ef1a-26eb-a93d-bb7de5f12ca1,"Klee, Mason",D,1,,-0.0147213523502772,-0.0544871807098279,-0.0692085330601052,-0.0692085330601052
7777eacd-caee-687f-c0ce-d586b80cdb31,"Pinelli, Francesco",F,3,,-0.1064717501150325,-0.1011538490652831,-0.2076255991803157,-0.0692085330601052
428c5d34-f5d8-7b61-923b-e61d6221eec1,"Matier, Jack",D,1,,-0.0425418650026688,-0.0266666680574363,-0.0692085330601052,-0.0692085330601052
6216d68a-d22f-ad77-1830-61fb2ceef304,"Rueschhoff, Austin",RW,3,,-0.1011970177041255,-0.1064285814761902,-0.2076255991803158,-0.0692085330601052
b12e14c3-38a1-6474-171c-2d44328d98f7,"Brown, Matt",F,1,,-0.0675136178027113,-0.0016949152573939,-0.0692085330601053,-0.0692085330601053
90e5f527-993f-a1ac-44b5-9fb226fa6128,"Whelan, Alex",RW,8,,-0.3119177045250556,-0.2417505599557869,-0.5536682644808425,-0.0692085330601053
6dbd5237-3b4c-0d3d-864b-318fd0e138ea,"Arcuri, Francesco",F,1,,-0.0286856566782393,-0.0405228763818659,-0.0692085330601053,-0.0692085330601053
107581db-e2c4-00ff-7acb-1e80b33f9e6f,"Walker, Nolan",C,2,,-0.0496936934522008,-0.0887233726680098,-0.1384170661202106,-0.0692085330601053
e8c62b25-fc94-0d6b-6339-037c18054011,"Smith, Konnor",D,4,,-0.1834213291269795,-0.0934128031134418,-0.2768341322404213,-0.0692085330601053
43529398-5d9b-dfbf-5964-8da03136e8e4,"Steeves, Ben",F,1,,-0.0498252724523898,-0.0193832606077155,-0.0692085330601053,-0.0692085330601053
df6a8e05-e355-a99c-b003-7560a4ba6b75,"MacKinnon, Ryan",D,4,,-0.2122717983064253,-0.064562333933996,-0.2768341322404214,-0.0692085330601053
90b75279-df8c-5e58-aeff-561d3ddb7df4,"Quercia, Matthew",LW,2,,-0.0294427047005548,-0.1089743614196559,-0.1384170661202107,-0.0692085330601053
8e5056cf-83a8-a237-0caf-4ed9b12d5aa1,"Kemp, Brett",F,6,,-0.1933214127514314,-0.2219297856092007,-0.4152511983606322,-0.0692085330601053
646aee21-0866-adfb-0044-2b0e9797eef6,"De St. Phalle, Mathieu",RW,3,,-0.0914569928990589,-0.1161686062812572,-0.2076255991803161,-0.0692085330601054
f33adef0-1ae0-5b1e-f8ff-861bfa39cf09,"Millar, Jack",D,1,,-0.0492085327620861,-0.0200000002980192,-0.0692085330601054,-0.0692085330601054
667f32e1-cd4d-c151-6661-91ca6a4c1a2b,"Smith, Ryan",RW,1,,-7.273007588160619e-05,-0.0691358029842238,-0.0692085330601054,-0.0692085330601054
9b6a5161-1158-73e7-5466-3b7777ed3fdd,"Niemela, Topi",D,3,,-0.0911934427665459,-0.1164321564137702,-0.2076255991803162,-0.0692085330601054
d911dcc4-447c-8f68-c2b9-3d9d5be03c88,"Senden, Mark",C,4,,-0.0581433429357917,-0.2186907893046298,-0.2768341322404216,-0.0692085330601054
dd4fbde3-ce22-48e4-f9c3-294a3853c62e,"Ovchinnikov, Dmitry",F,1,,-0.0036085312481373,-0.065600001811968,-0.0692085330601054,-0.0692085330601054
be222f66-bfbb-c80f-bc43-681942116c84,"Gaudet, Marc-Andre",D,1,,-0.0588992548401692,-0.0103092782199362,-0.0692085330601054,-0.0692085330601054
73f06420-5218-b4b0-24ff-89cac49b0640,"Suthers, Keenan",F,1,,-0.0036085312481373,-0.065600001811968,-0.0692085330601054,-0.0692085330601054
c53b4e4b-a765-f0f4-8d71-2f91dab18d60,"Costantini, Anthony",D,1,,-0.0588992548401692,-0.0103092782199362,-0.0692085330601054,-0.0692085330601054
dbbae946-8f04-1674-1477-e384d02e344c,"Laaouan, Noah",D,1,,-0.0514307548518532,-0.0177777782082522,-0.0692085330601054,-0.0692085330601054
73698e97-bdfb-0da0-c238-680315e73d71,"Brickey, Scooter",D,1,,-0.062014288198504,-0.0071942448616013,-0.0692085330601054,-0.0692085330601054
72f57d8b-f777-4c6e-65a8-d286a9fb5684,"Gourley, Jarrod",D,1,,-0.0366503929014586,-0.0325581401586467,-0.0692085330601054,-0.0692085330601054
f9a7d1ed-389b-12c2-9eaf-5265b329406b,"Young, Colton",F,1,,-0.0366503929014586,-0.0325581401586467,-0.0692085330601054,-0.0692085330601054
7ec37cf1-8c7b-2297-4f37-342ce98affbc,"Crnkovic, Kyle",LW,1,,-0.0588992548401692,-0.0103092782199362,-0.0692085330601054,-0.0692085330601054
27281544-ba73-12b1-7101-bca8c999f508,"Viro, Eemil",D,2,,-0.1177985096803384,-0.0206185564398724,-0.1384170661202109,-0.0692085330601054
8dad4f86-9253-e133-91e5-4d58aa04adc0,"Riedell, William",D,1,,-0.0588992548401692,-0.0103092782199362,-0.0692085330601054,-0.0692085330601054
6e9ff9d1-cabb-e3bd-a1a2-2579edc26bd6,"Duke, Dylan",LW,2,,0.0184111227759368,-0.1568281888961477,-0.1384170661202109,-0.0692085330601054
10dc6160-92cb-46e1-6a03-5ad027bace99,"Guryev, Artem",D,3,,-0.1766977645205077,-0.0309278346598086,-0.2076255991803163,-0.0692085330601054
e819a25f-f0e3-332d-746e-9ea41cecac2e,"Jefferies, Alex",F,2,,-0.1177985096803384,-0.0206185564398724,-0.1384170661202109,-0.0692085330601054
ed09ce67-db31-3984-218e-3dc1a7b3d341,"Finnie, Emmitt",C,1,,-0.0588992548401692,-0.0103092782199362,-0.0692085330601054,-0.0692085330601054
8d434c78-29c6-c070-25df-62d63555ae45,"Parker-Jones, John",F,1,,-0.0588992548401692,-0.0103092782199362,-0.0692085330601054,-0.0692085330601054
4668053a-dbbc-9e0b-5510-71a303a7902d,"Mazur, Carter",RW,1,,-0.0588992548401692,-0.0103092782199362,-0.0692085330601054,-0.0692085330601054
40a1ae61-e5e0-fe0d-be00-47040f3be4d1,"Mitchell, Travis",D,1,,-0.0514307548518532,-0.0177777782082522,-0.0692085330601054,-0.0692085330601054
be9b1963-d3f6-e521-244e-9c4efcb1c08e,"Dickinson, Tanner",C,2,,0.0377746989497149,-0.1761917650699263,-0.1384170661202113,-0.0692085330601056
0725a387-2958-6d8a-f640-b08ff23a6fdf,"Dureau, Jaydon",LW,1,,0.0527772838954361,-0.1219858169555418,-0.0692085330601057,-0.0692085330601057
9d5f9778-e77b-d632-be6a-b05e1df07de4,"Inamoto, Tyler",D,18,36.0,-0.290900221462204,-0.9659537137641264,-1.2568539352263304,-0.069825218623685
d72a16dc-181f-faa5-1565-271868e3c332,"Brunet, Frederic",D,9,,-0.0090504954104466,-0.6311284353955278,-0.6401789308059744,-0.0711309923117749
07b9d16f-b1ac-d33d-ef04-aef2855f5bf7,"Conley, Kevin",F,5,,-0.2766706613383335,-0.0866741372272192,-0.3633447985655527,-0.0726689597131105
8c0ebec8-d71e-d044-0d5d-0bbc79aa9155,"MacDonald, Jacob",D,7,11.0,-0.0911277062087552,-0.4387707990617154,-0.5298985052704707,-0.0756997864672101
ba2bb7e1-15a0-1473-7e9a-f985226ddac1,"Corcoran, Connor",D,8,10.0,-0.2265938441295078,-0.3806193501260256,-0.6072131942555334,-0.0759016492819416
215a194a-b8e9-1d59-61df-608bca39f7fa,"Carroll, Noah",D,6,22.0,0.0199590761967996,-0.4841370891555659,-0.4641780129587663,-0.0773630021597943
fe50cf98-a6c5-0980-85f5-fe90182dd9b9,"Hamaliuk, Dillon",LW,5,21.0,-0.0154120918946292,-0.4099878485558467,-0.425399940450476,-0.0850799880900952
b770efaf-d9ec-59df-5158-062712cdcc46,"Lipinski, Jaden",C,1,,-0.0736240685502115,-0.0128865977749202,-0.0865106663251318,-0.0865106663251318
f07cff63-8908-2719-267d-58273e85203a,"Spence, Jordan",D,4,4.0,-0.1636560053684252,-0.2093304727675015,-0.3729864781359268,-0.0932466195339817
dab54890-f20a-0b2f-181d-e88083848dd4,"Malone, Jack",F,11,33.0,-0.6519581627700508,-0.5992159075988264,-1.2511740703688772,-0.1137430973062615
61cf0567-90c5-3e07-99d9-8b08b22c623d,"Walford, Scott",D,2,5.0,-0.0851132508388148,-0.2282961520347019,-0.3134094028735167,-0.1567047014367583
